,date,month,year,instruments,volume
120,2018-01-01,1,2018,Asset-Backed Securities_All,0
84,2018-01-01,1,2018,Corporate Bonds_Over 10 years,1489
72,2018-01-01,1,2018,Corporate Bonds_Under 10 years,33221
36,2018-01-01,1,2018,Federal Crown Corporation Bonds_All,219620
144,2018-01-01,1,2018,Government of Canada Bonds_All,1199
108,2018-01-01,1,2018,Mortgage Backed Securities_All,30373
96,2018-01-01,1,2018,Municipal Bonds_All,724
132,2018-01-01,1,2018,Other Domestic Bonds_All,390
168,2018-01-01,1,2018,Other_All,2081
156,2018-01-01,1,2018,Provincial Bonds_All,7325
60,2018-01-01,1,2018,Provincial Bonds_Over 10 years,75066
48,2018-01-01,1,2018,Provincial Bonds_Under 10 years,203561
0,2018-01-01,1,2018,The Month_3-10 years,700671
12,2018-01-01,1,2018,The Month_Over 10 years,182886
24,2018-01-01,1,2018,The Month_Real Return Bonds,70124
121,2018-02-01,2,2018,Asset-Backed Securities_All,0
85,2018-02-01,2,2018,Corporate Bonds_Over 10 years,843
73,2018-02-01,2,2018,Corporate Bonds_Under 10 years,25208
37,2018-02-01,2,2018,Federal Crown Corporation Bonds_All,157614
145,2018-02-01,2,2018,Government of Canada Bonds_All,578
109,2018-02-01,2,2018,Mortgage Backed Securities_All,32149
97,2018-02-01,2,2018,Municipal Bonds_All,1247
133,2018-02-01,2,2018,Other Domestic Bonds_All,996
169,2018-02-01,2,2018,Other_All,1303
157,2018-02-01,2,2018,Provincial Bonds_All,4258
61,2018-02-01,2,2018,Provincial Bonds_Over 10 years,67253
49,2018-02-01,2,2018,Provincial Bonds_Under 10 years,151324
1,2018-02-01,2,2018,The Month_3-10 years,652981
13,2018-02-01,2,2018,The Month_Over 10 years,157302
25,2018-02-01,2,2018,The Month_Real Return Bonds,57871
122,2018-03-01,3,2018,Asset-Backed Securities_All,0
86,2018-03-01,3,2018,Corporate Bonds_Over 10 years,1317
74,2018-03-01,3,2018,Corporate Bonds_Under 10 years,29567
38,2018-03-01,3,2018,Federal Crown Corporation Bonds_All,183978
146,2018-03-01,3,2018,Government of Canada Bonds_All,440
110,2018-03-01,3,2018,Mortgage Backed Securities_All,16168
98,2018-03-01,3,2018,Municipal Bonds_All,1634
134,2018-03-01,3,2018,Other Domestic Bonds_All,701
170,2018-03-01,3,2018,Other_All,4956
158,2018-03-01,3,2018,Provincial Bonds_All,9150
62,2018-03-01,3,2018,Provincial Bonds_Over 10 years,73530
50,2018-03-01,3,2018,Provincial Bonds_Under 10 years,192559
2,2018-03-01,3,2018,The Month_3-10 years,641471
14,2018-03-01,3,2018,The Month_Over 10 years,182064
26,2018-03-01,3,2018,The Month_Real Return Bonds,56317
123,2018-04-01,4,2018,Asset-Backed Securities_All,17
87,2018-04-01,4,2018,Corporate Bonds_Over 10 years,1128
75,2018-04-01,4,2018,Corporate Bonds_Under 10 years,33218
39,2018-04-01,4,2018,Federal Crown Corporation Bonds_All,190949
147,2018-04-01,4,2018,Government of Canada Bonds_All,2193
111,2018-04-01,4,2018,Mortgage Backed Securities_All,15525
99,2018-04-01,4,2018,Municipal Bonds_All,1340
135,2018-04-01,4,2018,Other Domestic Bonds_All,1541
171,2018-04-01,4,2018,Other_All,1367
159,2018-04-01,4,2018,Provincial Bonds_All,2147
63,2018-04-01,4,2018,Provincial Bonds_Over 10 years,82287
51,2018-04-01,4,2018,Provincial Bonds_Under 10 years,161577
3,2018-04-01,4,2018,The Month_3-10 years,580843
15,2018-04-01,4,2018,The Month_Over 10 years,161000
27,2018-04-01,4,2018,The Month_Real Return Bonds,54320
124,2018-05-01,5,2018,Asset-Backed Securities_All,17
88,2018-05-01,5,2018,Corporate Bonds_Over 10 years,1261
76,2018-05-01,5,2018,Corporate Bonds_Under 10 years,30735
40,2018-05-01,5,2018,Federal Crown Corporation Bonds_All,181194
148,2018-05-01,5,2018,Government of Canada Bonds_All,6775
112,2018-05-01,5,2018,Mortgage Backed Securities_All,12347
100,2018-05-01,5,2018,Municipal Bonds_All,1866
136,2018-05-01,5,2018,Other Domestic Bonds_All,1487
172,2018-05-01,5,2018,Other_All,2896
160,2018-05-01,5,2018,Provincial Bonds_All,7310
64,2018-05-01,5,2018,Provincial Bonds_Over 10 years,92056
52,2018-05-01,5,2018,Provincial Bonds_Under 10 years,191229
4,2018-05-01,5,2018,The Month_3-10 years,635299
16,2018-05-01,5,2018,The Month_Over 10 years,221547
28,2018-05-01,5,2018,The Month_Real Return Bonds,50762
125,2018-06-01,6,2018,Asset-Backed Securities_All,34
89,2018-06-01,6,2018,Corporate Bonds_Over 10 years,1700
77,2018-06-01,6,2018,Corporate Bonds_Under 10 years,30529
41,2018-06-01,6,2018,Federal Crown Corporation Bonds_All,195726
149,2018-06-01,6,2018,Government of Canada Bonds_All,1504
113,2018-06-01,6,2018,Mortgage Backed Securities_All,12352
101,2018-06-01,6,2018,Municipal Bonds_All,2901
137,2018-06-01,6,2018,Other Domestic Bonds_All,1687
173,2018-06-01,6,2018,Other_All,2577
161,2018-06-01,6,2018,Provincial Bonds_All,4176
65,2018-06-01,6,2018,Provincial Bonds_Over 10 years,72269
53,2018-06-01,6,2018,Provincial Bonds_Under 10 years,194081
5,2018-06-01,6,2018,The Month_3-10 years,632726
17,2018-06-01,6,2018,The Month_Over 10 years,136674
29,2018-06-01,6,2018,The Month_Real Return Bonds,55974
126,2018-07-01,7,2018,Asset-Backed Securities_All,0
90,2018-07-01,7,2018,Corporate Bonds_Over 10 years,2452
78,2018-07-01,7,2018,Corporate Bonds_Under 10 years,42442
42,2018-07-01,7,2018,Federal Crown Corporation Bonds_All,221342
150,2018-07-01,7,2018,Government of Canada Bonds_All,364
114,2018-07-01,7,2018,Mortgage Backed Securities_All,10987
102,2018-07-01,7,2018,Municipal Bonds_All,1420
138,2018-07-01,7,2018,Other Domestic Bonds_All,2106
174,2018-07-01,7,2018,Other_All,2366
162,2018-07-01,7,2018,Provincial Bonds_All,5430
66,2018-07-01,7,2018,Provincial Bonds_Over 10 years,91989
54,2018-07-01,7,2018,Provincial Bonds_Under 10 years,222184
6,2018-07-01,7,2018,The Month_3-10 years,610724
18,2018-07-01,7,2018,The Month_Over 10 years,139986
30,2018-07-01,7,2018,The Month_Real Return Bonds,63715
127,2018-08-01,8,2018,Asset-Backed Securities_All,17
91,2018-08-01,8,2018,Corporate Bonds_Over 10 years,1243
79,2018-08-01,8,2018,Corporate Bonds_Under 10 years,30457
43,2018-08-01,8,2018,Federal Crown Corporation Bonds_All,246840
151,2018-08-01,8,2018,Government of Canada Bonds_All,490
115,2018-08-01,8,2018,Mortgage Backed Securities_All,16884
103,2018-08-01,8,2018,Municipal Bonds_All,1769
139,2018-08-01,8,2018,Other Domestic Bonds_All,2641
175,2018-08-01,8,2018,Other_All,2599
163,2018-08-01,8,2018,Provincial Bonds_All,7515
67,2018-08-01,8,2018,Provincial Bonds_Over 10 years,95810
55,2018-08-01,8,2018,Provincial Bonds_Under 10 years,213960
7,2018-08-01,8,2018,The Month_3-10 years,780753
19,2018-08-01,8,2018,The Month_Over 10 years,199462
31,2018-08-01,8,2018,The Month_Real Return Bonds,62146
128,2018-09-01,9,2018,Asset-Backed Securities_All,17
92,2018-09-01,9,2018,Corporate Bonds_Over 10 years,2273
80,2018-09-01,9,2018,Corporate Bonds_Under 10 years,25966
44,2018-09-01,9,2018,Federal Crown Corporation Bonds_All,276629
152,2018-09-01,9,2018,Government of Canada Bonds_All,25
116,2018-09-01,9,2018,Mortgage Backed Securities_All,15857
104,2018-09-01,9,2018,Municipal Bonds_All,1635
140,2018-09-01,9,2018,Other Domestic Bonds_All,1236
176,2018-09-01,9,2018,Other_All,4311
164,2018-09-01,9,2018,Provincial Bonds_All,9353
68,2018-09-01,9,2018,Provincial Bonds_Over 10 years,97023
56,2018-09-01,9,2018,Provincial Bonds_Under 10 years,205266
8,2018-09-01,9,2018,The Month_3-10 years,651170
20,2018-09-01,9,2018,The Month_Over 10 years,170621
32,2018-09-01,9,2018,The Month_Real Return Bonds,65244
129,2018-10-01,10,2018,Asset-Backed Securities_All,17
93,2018-10-01,10,2018,Corporate Bonds_Over 10 years,2274
81,2018-10-01,10,2018,Corporate Bonds_Under 10 years,27938
45,2018-10-01,10,2018,Federal Crown Corporation Bonds_All,273678
153,2018-10-01,10,2018,Government of Canada Bonds_All,118
117,2018-10-01,10,2018,Mortgage Backed Securities_All,16670
105,2018-10-01,10,2018,Municipal Bonds_All,3147
141,2018-10-01,10,2018,Other Domestic Bonds_All,1130
177,2018-10-01,10,2018,Other_All,8534
165,2018-10-01,10,2018,Provincial Bonds_All,7800
69,2018-10-01,10,2018,Provincial Bonds_Over 10 years,107790
57,2018-10-01,10,2018,Provincial Bonds_Under 10 years,250259
9,2018-10-01,10,2018,The Month_3-10 years,720605
21,2018-10-01,10,2018,The Month_Over 10 years,270957
33,2018-10-01,10,2018,The Month_Real Return Bonds,85716
130,2018-11-01,11,2018,Asset-Backed Securities_All,17
94,2018-11-01,11,2018,Corporate Bonds_Over 10 years,2965
82,2018-11-01,11,2018,Corporate Bonds_Under 10 years,36554
46,2018-11-01,11,2018,Federal Crown Corporation Bonds_All,221567
154,2018-11-01,11,2018,Government of Canada Bonds_All,30
118,2018-11-01,11,2018,Mortgage Backed Securities_All,17771
106,2018-11-01,11,2018,Municipal Bonds_All,2649
142,2018-11-01,11,2018,Other Domestic Bonds_All,1122
178,2018-11-01,11,2018,Other_All,3754
166,2018-11-01,11,2018,Provincial Bonds_All,9777
70,2018-11-01,11,2018,Provincial Bonds_Over 10 years,124459
58,2018-11-01,11,2018,Provincial Bonds_Under 10 years,263620
10,2018-11-01,11,2018,The Month_3-10 years,656791
22,2018-11-01,11,2018,The Month_Over 10 years,222247
34,2018-11-01,11,2018,The Month_Real Return Bonds,73761
131,2018-12-01,12,2018,Asset-Backed Securities_All,66
95,2018-12-01,12,2018,Corporate Bonds_Over 10 years,2044
83,2018-12-01,12,2018,Corporate Bonds_Under 10 years,33444
47,2018-12-01,12,2018,Federal Crown Corporation Bonds_All,250673
155,2018-12-01,12,2018,Government of Canada Bonds_All,16
119,2018-12-01,12,2018,Mortgage Backed Securities_All,13026
107,2018-12-01,12,2018,Municipal Bonds_All,2277
143,2018-12-01,12,2018,Other Domestic Bonds_All,1134
179,2018-12-01,12,2018,Other_All,2482
167,2018-12-01,12,2018,Provincial Bonds_All,9104
71,2018-12-01,12,2018,Provincial Bonds_Over 10 years,137744
59,2018-12-01,12,2018,Provincial Bonds_Under 10 years,252610
11,2018-12-01,12,2018,The Month_3-10 years,583984
23,2018-12-01,12,2018,The Month_Over 10 years,223550
35,2018-12-01,12,2018,The Month_Real Return Bonds,78982
120,2019-01-01,1,2019,Asset-Backed Securities_All,17
84,2019-01-01,1,2019,Corporate Bonds_Over 10 years,806
72,2019-01-01,1,2019,Corporate Bonds_Under 10 years,42099
36,2019-01-01,1,2019,Federal Crown Corporation Bonds_All,301584
144,2019-01-01,1,2019,Government of Canada Bonds_All,320
108,2019-01-01,1,2019,Mortgage Backed Securities_All,13144
96,2019-01-01,1,2019,Municipal Bonds_All,2285
132,2019-01-01,1,2019,Other Domestic Bonds_All,659
168,2019-01-01,1,2019,Other_All,2912
156,2019-01-01,1,2019,Provincial Bonds_All,16133
60,2019-01-01,1,2019,Provincial Bonds_Over 10 years,179574
48,2019-01-01,1,2019,Provincial Bonds_Under 10 years,265900
0,2019-01-01,1,2019,The Month_3-10 years,768034
12,2019-01-01,1,2019,The Month_Over 10 years,229971
24,2019-01-01,1,2019,The Month_Real Return Bonds,78678
121,2019-02-01,2,2019,Asset-Backed Securities_All,17
85,2019-02-01,2,2019,Corporate Bonds_Over 10 years,216
73,2019-02-01,2,2019,Corporate Bonds_Under 10 years,44341
37,2019-02-01,2,2019,Federal Crown Corporation Bonds_All,214305
145,2019-02-01,2,2019,Government of Canada Bonds_All,92
109,2019-02-01,2,2019,Mortgage Backed Securities_All,13785
97,2019-02-01,2,2019,Municipal Bonds_All,1580
133,2019-02-01,2,2019,Other Domestic Bonds_All,1208
169,2019-02-01,2,2019,Other_All,2555
157,2019-02-01,2,2019,Provincial Bonds_All,14423
61,2019-02-01,2,2019,Provincial Bonds_Over 10 years,159424
49,2019-02-01,2,2019,Provincial Bonds_Under 10 years,235285
1,2019-02-01,2,2019,The Month_3-10 years,666256
13,2019-02-01,2,2019,The Month_Over 10 years,212306
25,2019-02-01,2,2019,The Month_Real Return Bonds,68600
122,2019-03-01,3,2019,Asset-Backed Securities_All,21
86,2019-03-01,3,2019,Corporate Bonds_Over 10 years,275
74,2019-03-01,3,2019,Corporate Bonds_Under 10 years,51037
38,2019-03-01,3,2019,Federal Crown Corporation Bonds_All,219548
146,2019-03-01,3,2019,Government of Canada Bonds_All,2
110,2019-03-01,3,2019,Mortgage Backed Securities_All,11301
98,2019-03-01,3,2019,Municipal Bonds_All,1256
134,2019-03-01,3,2019,Other Domestic Bonds_All,679
170,2019-03-01,3,2019,Other_All,2585
158,2019-03-01,3,2019,Provincial Bonds_All,11349
62,2019-03-01,3,2019,Provincial Bonds_Over 10 years,152571
50,2019-03-01,3,2019,Provincial Bonds_Under 10 years,247465
2,2019-03-01,3,2019,The Month_3-10 years,719402
14,2019-03-01,3,2019,The Month_Over 10 years,215402
26,2019-03-01,3,2019,The Month_Real Return Bonds,100904
123,2019-04-01,4,2019,Asset-Backed Securities_All,44
87,2019-04-01,4,2019,Corporate Bonds_Over 10 years,455
75,2019-04-01,4,2019,Corporate Bonds_Under 10 years,43372
39,2019-04-01,4,2019,Federal Crown Corporation Bonds_All,260540
147,2019-04-01,4,2019,Government of Canada Bonds_All,176
111,2019-04-01,4,2019,Mortgage Backed Securities_All,23047
99,2019-04-01,4,2019,Municipal Bonds_All,700
135,2019-04-01,4,2019,Other Domestic Bonds_All,136
171,2019-04-01,4,2019,Other_All,2507
159,2019-04-01,4,2019,Provincial Bonds_All,20783
63,2019-04-01,4,2019,Provincial Bonds_Over 10 years,155063
51,2019-04-01,4,2019,Provincial Bonds_Under 10 years,235794
3,2019-04-01,4,2019,The Month_3-10 years,750943
15,2019-04-01,4,2019,The Month_Over 10 years,256690
27,2019-04-01,4,2019,The Month_Real Return Bonds,96745
124,2019-05-01,5,2019,Asset-Backed Securities_All,24
88,2019-05-01,5,2019,Corporate Bonds_Over 10 years,286
76,2019-05-01,5,2019,Corporate Bonds_Under 10 years,14237
40,2019-05-01,5,2019,Federal Crown Corporation Bonds_All,298037
148,2019-05-01,5,2019,Government of Canada Bonds_All,75
112,2019-05-01,5,2019,Mortgage Backed Securities_All,14007
100,2019-05-01,5,2019,Municipal Bonds_All,1354
136,2019-05-01,5,2019,Other Domestic Bonds_All,189
172,2019-05-01,5,2019,Other_All,4478
160,2019-05-01,5,2019,Provincial Bonds_All,16477
64,2019-05-01,5,2019,Provincial Bonds_Over 10 years,132740
52,2019-05-01,5,2019,Provincial Bonds_Under 10 years,214960
4,2019-05-01,5,2019,The Month_3-10 years,897426
16,2019-05-01,5,2019,The Month_Over 10 years,333450
28,2019-05-01,5,2019,The Month_Real Return Bonds,110250
125,2019-06-01,6,2019,Asset-Backed Securities_All,7
89,2019-06-01,6,2019,Corporate Bonds_Over 10 years,341
77,2019-06-01,6,2019,Corporate Bonds_Under 10 years,13690
41,2019-06-01,6,2019,Federal Crown Corporation Bonds_All,253690
149,2019-06-01,6,2019,Government of Canada Bonds_All,5
113,2019-06-01,6,2019,Mortgage Backed Securities_All,13520
101,2019-06-01,6,2019,Municipal Bonds_All,2053
137,2019-06-01,6,2019,Other Domestic Bonds_All,91
173,2019-06-01,6,2019,Other_All,4560
161,2019-06-01,6,2019,Provincial Bonds_All,15261
65,2019-06-01,6,2019,Provincial Bonds_Over 10 years,174474
53,2019-06-01,6,2019,Provincial Bonds_Under 10 years,214202
5,2019-06-01,6,2019,The Month_3-10 years,812010
17,2019-06-01,6,2019,The Month_Over 10 years,185968
29,2019-06-01,6,2019,The Month_Real Return Bonds,110093
126,2019-07-01,7,2019,Asset-Backed Securities_All,24
90,2019-07-01,7,2019,Corporate Bonds_Over 10 years,282
78,2019-07-01,7,2019,Corporate Bonds_Under 10 years,15797
42,2019-07-01,7,2019,Federal Crown Corporation Bonds_All,272435
150,2019-07-01,7,2019,Government of Canada Bonds_All,161
114,2019-07-01,7,2019,Mortgage Backed Securities_All,17482
102,2019-07-01,7,2019,Municipal Bonds_All,2384
138,2019-07-01,7,2019,Other Domestic Bonds_All,37
174,2019-07-01,7,2019,Other_All,6801
162,2019-07-01,7,2019,Provincial Bonds_All,21645
66,2019-07-01,7,2019,Provincial Bonds_Over 10 years,167957
54,2019-07-01,7,2019,Provincial Bonds_Under 10 years,234430
6,2019-07-01,7,2019,The Month_3-10 years,838288
18,2019-07-01,7,2019,The Month_Over 10 years,220495
30,2019-07-01,7,2019,The Month_Real Return Bonds,97245
127,2019-08-01,8,2019,Asset-Backed Securities_All,17
91,2019-08-01,8,2019,Corporate Bonds_Over 10 years,327
79,2019-08-01,8,2019,Corporate Bonds_Under 10 years,13178
43,2019-08-01,8,2019,Federal Crown Corporation Bonds_All,267943
151,2019-08-01,8,2019,Government of Canada Bonds_All,52
115,2019-08-01,8,2019,Mortgage Backed Securities_All,23688
103,2019-08-01,8,2019,Municipal Bonds_All,1334
139,2019-08-01,8,2019,Other Domestic Bonds_All,59
175,2019-08-01,8,2019,Other_All,6726
163,2019-08-01,8,2019,Provincial Bonds_All,20588
67,2019-08-01,8,2019,Provincial Bonds_Over 10 years,145598
55,2019-08-01,8,2019,Provincial Bonds_Under 10 years,202786
7,2019-08-01,8,2019,The Month_3-10 years,711189
19,2019-08-01,8,2019,The Month_Over 10 years,229812
31,2019-08-01,8,2019,The Month_Real Return Bonds,82339
128,2019-09-01,9,2019,Asset-Backed Securities_All,17
92,2019-09-01,9,2019,Corporate Bonds_Over 10 years,193
80,2019-09-01,9,2019,Corporate Bonds_Under 10 years,12144
44,2019-09-01,9,2019,Federal Crown Corporation Bonds_All,233081
152,2019-09-01,9,2019,Government of Canada Bonds_All,87
116,2019-09-01,9,2019,Mortgage Backed Securities_All,14824
104,2019-09-01,9,2019,Municipal Bonds_All,2367
140,2019-09-01,9,2019,Other Domestic Bonds_All,34
176,2019-09-01,9,2019,Other_All,7468
164,2019-09-01,9,2019,Provincial Bonds_All,17984
68,2019-09-01,9,2019,Provincial Bonds_Over 10 years,169156
56,2019-09-01,9,2019,Provincial Bonds_Under 10 years,213276
8,2019-09-01,9,2019,The Month_3-10 years,601896
20,2019-09-01,9,2019,The Month_Over 10 years,206527
32,2019-09-01,9,2019,The Month_Real Return Bonds,119370
129,2019-10-01,10,2019,Asset-Backed Securities_All,25
93,2019-10-01,10,2019,Corporate Bonds_Over 10 years,350
81,2019-10-01,10,2019,Corporate Bonds_Under 10 years,11413
45,2019-10-01,10,2019,Federal Crown Corporation Bonds_All,257574
153,2019-10-01,10,2019,Government of Canada Bonds_All,113
117,2019-10-01,10,2019,Mortgage Backed Securities_All,23893
105,2019-10-01,10,2019,Municipal Bonds_All,2556
141,2019-10-01,10,2019,Other Domestic Bonds_All,32
177,2019-10-01,10,2019,Other_All,5987
165,2019-10-01,10,2019,Provincial Bonds_All,18251
69,2019-10-01,10,2019,Provincial Bonds_Over 10 years,180947
57,2019-10-01,10,2019,Provincial Bonds_Under 10 years,220721
9,2019-10-01,10,2019,The Month_3-10 years,619621
21,2019-10-01,10,2019,The Month_Over 10 years,249652
33,2019-10-01,10,2019,The Month_Real Return Bonds,121518
130,2019-11-01,11,2019,Asset-Backed Securities_All,54
94,2019-11-01,11,2019,Corporate Bonds_Over 10 years,223
82,2019-11-01,11,2019,Corporate Bonds_Under 10 years,9940
46,2019-11-01,11,2019,Federal Crown Corporation Bonds_All,308897
154,2019-11-01,11,2019,Government of Canada Bonds_All,76
118,2019-11-01,11,2019,Mortgage Backed Securities_All,25485
106,2019-11-01,11,2019,Municipal Bonds_All,2309
142,2019-11-01,11,2019,Other Domestic Bonds_All,168
178,2019-11-01,11,2019,Other_All,4396
166,2019-11-01,11,2019,Provincial Bonds_All,19034
70,2019-11-01,11,2019,Provincial Bonds_Over 10 years,182719
58,2019-11-01,11,2019,Provincial Bonds_Under 10 years,233035
10,2019-11-01,11,2019,The Month_3-10 years,695938
22,2019-11-01,11,2019,The Month_Over 10 years,240741
34,2019-11-01,11,2019,The Month_Real Return Bonds,108026
131,2019-12-01,12,2019,Asset-Backed Securities_All,21
95,2019-12-01,12,2019,Corporate Bonds_Over 10 years,830
83,2019-12-01,12,2019,Corporate Bonds_Under 10 years,10565
47,2019-12-01,12,2019,Federal Crown Corporation Bonds_All,347749
155,2019-12-01,12,2019,Government of Canada Bonds_All,32
119,2019-12-01,12,2019,Mortgage Backed Securities_All,28726
107,2019-12-01,12,2019,Municipal Bonds_All,1015
143,2019-12-01,12,2019,Other Domestic Bonds_All,9
179,2019-12-01,12,2019,Other_All,4057
167,2019-12-01,12,2019,Provincial Bonds_All,20968
71,2019-12-01,12,2019,Provincial Bonds_Over 10 years,175575
59,2019-12-01,12,2019,Provincial Bonds_Under 10 years,228326
11,2019-12-01,12,2019,The Month_3-10 years,641359
23,2019-12-01,12,2019,The Month_Over 10 years,262173
35,2019-12-01,12,2019,The Month_Real Return Bonds,174102
180,2020-01-01,1,2020,Asset-Backed Securities_All,17.74
132,2020-01-01,1,2020,Corporate Bonds_3-10 years,6039.169631
144,2020-01-01,1,2020,Corporate Bonds_Over 10 years,1206.175705
120,2020-01-01,1,2020,Corporate Bonds_Under 3 years,6035.802015
60,2020-01-01,1,2020,Federal Crown Corporation Bonds_3-10 years,118616.126101
72,2020-01-01,1,2020,Federal Crown Corporation Bonds_Over 10 years,1661.272
48,2020-01-01,1,2020,Federal Crown Corporation Bonds_Under 3 years,204843.061768
12,2020-01-01,1,2020,Government of Canada Bonds_3-10 years,848475.423693
204,2020-01-01,1,2020,Government of Canada Bonds_All,130.2015
24,2020-01-01,1,2020,Government of Canada Bonds_Over 10 years,332842.143377
36,2020-01-01,1,2020,Government of Canada Bonds_Real Return Bonds,143361.790345
0,2020-01-01,1,2020,Government of Canada Bonds_Under 3 years,736045.072124
168,2020-01-01,1,2020,Mortgage Backed Securities_All,26572.979793
156,2020-01-01,1,2020,Municipal Bonds_All,1500.559408
192,2020-01-01,1,2020,Other Domestic Bonds_All,100.416423
228,2020-01-01,1,2020,Other_All,3396.079656
96,2020-01-01,1,2020,Provincial Bonds_3-10 years,166012.836679
216,2020-01-01,1,2020,Provincial Bonds_All,11082.174638
108,2020-01-01,1,2020,Provincial Bonds_Over 10 years,124782.117134
84,2020-01-01,1,2020,Provincial Bonds_Under 3 years,64658.322
181,2020-02-01,2,2020,Asset-Backed Securities_All,135.048
133,2020-02-01,2,2020,Corporate Bonds_3-10 years,8614.356812
145,2020-02-01,2,2020,Corporate Bonds_Over 10 years,478.04095
121,2020-02-01,2,2020,Corporate Bonds_Under 3 years,7749.149539
61,2020-02-01,2,2020,Federal Crown Corporation Bonds_3-10 years,115180.315652
73,2020-02-01,2,2020,Federal Crown Corporation Bonds_Over 10 years,3512.885
49,2020-02-01,2,2020,Federal Crown Corporation Bonds_Under 3 years,168748.852504
13,2020-02-01,2,2020,Government of Canada Bonds_3-10 years,894098.73774
205,2020-02-01,2,2020,Government of Canada Bonds_All,12.5
25,2020-02-01,2,2020,Government of Canada Bonds_Over 10 years,286900.856182
37,2020-02-01,2,2020,Government of Canada Bonds_Real Return Bonds,163091.287358
1,2020-02-01,2,2020,Government of Canada Bonds_Under 3 years,598845.258346
169,2020-02-01,2,2020,Mortgage Backed Securities_All,42984.513502
157,2020-02-01,2,2020,Municipal Bonds_All,1007.77
193,2020-02-01,2,2020,Other Domestic Bonds_All,41.731613
229,2020-02-01,2,2020,Other_All,4439.654468
97,2020-02-01,2,2020,Provincial Bonds_3-10 years,180320.05366
217,2020-02-01,2,2020,Provincial Bonds_All,16529.171064
109,2020-02-01,2,2020,Provincial Bonds_Over 10 years,142849.711529
85,2020-02-01,2,2020,Provincial Bonds_Under 3 years,72748.00201
182,2020-03-01,3,2020,Asset-Backed Securities_All,196.56
134,2020-03-01,3,2020,Corporate Bonds_3-10 years,14108.252707
146,2020-03-01,3,2020,Corporate Bonds_Over 10 years,752.096
122,2020-03-01,3,2020,Corporate Bonds_Under 3 years,23784.698888
62,2020-03-01,3,2020,Federal Crown Corporation Bonds_3-10 years,195514.410843
74,2020-03-01,3,2020,Federal Crown Corporation Bonds_Over 10 years,15916.8095
50,2020-03-01,3,2020,Federal Crown Corporation Bonds_Under 3 years,202454.396451
14,2020-03-01,3,2020,Government of Canada Bonds_3-10 years,1105875.416941
206,2020-03-01,3,2020,Government of Canada Bonds_All,79.175
26,2020-03-01,3,2020,Government of Canada Bonds_Over 10 years,418305.969272
38,2020-03-01,3,2020,Government of Canada Bonds_Real Return Bonds,228569.282891
2,2020-03-01,3,2020,Government of Canada Bonds_Under 3 years,1088055.545736
170,2020-03-01,3,2020,Mortgage Backed Securities_All,52746.47958
158,2020-03-01,3,2020,Municipal Bonds_All,3297.874
194,2020-03-01,3,2020,Other Domestic Bonds_All,72.475472
230,2020-03-01,3,2020,Other_All,11614.53624
98,2020-03-01,3,2020,Provincial Bonds_3-10 years,291172.649585
218,2020-03-01,3,2020,Provincial Bonds_All,49313.244728
110,2020-03-01,3,2020,Provincial Bonds_Over 10 years,285078.951338
86,2020-03-01,3,2020,Provincial Bonds_Under 3 years,137328.057236
183,2020-04-01,4,2020,Asset-Backed Securities_All,85.505
135,2020-04-01,4,2020,Corporate Bonds_3-10 years,14205.544095
147,2020-04-01,4,2020,Corporate Bonds_Over 10 years,748.85805
123,2020-04-01,4,2020,Corporate Bonds_Under 3 years,44749.595281
63,2020-04-01,4,2020,Federal Crown Corporation Bonds_3-10 years,192832.367334
75,2020-04-01,4,2020,Federal Crown Corporation Bonds_Over 10 years,13854.1985
51,2020-04-01,4,2020,Federal Crown Corporation Bonds_Under 3 years,138026.095967
15,2020-04-01,4,2020,Government of Canada Bonds_3-10 years,1105146.065048
207,2020-04-01,4,2020,Government of Canada Bonds_All,754.9015
27,2020-04-01,4,2020,Government of Canada Bonds_Over 10 years,436730.170614
39,2020-04-01,4,2020,Government of Canada Bonds_Real Return Bonds,123147.834544
3,2020-04-01,4,2020,Government of Canada Bonds_Under 3 years,715841.583972
171,2020-04-01,4,2020,Mortgage Backed Securities_All,67177.532289
159,2020-04-01,4,2020,Municipal Bonds_All,5868.193
195,2020-04-01,4,2020,Other Domestic Bonds_All,382.426897
231,2020-04-01,4,2020,Other_All,10360.691178
99,2020-04-01,4,2020,Provincial Bonds_3-10 years,334187.436304
219,2020-04-01,4,2020,Provincial Bonds_All,40671.351014
111,2020-04-01,4,2020,Provincial Bonds_Over 10 years,285001.776504
87,2020-04-01,4,2020,Provincial Bonds_Under 3 years,110645.546582
184,2020-05-01,5,2020,Asset-Backed Securities_All,129.813
136,2020-05-01,5,2020,Corporate Bonds_3-10 years,13690.762394
148,2020-05-01,5,2020,Corporate Bonds_Over 10 years,663.1635
124,2020-05-01,5,2020,Corporate Bonds_Under 3 years,20856.307258
64,2020-05-01,5,2020,Federal Crown Corporation Bonds_3-10 years,154866.378955
76,2020-05-01,5,2020,Federal Crown Corporation Bonds_Over 10 years,14729.183
52,2020-05-01,5,2020,Federal Crown Corporation Bonds_Under 3 years,91107.623143
16,2020-05-01,5,2020,Government of Canada Bonds_3-10 years,962031.738856
208,2020-05-01,5,2020,Government of Canada Bonds_All,52.7
28,2020-05-01,5,2020,Government of Canada Bonds_Over 10 years,355094.859026
40,2020-05-01,5,2020,Government of Canada Bonds_Real Return Bonds,85195.31615
4,2020-05-01,5,2020,Government of Canada Bonds_Under 3 years,547021.924848
172,2020-05-01,5,2020,Mortgage Backed Securities_All,77612.314272
160,2020-05-01,5,2020,Municipal Bonds_All,4521.802
196,2020-05-01,5,2020,Other Domestic Bonds_All,574.463
232,2020-05-01,5,2020,Other_All,7668.135486
100,2020-05-01,5,2020,Provincial Bonds_3-10 years,255665.228223
220,2020-05-01,5,2020,Provincial Bonds_All,29156.271474
112,2020-05-01,5,2020,Provincial Bonds_Over 10 years,203844.302686
88,2020-05-01,5,2020,Provincial Bonds_Under 3 years,74259.682752
185,2020-06-01,6,2020,Asset-Backed Securities_All,4.9
137,2020-06-01,6,2020,Corporate Bonds_3-10 years,11318.177462
149,2020-06-01,6,2020,Corporate Bonds_Over 10 years,510.578
125,2020-06-01,6,2020,Corporate Bonds_Under 3 years,13982.891477
65,2020-06-01,6,2020,Federal Crown Corporation Bonds_3-10 years,189318.856843
77,2020-06-01,6,2020,Federal Crown Corporation Bonds_Over 10 years,6278.079
53,2020-06-01,6,2020,Federal Crown Corporation Bonds_Under 3 years,108075.056113
17,2020-06-01,6,2020,Government of Canada Bonds_3-10 years,1120447.584675
209,2020-06-01,6,2020,Government of Canada Bonds_All,202.395
29,2020-06-01,6,2020,Government of Canada Bonds_Over 10 years,189028.624045
41,2020-06-01,6,2020,Government of Canada Bonds_Real Return Bonds,74440.969338
5,2020-06-01,6,2020,Government of Canada Bonds_Under 3 years,619914.938369
173,2020-06-01,6,2020,Mortgage Backed Securities_All,57961.835784
161,2020-06-01,6,2020,Municipal Bonds_All,2862.077
197,2020-06-01,6,2020,Other Domestic Bonds_All,701.492
233,2020-06-01,6,2020,Other_All,9237.91527
101,2020-06-01,6,2020,Provincial Bonds_3-10 years,209701.681876
221,2020-06-01,6,2020,Provincial Bonds_All,29339.371161
113,2020-06-01,6,2020,Provincial Bonds_Over 10 years,223796.587664
89,2020-06-01,6,2020,Provincial Bonds_Under 3 years,64121.516766
186,2020-07-01,7,2020,Asset-Backed Securities_All,0
138,2020-07-01,7,2020,Corporate Bonds_3-10 years,10848.734376
150,2020-07-01,7,2020,Corporate Bonds_Over 10 years,588.022
126,2020-07-01,7,2020,Corporate Bonds_Under 3 years,8418.1006
66,2020-07-01,7,2020,Federal Crown Corporation Bonds_3-10 years,150831.447307
78,2020-07-01,7,2020,Federal Crown Corporation Bonds_Over 10 years,4730.335
54,2020-07-01,7,2020,Federal Crown Corporation Bonds_Under 3 years,97238.756895
18,2020-07-01,7,2020,Government of Canada Bonds_3-10 years,1054404.075821
210,2020-07-01,7,2020,Government of Canada Bonds_All,186.7015
30,2020-07-01,7,2020,Government of Canada Bonds_Over 10 years,167199.149994
42,2020-07-01,7,2020,Government of Canada Bonds_Real Return Bonds,86989.944532
6,2020-07-01,7,2020,Government of Canada Bonds_Under 3 years,524074.737606
174,2020-07-01,7,2020,Mortgage Backed Securities_All,42263.960237
162,2020-07-01,7,2020,Municipal Bonds_All,4680.354
198,2020-07-01,7,2020,Other Domestic Bonds_All,700.185
234,2020-07-01,7,2020,Other_All,9212.726486
102,2020-07-01,7,2020,Provincial Bonds_3-10 years,178910.36903
222,2020-07-01,7,2020,Provincial Bonds_All,34117.080341
114,2020-07-01,7,2020,Provincial Bonds_Over 10 years,240251.366482
90,2020-07-01,7,2020,Provincial Bonds_Under 3 years,64086.317164
187,2020-08-01,8,2020,Asset-Backed Securities_All,1533.746
139,2020-08-01,8,2020,Corporate Bonds_3-10 years,13513.157958
151,2020-08-01,8,2020,Corporate Bonds_Over 10 years,352.525
127,2020-08-01,8,2020,Corporate Bonds_Under 3 years,7660.663791
67,2020-08-01,8,2020,Federal Crown Corporation Bonds_3-10 years,179922.564764
79,2020-08-01,8,2020,Federal Crown Corporation Bonds_Over 10 years,2648.203
55,2020-08-01,8,2020,Federal Crown Corporation Bonds_Under 3 years,78270.309492
19,2020-08-01,8,2020,Government of Canada Bonds_3-10 years,966361.037025
211,2020-08-01,8,2020,Government of Canada Bonds_All,101.725
31,2020-08-01,8,2020,Government of Canada Bonds_Over 10 years,142709.285292
43,2020-08-01,8,2020,Government of Canada Bonds_Real Return Bonds,50332.509242
7,2020-08-01,8,2020,Government of Canada Bonds_Under 3 years,605731.171807
175,2020-08-01,8,2020,Mortgage Backed Securities_All,40686.486682
163,2020-08-01,8,2020,Municipal Bonds_All,3419.519
199,2020-08-01,8,2020,Other Domestic Bonds_All,362.138
235,2020-08-01,8,2020,Other_All,9577.726626
103,2020-08-01,8,2020,Provincial Bonds_3-10 years,164459.005016
223,2020-08-01,8,2020,Provincial Bonds_All,29391.609868
115,2020-08-01,8,2020,Provincial Bonds_Over 10 years,200627.21326
91,2020-08-01,8,2020,Provincial Bonds_Under 3 years,63000.657711
188,2020-09-01,9,2020,Asset-Backed Securities_All,25
140,2020-09-01,9,2020,Corporate Bonds_3-10 years,15241.077437
152,2020-09-01,9,2020,Corporate Bonds_Over 10 years,455.855
128,2020-09-01,9,2020,Corporate Bonds_Under 3 years,6730.118886
68,2020-09-01,9,2020,Federal Crown Corporation Bonds_3-10 years,154992.275532
80,2020-09-01,9,2020,Federal Crown Corporation Bonds_Over 10 years,5186.133
56,2020-09-01,9,2020,Federal Crown Corporation Bonds_Under 3 years,81670.309098
20,2020-09-01,9,2020,Government of Canada Bonds_3-10 years,889668.34961
212,2020-09-01,9,2020,Government of Canada Bonds_All,201.2
32,2020-09-01,9,2020,Government of Canada Bonds_Over 10 years,147225.173634
44,2020-09-01,9,2020,Government of Canada Bonds_Real Return Bonds,64847.525662
8,2020-09-01,9,2020,Government of Canada Bonds_Under 3 years,689715.380451
176,2020-09-01,9,2020,Mortgage Backed Securities_All,44422.365289
164,2020-09-01,9,2020,Municipal Bonds_All,4722.108
200,2020-09-01,9,2020,Other Domestic Bonds_All,381.87073
236,2020-09-01,9,2020,Other_All,10153.263238
104,2020-09-01,9,2020,Provincial Bonds_3-10 years,204669.068384
224,2020-09-01,9,2020,Provincial Bonds_All,40863.15081
116,2020-09-01,9,2020,Provincial Bonds_Over 10 years,219595.249374
92,2020-09-01,9,2020,Provincial Bonds_Under 3 years,55745.451189
189,2020-10-01,10,2020,Asset-Backed Securities_All,88.54
141,2020-10-01,10,2020,Corporate Bonds_3-10 years,16716.986396
153,2020-10-01,10,2020,Corporate Bonds_Over 10 years,731.632497
129,2020-10-01,10,2020,Corporate Bonds_Under 3 years,10772.783842
69,2020-10-01,10,2020,Federal Crown Corporation Bonds_3-10 years,134267.932606
81,2020-10-01,10,2020,Federal Crown Corporation Bonds_Over 10 years,12407.2505
57,2020-10-01,10,2020,Federal Crown Corporation Bonds_Under 3 years,82549.46759
21,2020-10-01,10,2020,Government of Canada Bonds_3-10 years,1015358.556754
213,2020-10-01,10,2020,Government of Canada Bonds_All,215.9435
33,2020-10-01,10,2020,Government of Canada Bonds_Over 10 years,184558.460158
45,2020-10-01,10,2020,Government of Canada Bonds_Real Return Bonds,72114.272305
9,2020-10-01,10,2020,Government of Canada Bonds_Under 3 years,707586.514247
177,2020-10-01,10,2020,Mortgage Backed Securities_All,45797.109855
165,2020-10-01,10,2020,Municipal Bonds_All,8351.537
201,2020-10-01,10,2020,Other Domestic Bonds_All,497.982423
237,2020-10-01,10,2020,Other_All,10444.388284
105,2020-10-01,10,2020,Provincial Bonds_3-10 years,237115.024432
225,2020-10-01,10,2020,Provincial Bonds_All,46446.401058
117,2020-10-01,10,2020,Provincial Bonds_Over 10 years,239118.22421
93,2020-10-01,10,2020,Provincial Bonds_Under 3 years,52674.366304
190,2020-11-01,11,2020,Asset-Backed Securities_All,72.336
142,2020-11-01,11,2020,Corporate Bonds_3-10 years,15185.912033
154,2020-11-01,11,2020,Corporate Bonds_Over 10 years,861.868
130,2020-11-01,11,2020,Corporate Bonds_Under 3 years,14080.89027
70,2020-11-01,11,2020,Federal Crown Corporation Bonds_3-10 years,159182.661978
82,2020-11-01,11,2020,Federal Crown Corporation Bonds_Over 10 years,13989.378
58,2020-11-01,11,2020,Federal Crown Corporation Bonds_Under 3 years,123159.78348
22,2020-11-01,11,2020,Government of Canada Bonds_3-10 years,1112051.851077
214,2020-11-01,11,2020,Government of Canada Bonds_All,78.7
34,2020-11-01,11,2020,Government of Canada Bonds_Over 10 years,241829.278168
46,2020-11-01,11,2020,Government of Canada Bonds_Real Return Bonds,109710.448126
10,2020-11-01,11,2020,Government of Canada Bonds_Under 3 years,545354.018028
178,2020-11-01,11,2020,Mortgage Backed Securities_All,44949.087973
166,2020-11-01,11,2020,Municipal Bonds_All,9574.831
202,2020-11-01,11,2020,Other Domestic Bonds_All,685.592
238,2020-11-01,11,2020,Other_All,7573.309726
106,2020-11-01,11,2020,Provincial Bonds_3-10 years,208463.657006
226,2020-11-01,11,2020,Provincial Bonds_All,28596.00268
118,2020-11-01,11,2020,Provincial Bonds_Over 10 years,189686.499769
94,2020-11-01,11,2020,Provincial Bonds_Under 3 years,56128.72373
191,2020-12-01,12,2020,Asset-Backed Securities_All,77.123
143,2020-12-01,12,2020,Corporate Bonds_3-10 years,14258.777022
155,2020-12-01,12,2020,Corporate Bonds_Over 10 years,589.81
131,2020-12-01,12,2020,Corporate Bonds_Under 3 years,8920.183617
71,2020-12-01,12,2020,Federal Crown Corporation Bonds_3-10 years,164390.159338
83,2020-12-01,12,2020,Federal Crown Corporation Bonds_Over 10 years,15659.917486
59,2020-12-01,12,2020,Federal Crown Corporation Bonds_Under 3 years,120070.761466
23,2020-12-01,12,2020,Government of Canada Bonds_3-10 years,1024595.782713
215,2020-12-01,12,2020,Government of Canada Bonds_All,132.05
35,2020-12-01,12,2020,Government of Canada Bonds_Over 10 years,177706.052113
47,2020-12-01,12,2020,Government of Canada Bonds_Real Return Bonds,130209.538622
11,2020-12-01,12,2020,Government of Canada Bonds_Under 3 years,554261.810549
179,2020-12-01,12,2020,Mortgage Backed Securities_All,46257.353568
167,2020-12-01,12,2020,Municipal Bonds_All,9978.796
203,2020-12-01,12,2020,Other Domestic Bonds_All,803.9875
239,2020-12-01,12,2020,Other_All,7228.994832
107,2020-12-01,12,2020,Provincial Bonds_3-10 years,250497.092311
227,2020-12-01,12,2020,Provincial Bonds_All,13405.017302
119,2020-12-01,12,2020,Provincial Bonds_Over 10 years,127958.000793
95,2020-12-01,12,2020,Provincial Bonds_Under 3 years,56103.854584
180,2021-01-01,1,2021,Asset-Backed Securities_All,68.008
132,2021-01-01,1,2021,Corporate Bonds_3-10 years,13867.249669
144,2021-01-01,1,2021,Corporate Bonds_Over 10 years,771.656
120,2021-01-01,1,2021,Corporate Bonds_Under 3 years,9820.484477
60,2021-01-01,1,2021,Federal Crown Corporation Bonds_3-10 years,165950.919831
72,2021-01-01,1,2021,Federal Crown Corporation Bonds_Over 10 years,16683.418
48,2021-01-01,1,2021,Federal Crown Corporation Bonds_Under 3 years,108589.271046
12,2021-01-01,1,2021,Government of Canada Bonds_3-10 years,1025182.847823
204,2021-01-01,1,2021,Government of Canada Bonds_All,94.387
24,2021-01-01,1,2021,Government of Canada Bonds_Over 10 years,154448.427326
36,2021-01-01,1,2021,Government of Canada Bonds_Real Return Bonds,128612.218721
0,2021-01-01,1,2021,Government of Canada Bonds_Under 3 years,473274.816812
168,2021-01-01,1,2021,Mortgage Backed Securities_All,57590.472144
156,2021-01-01,1,2021,Municipal Bonds_All,10159.389044
192,2021-01-01,1,2021,Other Domestic Bonds_All,734.423423
228,2021-01-01,1,2021,Other_All,1776.306302
96,2021-01-01,1,2021,Provincial Bonds_3-10 years,256099.255281
216,2021-01-01,1,2021,Provincial Bonds_All,9579.908276
108,2021-01-01,1,2021,Provincial Bonds_Over 10 years,131452.727592
84,2021-01-01,1,2021,Provincial Bonds_Under 3 years,62853.130622
181,2021-02-01,2,2021,Asset-Backed Securities_All,72.928
133,2021-02-01,2,2021,Corporate Bonds_3-10 years,17826.657316
145,2021-02-01,2,2021,Corporate Bonds_Over 10 years,664.868
121,2021-02-01,2,2021,Corporate Bonds_Under 3 years,12387.086059
61,2021-02-01,2,2021,Federal Crown Corporation Bonds_3-10 years,132354.50264
73,2021-02-01,2,2021,Federal Crown Corporation Bonds_Over 10 years,18112.228
49,2021-02-01,2,2021,Federal Crown Corporation Bonds_Under 3 years,102347.988946
13,2021-02-01,2,2021,Government of Canada Bonds_3-10 years,1091908.250718
205,2021-02-01,2,2021,Government of Canada Bonds_All,26.75
25,2021-02-01,2,2021,Government of Canada Bonds_Over 10 years,151435.725486
37,2021-02-01,2,2021,Government of Canada Bonds_Real Return Bonds,113186.711206
1,2021-02-01,2,2021,Government of Canada Bonds_Under 3 years,596227.299359
169,2021-02-01,2,2021,Mortgage Backed Securities_All,50551.914915
157,2021-02-01,2,2021,Municipal Bonds_All,12106.293
193,2021-02-01,2,2021,Other Domestic Bonds_All,547.32
229,2021-02-01,2,2021,Other_All,1862.078812
97,2021-02-01,2,2021,Provincial Bonds_3-10 years,248419.349956
217,2021-02-01,2,2021,Provincial Bonds_All,7944.945626
109,2021-02-01,2,2021,Provincial Bonds_Over 10 years,145789.81333
85,2021-02-01,2,2021,Provincial Bonds_Under 3 years,66395.743104
182,2021-03-01,3,2021,Asset-Backed Securities_All,881.398
134,2021-03-01,3,2021,Corporate Bonds_3-10 years,21700.607532
146,2021-03-01,3,2021,Corporate Bonds_Over 10 years,675.78
122,2021-03-01,3,2021,Corporate Bonds_Under 3 years,27848.789511
62,2021-03-01,3,2021,Federal Crown Corporation Bonds_3-10 years,177731.00966
74,2021-03-01,3,2021,Federal Crown Corporation Bonds_Over 10 years,14212.303455
50,2021-03-01,3,2021,Federal Crown Corporation Bonds_Under 3 years,119863.460656
14,2021-03-01,3,2021,Government of Canada Bonds_3-10 years,1416010.102285
206,2021-03-01,3,2021,Government of Canada Bonds_All,169.22
26,2021-03-01,3,2021,Government of Canada Bonds_Over 10 years,203253.885256
38,2021-03-01,3,2021,Government of Canada Bonds_Real Return Bonds,165503.156444
2,2021-03-01,3,2021,Government of Canada Bonds_Under 3 years,715887.783305
170,2021-03-01,3,2021,Mortgage Backed Securities_All,55126.033813
158,2021-03-01,3,2021,Municipal Bonds_All,16501.084
194,2021-03-01,3,2021,Other Domestic Bonds_All,661.975
230,2021-03-01,3,2021,Other_All,3803.805336
98,2021-03-01,3,2021,Provincial Bonds_3-10 years,361341.749204
218,2021-03-01,3,2021,Provincial Bonds_All,10924.206802
110,2021-03-01,3,2021,Provincial Bonds_Over 10 years,190401.941635
86,2021-03-01,3,2021,Provincial Bonds_Under 3 years,75657.918307
183,2021-04-01,4,2021,Asset-Backed Securities_All,95.9919999999999
135,2021-04-01,4,2021,Corporate Bonds_3-10 years,21979.887133
147,2021-04-01,4,2021,Corporate Bonds_Over 10 years,1865.794
123,2021-04-01,4,2021,Corporate Bonds_Under 3 years,20279.373021
63,2021-04-01,4,2021,Federal Crown Corporation Bonds_3-10 years,175599.917983
75,2021-04-01,4,2021,Federal Crown Corporation Bonds_Over 10 years,3988.68
51,2021-04-01,4,2021,Federal Crown Corporation Bonds_Under 3 years,101707.518144
15,2021-04-01,4,2021,Government of Canada Bonds_3-10 years,1072452.474015
207,2021-04-01,4,2021,Government of Canada Bonds_All,131.467
27,2021-04-01,4,2021,Government of Canada Bonds_Over 10 years,233230.151257
39,2021-04-01,4,2021,Government of Canada Bonds_Real Return Bonds,178044.894138
3,2021-04-01,4,2021,Government of Canada Bonds_Under 3 years,717455.880453
171,2021-04-01,4,2021,Mortgage Backed Securities_All,53886.75593
159,2021-04-01,4,2021,Municipal Bonds_All,16356.494
195,2021-04-01,4,2021,Other Domestic Bonds_All,752.887
231,2021-04-01,4,2021,Other_All,3826.814128
99,2021-04-01,4,2021,Provincial Bonds_3-10 years,350325.01274
219,2021-04-01,4,2021,Provincial Bonds_All,9323.876958
111,2021-04-01,4,2021,Provincial Bonds_Over 10 years,190758.464682
87,2021-04-01,4,2021,Provincial Bonds_Under 3 years,56958.3457
184,2021-05-01,5,2021,Asset-Backed Securities_All,45.642
136,2021-05-01,5,2021,Corporate Bonds_3-10 years,18023.171869
148,2021-05-01,5,2021,Corporate Bonds_Over 10 years,3044.877
124,2021-05-01,5,2021,Corporate Bonds_Under 3 years,9967.649598
64,2021-05-01,5,2021,Federal Crown Corporation Bonds_3-10 years,159757.08744
76,2021-05-01,5,2021,Federal Crown Corporation Bonds_Over 10 years,3300.891
52,2021-05-01,5,2021,Federal Crown Corporation Bonds_Under 3 years,76218.00667
16,2021-05-01,5,2021,Government of Canada Bonds_3-10 years,1107764.280024
208,2021-05-01,5,2021,Government of Canada Bonds_All,135.9
28,2021-05-01,5,2021,Government of Canada Bonds_Over 10 years,331316.384029
40,2021-05-01,5,2021,Government of Canada Bonds_Real Return Bonds,170003.831508
4,2021-05-01,5,2021,Government of Canada Bonds_Under 3 years,586497.854692
172,2021-05-01,5,2021,Mortgage Backed Securities_All,58647.38404
160,2021-05-01,5,2021,Municipal Bonds_All,18102.418
196,2021-05-01,5,2021,Other Domestic Bonds_All,853.826
232,2021-05-01,5,2021,Other_All,3706.208838
100,2021-05-01,5,2021,Provincial Bonds_3-10 years,332160.619246
220,2021-05-01,5,2021,Provincial Bonds_All,8463.940482
112,2021-05-01,5,2021,Provincial Bonds_Over 10 years,213028.388596
88,2021-05-01,5,2021,Provincial Bonds_Under 3 years,47183.877524
185,2021-06-01,6,2021,Asset-Backed Securities_All,41.622
137,2021-06-01,6,2021,Corporate Bonds_3-10 years,20715.528117
149,2021-06-01,6,2021,Corporate Bonds_Over 10 years,3087.436
125,2021-06-01,6,2021,Corporate Bonds_Under 3 years,11735.436823
65,2021-06-01,6,2021,Federal Crown Corporation Bonds_3-10 years,136345.979651
77,2021-06-01,6,2021,Federal Crown Corporation Bonds_Over 10 years,5590.271
53,2021-06-01,6,2021,Federal Crown Corporation Bonds_Under 3 years,124752.971468
17,2021-06-01,6,2021,Government of Canada Bonds_3-10 years,1377817.666259
209,2021-06-01,6,2021,Government of Canada Bonds_All,177.45
29,2021-06-01,6,2021,Government of Canada Bonds_Over 10 years,228458.13249
41,2021-06-01,6,2021,Government of Canada Bonds_Real Return Bonds,250545.7087
5,2021-06-01,6,2021,Government of Canada Bonds_Under 3 years,776296.688697
173,2021-06-01,6,2021,Mortgage Backed Securities_All,46461.557508
161,2021-06-01,6,2021,Municipal Bonds_All,15013.12591
197,2021-06-01,6,2021,Other Domestic Bonds_All,932.645242
233,2021-06-01,6,2021,Other_All,6131.948442
101,2021-06-01,6,2021,Provincial Bonds_3-10 years,376755.14971
221,2021-06-01,6,2021,Provincial Bonds_All,7913.100787
113,2021-06-01,6,2021,Provincial Bonds_Over 10 years,215799.450234
89,2021-06-01,6,2021,Provincial Bonds_Under 3 years,59741.71256
186,2021-07-01,7,2021,Asset-Backed Securities_All,40.672
138,2021-07-01,7,2021,Corporate Bonds_3-10 years,18464.559521
150,2021-07-01,7,2021,Corporate Bonds_Over 10 years,3536.677
126,2021-07-01,7,2021,Corporate Bonds_Under 3 years,9609.325997
66,2021-07-01,7,2021,Federal Crown Corporation Bonds_3-10 years,128145.891628
78,2021-07-01,7,2021,Federal Crown Corporation Bonds_Over 10 years,982.37
54,2021-07-01,7,2021,Federal Crown Corporation Bonds_Under 3 years,147664.21357
18,2021-07-01,7,2021,Government of Canada Bonds_3-10 years,1378156.322549
210,2021-07-01,7,2021,Government of Canada Bonds_All,61.027
30,2021-07-01,7,2021,Government of Canada Bonds_Over 10 years,172031.486004
42,2021-07-01,7,2021,Government of Canada Bonds_Real Return Bonds,178715.846575
6,2021-07-01,7,2021,Government of Canada Bonds_Under 3 years,756016.157066
174,2021-07-01,7,2021,Mortgage Backed Securities_All,50307.104667
162,2021-07-01,7,2021,Municipal Bonds_All,10369.341132
198,2021-07-01,7,2021,Other Domestic Bonds_All,709.343501
234,2021-07-01,7,2021,Other_All,4175.953216
102,2021-07-01,7,2021,Provincial Bonds_3-10 years,292410.290172
222,2021-07-01,7,2021,Provincial Bonds_All,5545.55952
114,2021-07-01,7,2021,Provincial Bonds_Over 10 years,198943.03383
90,2021-07-01,7,2021,Provincial Bonds_Under 3 years,56473.244452
187,2021-08-01,8,2021,Asset-Backed Securities_All,22.035
139,2021-08-01,8,2021,Corporate Bonds_3-10 years,18259.373183
151,2021-08-01,8,2021,Corporate Bonds_Over 10 years,2512.187
127,2021-08-01,8,2021,Corporate Bonds_Under 3 years,10885.377336
67,2021-08-01,8,2021,Federal Crown Corporation Bonds_3-10 years,140625.322786
79,2021-08-01,8,2021,Federal Crown Corporation Bonds_Over 10 years,3484.429
55,2021-08-01,8,2021,Federal Crown Corporation Bonds_Under 3 years,130963.063714
19,2021-08-01,8,2021,Government of Canada Bonds_3-10 years,1243992.167799
211,2021-08-01,8,2021,Government of Canada Bonds_All,85.125
31,2021-08-01,8,2021,Government of Canada Bonds_Over 10 years,182245.231832
43,2021-08-01,8,2021,Government of Canada Bonds_Real Return Bonds,157952.2313
7,2021-08-01,8,2021,Government of Canada Bonds_Under 3 years,811043.504644
175,2021-08-01,8,2021,Mortgage Backed Securities_All,31326.888077
163,2021-08-01,8,2021,Municipal Bonds_All,10058.117
199,2021-08-01,8,2021,Other Domestic Bonds_All,1144.860311
235,2021-08-01,8,2021,Other_All,3295.333702
103,2021-08-01,8,2021,Provincial Bonds_3-10 years,265038.211357
223,2021-08-01,8,2021,Provincial Bonds_All,5590.380411
115,2021-08-01,8,2021,Provincial Bonds_Over 10 years,186277.358008
91,2021-08-01,8,2021,Provincial Bonds_Under 3 years,59430.166034
188,2021-09-01,9,2021,Asset-Backed Securities_All,14.397
140,2021-09-01,9,2021,Corporate Bonds_3-10 years,17667.135229
152,2021-09-01,9,2021,Corporate Bonds_Over 10 years,2683.0955
128,2021-09-01,9,2021,Corporate Bonds_Under 3 years,10425.630632
68,2021-09-01,9,2021,Federal Crown Corporation Bonds_3-10 years,143119.981808
80,2021-09-01,9,2021,Federal Crown Corporation Bonds_Over 10 years,6985.208
56,2021-09-01,9,2021,Federal Crown Corporation Bonds_Under 3 years,121651.476544
20,2021-09-01,9,2021,Government of Canada Bonds_3-10 years,1176342.408798
212,2021-09-01,9,2021,Government of Canada Bonds_All,60
32,2021-09-01,9,2021,Government of Canada Bonds_Over 10 years,200733.359706
44,2021-09-01,9,2021,Government of Canada Bonds_Real Return Bonds,167166.538098
8,2021-09-01,9,2021,Government of Canada Bonds_Under 3 years,884183.892901
176,2021-09-01,9,2021,Mortgage Backed Securities_All,58064.849164
164,2021-09-01,9,2021,Municipal Bonds_All,7962.8335
200,2021-09-01,9,2021,Other Domestic Bonds_All,1499.370577
236,2021-09-01,9,2021,Other_All,2303.615848
104,2021-09-01,9,2021,Provincial Bonds_3-10 years,282255.208825
224,2021-09-01,9,2021,Provincial Bonds_All,7517.287313
116,2021-09-01,9,2021,Provincial Bonds_Over 10 years,179005.2807
92,2021-09-01,9,2021,Provincial Bonds_Under 3 years,68418.344302
189,2021-10-01,10,2021,Asset-Backed Securities_All,1425.65
141,2021-10-01,10,2021,Corporate Bonds_3-10 years,20168.175181
153,2021-10-01,10,2021,Corporate Bonds_Over 10 years,2447.539
129,2021-10-01,10,2021,Corporate Bonds_Under 3 years,10666.632362
69,2021-10-01,10,2021,Federal Crown Corporation Bonds_3-10 years,172170.162784
81,2021-10-01,10,2021,Federal Crown Corporation Bonds_Over 10 years,9770.446
57,2021-10-01,10,2021,Federal Crown Corporation Bonds_Under 3 years,126632.500531
21,2021-10-01,10,2021,Government of Canada Bonds_3-10 years,1215397.70545
213,2021-10-01,10,2021,Government of Canada Bonds_All,55.027
33,2021-10-01,10,2021,Government of Canada Bonds_Over 10 years,224477.703734
45,2021-10-01,10,2021,Government of Canada Bonds_Real Return Bonds,154567.908888
9,2021-10-01,10,2021,Government of Canada Bonds_Under 3 years,1037488.340879
177,2021-10-01,10,2021,Mortgage Backed Securities_All,61113.528608
165,2021-10-01,10,2021,Municipal Bonds_All,6443.518938
201,2021-10-01,10,2021,Other Domestic Bonds_All,2181.073521
237,2021-10-01,10,2021,Other_All,2258.425388
105,2021-10-01,10,2021,Provincial Bonds_3-10 years,301140.847425
225,2021-10-01,10,2021,Provincial Bonds_All,5603.110859
117,2021-10-01,10,2021,Provincial Bonds_Over 10 years,167465.818667
93,2021-10-01,10,2021,Provincial Bonds_Under 3 years,74336.444718
190,2021-11-01,11,2021,Asset-Backed Securities_All,37.5
142,2021-11-01,11,2021,Corporate Bonds_3-10 years,23018.506493
154,2021-11-01,11,2021,Corporate Bonds_Over 10 years,3797.5654
130,2021-11-01,11,2021,Corporate Bonds_Under 3 years,9069.39797
70,2021-11-01,11,2021,Federal Crown Corporation Bonds_3-10 years,168477.335993
82,2021-11-01,11,2021,Federal Crown Corporation Bonds_Over 10 years,17602.137
58,2021-11-01,11,2021,Federal Crown Corporation Bonds_Under 3 years,148443.423228
22,2021-11-01,11,2021,Government of Canada Bonds_3-10 years,1096542.165254
214,2021-11-01,11,2021,Government of Canada Bonds_All,13.5
34,2021-11-01,11,2021,Government of Canada Bonds_Over 10 years,297880.495184
46,2021-11-01,11,2021,Government of Canada Bonds_Real Return Bonds,174287.384233
10,2021-11-01,11,2021,Government of Canada Bonds_Under 3 years,1167407.034079
178,2021-11-01,11,2021,Mortgage Backed Securities_All,58387.691625
166,2021-11-01,11,2021,Municipal Bonds_All,3556.290488
202,2021-11-01,11,2021,Other Domestic Bonds_All,2411.487077
238,2021-11-01,11,2021,Other_All,2389.151447
106,2021-11-01,11,2021,Provincial Bonds_3-10 years,327055.237225
226,2021-11-01,11,2021,Provincial Bonds_All,5983.433002
118,2021-11-01,11,2021,Provincial Bonds_Over 10 years,188975.156739
94,2021-11-01,11,2021,Provincial Bonds_Under 3 years,83218.177854
191,2021-12-01,12,2021,Asset-Backed Securities_All,24
143,2021-12-01,12,2021,Corporate Bonds_3-10 years,22595.373472
155,2021-12-01,12,2021,Corporate Bonds_Over 10 years,4074.020403
131,2021-12-01,12,2021,Corporate Bonds_Under 3 years,8458.123447
71,2021-12-01,12,2021,Federal Crown Corporation Bonds_3-10 years,155367.333884
83,2021-12-01,12,2021,Federal Crown Corporation Bonds_Over 10 years,5801.073
59,2021-12-01,12,2021,Federal Crown Corporation Bonds_Under 3 years,149267.339572
23,2021-12-01,12,2021,Government of Canada Bonds_3-10 years,1063197.529894
215,2021-12-01,12,2021,Government of Canada Bonds_All,39.5
35,2021-12-01,12,2021,Government of Canada Bonds_Over 10 years,222544.438729
47,2021-12-01,12,2021,Government of Canada Bonds_Real Return Bonds,141975.783012
11,2021-12-01,12,2021,Government of Canada Bonds_Under 3 years,1014751.783033
179,2021-12-01,12,2021,Mortgage Backed Securities_All,64195.288526
167,2021-12-01,12,2021,Municipal Bonds_All,3445.080991
203,2021-12-01,12,2021,Other Domestic Bonds_All,1219.381876
239,2021-12-01,12,2021,Other_All,1972.059772
107,2021-12-01,12,2021,Provincial Bonds_3-10 years,325373.498606
227,2021-12-01,12,2021,Provincial Bonds_All,7619.032397
119,2021-12-01,12,2021,Provincial Bonds_Over 10 years,162939.649055
95,2021-12-01,12,2021,Provincial Bonds_Under 3 years,56002.395544
180,2022-01-01,1,2022,Asset-Backed Securities_All,1661.222
132,2022-01-01,1,2022,Corporate Bonds_3-10 years,22783.351927
144,2022-01-01,1,2022,Corporate Bonds_Over 10 years,3459.453
120,2022-01-01,1,2022,Corporate Bonds_Under 3 years,9075.991901
60,2022-01-01,1,2022,Federal Crown Corporation Bonds_3-10 years,149722.436512
72,2022-01-01,1,2022,Federal Crown Corporation Bonds_Over 10 years,592.39
48,2022-01-01,1,2022,Federal Crown Corporation Bonds_Under 3 years,165472.987782
12,2022-01-01,1,2022,Government of Canada Bonds_3-10 years,1084776.581096
204,2022-01-01,1,2022,Government of Canada Bonds_All,53.327
24,2022-01-01,1,2022,Government of Canada Bonds_Over 10 years,219779.986063
36,2022-01-01,1,2022,Government of Canada Bonds_Real Return Bonds,137837.393259
0,2022-01-01,1,2022,Government of Canada Bonds_Under 3 years,1132467.603719
168,2022-01-01,1,2022,Mortgage Backed Securities_All,57263.633067
156,2022-01-01,1,2022,Municipal Bonds_All,5222.973
192,2022-01-01,1,2022,Other Domestic Bonds_All,1000.469635
228,2022-01-01,1,2022,Other_All,2812.486468
96,2022-01-01,1,2022,Provincial Bonds_3-10 years,364211.165757
216,2022-01-01,1,2022,Provincial Bonds_All,8872.555718
108,2022-01-01,1,2022,Provincial Bonds_Over 10 years,207695.343214
84,2022-01-01,1,2022,Provincial Bonds_Under 3 years,59732.86259
181,2022-02-01,2,2022,Asset-Backed Securities_All,256.641
133,2022-02-01,2,2022,Corporate Bonds_3-10 years,18884.261052
145,2022-02-01,2,2022,Corporate Bonds_Over 10 years,3328.064
121,2022-02-01,2,2022,Corporate Bonds_Under 3 years,10690.012543
61,2022-02-01,2,2022,Federal Crown Corporation Bonds_3-10 years,177145.731921
73,2022-02-01,2,2022,Federal Crown Corporation Bonds_Over 10 years,1278.489
49,2022-02-01,2,2022,Federal Crown Corporation Bonds_Under 3 years,170474.946101
13,2022-02-01,2,2022,Government of Canada Bonds_3-10 years,960655.836402
205,2022-02-01,2,2022,Government of Canada Bonds_All,15.8
25,2022-02-01,2,2022,Government of Canada Bonds_Over 10 years,202759.73265
37,2022-02-01,2,2022,Government of Canada Bonds_Real Return Bonds,114336.8369
1,2022-02-01,2,2022,Government of Canada Bonds_Under 3 years,995761.012454
169,2022-02-01,2,2022,Mortgage Backed Securities_All,54796.376839
157,2022-02-01,2,2022,Municipal Bonds_All,5272.029
193,2022-02-01,2,2022,Other Domestic Bonds_All,1140.00929
229,2022-02-01,2,2022,Other_All,2300.786876
97,2022-02-01,2,2022,Provincial Bonds_3-10 years,299865.766931
217,2022-02-01,2,2022,Provincial Bonds_All,7130.466714
109,2022-02-01,2,2022,Provincial Bonds_Over 10 years,212853.76895
85,2022-02-01,2,2022,Provincial Bonds_Under 3 years,44444.082612
182,2022-03-01,3,2022,Asset-Backed Securities_All,1.338
134,2022-03-01,3,2022,Corporate Bonds_3-10 years,23592.996526
146,2022-03-01,3,2022,Corporate Bonds_Over 10 years,5068.63
122,2022-03-01,3,2022,Corporate Bonds_Under 3 years,10714.701562
62,2022-03-01,3,2022,Federal Crown Corporation Bonds_3-10 years,230608.979848
74,2022-03-01,3,2022,Federal Crown Corporation Bonds_Over 10 years,2096.115
50,2022-03-01,3,2022,Federal Crown Corporation Bonds_Under 3 years,238638.67861
14,2022-03-01,3,2022,Government of Canada Bonds_3-10 years,1157651.129025
206,2022-03-01,3,2022,Government of Canada Bonds_All,72
26,2022-03-01,3,2022,Government of Canada Bonds_Over 10 years,307362.854498
38,2022-03-01,3,2022,Government of Canada Bonds_Real Return Bonds,137251.7315
2,2022-03-01,3,2022,Government of Canada Bonds_Under 3 years,1278117.628317
170,2022-03-01,3,2022,Mortgage Backed Securities_All,62436.317914
158,2022-03-01,3,2022,Municipal Bonds_All,7802.882
194,2022-03-01,3,2022,Other Domestic Bonds_All,1307.554564
230,2022-03-01,3,2022,Other_All,3502.635606
98,2022-03-01,3,2022,Provincial Bonds_3-10 years,422686.725015
218,2022-03-01,3,2022,Provincial Bonds_All,12851.432331
110,2022-03-01,3,2022,Provincial Bonds_Over 10 years,338316.421018
86,2022-03-01,3,2022,Provincial Bonds_Under 3 years,65243.476074
183,2022-04-01,4,2022,Asset-Backed Securities_All,33.5
135,2022-04-01,4,2022,Corporate Bonds_3-10 years,23190.507988
147,2022-04-01,4,2022,Corporate Bonds_Over 10 years,1935.221
123,2022-04-01,4,2022,Corporate Bonds_Under 3 years,14748.198333
63,2022-04-01,4,2022,Federal Crown Corporation Bonds_3-10 years,159576.936097
75,2022-04-01,4,2022,Federal Crown Corporation Bonds_Over 10 years,1125.271
51,2022-04-01,4,2022,Federal Crown Corporation Bonds_Under 3 years,160108.16155
15,2022-04-01,4,2022,Government of Canada Bonds_3-10 years,899651.681427
207,2022-04-01,4,2022,Government of Canada Bonds_All,53.327
27,2022-04-01,4,2022,Government of Canada Bonds_Over 10 years,276929.844562
39,2022-04-01,4,2022,Government of Canada Bonds_Real Return Bonds,121517.977876
3,2022-04-01,4,2022,Government of Canada Bonds_Under 3 years,1215188.575456
171,2022-04-01,4,2022,Mortgage Backed Securities_All,52347.310088
159,2022-04-01,4,2022,Municipal Bonds_All,5375.261
195,2022-04-01,4,2022,Other Domestic Bonds_All,2148.68191
231,2022-04-01,4,2022,Other_All,2916.566024
99,2022-04-01,4,2022,Provincial Bonds_3-10 years,330128.071977
219,2022-04-01,4,2022,Provincial Bonds_All,10347.547119
111,2022-04-01,4,2022,Provincial Bonds_Over 10 years,375896.560715
87,2022-04-01,4,2022,Provincial Bonds_Under 3 years,47525.925822
184,2022-05-01,5,2022,Asset-Backed Securities_All,195
136,2022-05-01,5,2022,Corporate Bonds_3-10 years,26432.364081
148,2022-05-01,5,2022,Corporate Bonds_Over 10 years,4892.83
124,2022-05-01,5,2022,Corporate Bonds_Under 3 years,18341.84885
64,2022-05-01,5,2022,Federal Crown Corporation Bonds_3-10 years,190079.341784
76,2022-05-01,5,2022,Federal Crown Corporation Bonds_Over 10 years,5135.338
52,2022-05-01,5,2022,Federal Crown Corporation Bonds_Under 3 years,134302.118126
16,2022-05-01,5,2022,Government of Canada Bonds_3-10 years,971223.09037
208,2022-05-01,5,2022,Government of Canada Bonds_All,98.225
28,2022-05-01,5,2022,Government of Canada Bonds_Over 10 years,294641.409588
40,2022-05-01,5,2022,Government of Canada Bonds_Real Return Bonds,139574.74505
4,2022-05-01,5,2022,Government of Canada Bonds_Under 3 years,1079798.763133
172,2022-05-01,5,2022,Mortgage Backed Securities_All,56184.432189
160,2022-05-01,5,2022,Municipal Bonds_All,3639.974
196,2022-05-01,5,2022,Other Domestic Bonds_All,2602.367384
232,2022-05-01,5,2022,Other_All,2511.094542
100,2022-05-01,5,2022,Provincial Bonds_3-10 years,287875.973236
220,2022-05-01,5,2022,Provincial Bonds_All,7235.872902
112,2022-05-01,5,2022,Provincial Bonds_Over 10 years,347314.38874
88,2022-05-01,5,2022,Provincial Bonds_Under 3 years,43018.01728
185,2022-06-01,6,2022,Asset-Backed Securities_All,110.87
137,2022-06-01,6,2022,Corporate Bonds_3-10 years,30023.472168
149,2022-06-01,6,2022,Corporate Bonds_Over 10 years,3067.205
125,2022-06-01,6,2022,Corporate Bonds_Under 3 years,20530.539488
65,2022-06-01,6,2022,Federal Crown Corporation Bonds_3-10 years,205156.704117
77,2022-06-01,6,2022,Federal Crown Corporation Bonds_Over 10 years,13537.359
53,2022-06-01,6,2022,Federal Crown Corporation Bonds_Under 3 years,182856.36855
17,2022-06-01,6,2022,Government of Canada Bonds_3-10 years,1231928.041191
209,2022-06-01,6,2022,Government of Canada Bonds_All,61.85
29,2022-06-01,6,2022,Government of Canada Bonds_Over 10 years,304779.687264
41,2022-06-01,6,2022,Government of Canada Bonds_Real Return Bonds,182090.518538
5,2022-06-01,6,2022,Government of Canada Bonds_Under 3 years,1161008.339647
173,2022-06-01,6,2022,Mortgage Backed Securities_All,57062.214331
161,2022-06-01,6,2022,Municipal Bonds_All,4111.54
197,2022-06-01,6,2022,Other Domestic Bonds_All,1423.941412
233,2022-06-01,6,2022,Other_All,4287.045182
101,2022-06-01,6,2022,Provincial Bonds_3-10 years,296170.971923
221,2022-06-01,6,2022,Provincial Bonds_All,10882.169601
113,2022-06-01,6,2022,Provincial Bonds_Over 10 years,412490.821104
89,2022-06-01,6,2022,Provincial Bonds_Under 3 years,82656.950241
186,2022-07-01,7,2022,Asset-Backed Securities_All,222.7
138,2022-07-01,7,2022,Corporate Bonds_3-10 years,24663.658536
150,2022-07-01,7,2022,Corporate Bonds_Over 10 years,4222.093
126,2022-07-01,7,2022,Corporate Bonds_Under 3 years,24156.595773
66,2022-07-01,7,2022,Federal Crown Corporation Bonds_3-10 years,172190.59779
78,2022-07-01,7,2022,Federal Crown Corporation Bonds_Over 10 years,9892.936
54,2022-07-01,7,2022,Federal Crown Corporation Bonds_Under 3 years,165720.57842
18,2022-07-01,7,2022,Government of Canada Bonds_3-10 years,1050903.605061
210,2022-07-01,7,2022,Government of Canada Bonds_All,61.027
30,2022-07-01,7,2022,Government of Canada Bonds_Over 10 years,257944.51328
42,2022-07-01,7,2022,Government of Canada Bonds_Real Return Bonds,135660.294
6,2022-07-01,7,2022,Government of Canada Bonds_Under 3 years,984041.379092
174,2022-07-01,7,2022,Mortgage Backed Securities_All,58217.305135
162,2022-07-01,7,2022,Municipal Bonds_All,7281.294
198,2022-07-01,7,2022,Other Domestic Bonds_All,1527.484605
234,2022-07-01,7,2022,Other_All,2633.973808
102,2022-07-01,7,2022,Provincial Bonds_3-10 years,262505.020131
222,2022-07-01,7,2022,Provincial Bonds_All,7460.434908
114,2022-07-01,7,2022,Provincial Bonds_Over 10 years,350978.957088
90,2022-07-01,7,2022,Provincial Bonds_Under 3 years,74957.619556
187,2022-08-01,8,2022,Asset-Backed Securities_All,265.11
139,2022-08-01,8,2022,Corporate Bonds_3-10 years,29155.432328
151,2022-08-01,8,2022,Corporate Bonds_Over 10 years,3169.869
127,2022-08-01,8,2022,Corporate Bonds_Under 3 years,24954.714037
67,2022-08-01,8,2022,Federal Crown Corporation Bonds_3-10 years,160399.750977
79,2022-08-01,8,2022,Federal Crown Corporation Bonds_Over 10 years,17349.622
55,2022-08-01,8,2022,Federal Crown Corporation Bonds_Under 3 years,157166.340897
19,2022-08-01,8,2022,Government of Canada Bonds_3-10 years,1316229.813162
211,2022-08-01,8,2022,Government of Canada Bonds_All,30.6
31,2022-08-01,8,2022,Government of Canada Bonds_Over 10 years,280094.848132
43,2022-08-01,8,2022,Government of Canada Bonds_Real Return Bonds,133894.115925
7,2022-08-01,8,2022,Government of Canada Bonds_Under 3 years,946747.499875
175,2022-08-01,8,2022,Mortgage Backed Securities_All,51103.386059
163,2022-08-01,8,2022,Municipal Bonds_All,4388.007
199,2022-08-01,8,2022,Other Domestic Bonds_All,4754.414148
235,2022-08-01,8,2022,Other_All,3700.47148
103,2022-08-01,8,2022,Provincial Bonds_3-10 years,280393.257242
223,2022-08-01,8,2022,Provincial Bonds_All,7493.99667
115,2022-08-01,8,2022,Provincial Bonds_Over 10 years,310549.106882
91,2022-08-01,8,2022,Provincial Bonds_Under 3 years,63130.909732
188,2022-09-01,9,2022,Asset-Backed Securities_All,161.39
140,2022-09-01,9,2022,Corporate Bonds_3-10 years,28380.637832
152,2022-09-01,9,2022,Corporate Bonds_Over 10 years,2476.95
128,2022-09-01,9,2022,Corporate Bonds_Under 3 years,20026.18386
68,2022-09-01,9,2022,Federal Crown Corporation Bonds_3-10 years,204307.316562
80,2022-09-01,9,2022,Federal Crown Corporation Bonds_Over 10 years,8884.205
56,2022-09-01,9,2022,Federal Crown Corporation Bonds_Under 3 years,140064.185354
20,2022-09-01,9,2022,Government of Canada Bonds_3-10 years,1217598.462157
212,2022-09-01,9,2022,Government of Canada Bonds_All,478.5
32,2022-09-01,9,2022,Government of Canada Bonds_Over 10 years,259851.564482
44,2022-09-01,9,2022,Government of Canada Bonds_Real Return Bonds,155537.929738
8,2022-09-01,9,2022,Government of Canada Bonds_Under 3 years,907660.379093
176,2022-09-01,9,2022,Mortgage Backed Securities_All,50732.972515
164,2022-09-01,9,2022,Municipal Bonds_All,3784.785
200,2022-09-01,9,2022,Other Domestic Bonds_All,4465.615158
236,2022-09-01,9,2022,Other_All,3791.738808
104,2022-09-01,9,2022,Provincial Bonds_3-10 years,281845.581734
224,2022-09-01,9,2022,Provincial Bonds_All,12294.38788
116,2022-09-01,9,2022,Provincial Bonds_Over 10 years,270747.272821
92,2022-09-01,9,2022,Provincial Bonds_Under 3 years,69098.116898
189,2022-10-01,10,2022,Asset-Backed Securities_All,181.28
141,2022-10-01,10,2022,Corporate Bonds_3-10 years,25292.344716
153,2022-10-01,10,2022,Corporate Bonds_Over 10 years,4060.833118
129,2022-10-01,10,2022,Corporate Bonds_Under 3 years,20668.856076
69,2022-10-01,10,2022,Federal Crown Corporation Bonds_3-10 years,188746.366402
81,2022-10-01,10,2022,Federal Crown Corporation Bonds_Over 10 years,2188.703
57,2022-10-01,10,2022,Federal Crown Corporation Bonds_Under 3 years,131248.981322
21,2022-10-01,10,2022,Government of Canada Bonds_3-10 years,1083458.957113
213,2022-10-01,10,2022,Government of Canada Bonds_All,59.727
33,2022-10-01,10,2022,Government of Canada Bonds_Over 10 years,263218.398626
45,2022-10-01,10,2022,Government of Canada Bonds_Real Return Bonds,125190.101243
9,2022-10-01,10,2022,Government of Canada Bonds_Under 3 years,947245.388994
177,2022-10-01,10,2022,Mortgage Backed Securities_All,48012.063232
165,2022-10-01,10,2022,Municipal Bonds_All,2537.097
201,2022-10-01,10,2022,Other Domestic Bonds_All,6997.008789
237,2022-10-01,10,2022,Other_All,4010.384238
105,2022-10-01,10,2022,Provincial Bonds_3-10 years,337024.831823
225,2022-10-01,10,2022,Provincial Bonds_All,13977.524914
117,2022-10-01,10,2022,Provincial Bonds_Over 10 years,301249.340757
93,2022-10-01,10,2022,Provincial Bonds_Under 3 years,76292.49005
190,2022-11-01,11,2022,Asset-Backed Securities_All,294.904
142,2022-11-01,11,2022,Corporate Bonds_3-10 years,21556.466151
154,2022-11-01,11,2022,Corporate Bonds_Over 10 years,4763.76137
130,2022-11-01,11,2022,Corporate Bonds_Under 3 years,21434.462635
70,2022-11-01,11,2022,Federal Crown Corporation Bonds_3-10 years,210033.092826
82,2022-11-01,11,2022,Federal Crown Corporation Bonds_Over 10 years,1136.418
58,2022-11-01,11,2022,Federal Crown Corporation Bonds_Under 3 years,119557.52732
22,2022-11-01,11,2022,Government of Canada Bonds_3-10 years,1222362.37113
214,2022-11-01,11,2022,Government of Canada Bonds_All,367.019146
34,2022-11-01,11,2022,Government of Canada Bonds_Over 10 years,324691.385567
46,2022-11-01,11,2022,Government of Canada Bonds_Real Return Bonds,189472.864879
10,2022-11-01,11,2022,Government of Canada Bonds_Under 3 years,992965.627718
178,2022-11-01,11,2022,Mortgage Backed Securities_All,48707.572556
166,2022-11-01,11,2022,Municipal Bonds_All,2722.184
202,2022-11-01,11,2022,Other Domestic Bonds_All,6528.465751
238,2022-11-01,11,2022,Other_All,7902.473968
106,2022-11-01,11,2022,Provincial Bonds_3-10 years,354454.418368
226,2022-11-01,11,2022,Provincial Bonds_All,19208.234168
118,2022-11-01,11,2022,Provincial Bonds_Over 10 years,296694.62038
94,2022-11-01,11,2022,Provincial Bonds_Under 3 years,101242.506562
191,2022-12-01,12,2022,Asset-Backed Securities_All,61.286
143,2022-12-01,12,2022,Corporate Bonds_3-10 years,23021.970906
155,2022-12-01,12,2022,Corporate Bonds_Over 10 years,5915.41337
131,2022-12-01,12,2022,Corporate Bonds_Under 3 years,18044.945604
71,2022-12-01,12,2022,Federal Crown Corporation Bonds_3-10 years,246428.688255
83,2022-12-01,12,2022,Federal Crown Corporation Bonds_Over 10 years,1252.908
59,2022-12-01,12,2022,Federal Crown Corporation Bonds_Under 3 years,125439.901344
23,2022-12-01,12,2022,Government of Canada Bonds_3-10 years,1169080.410318
215,2022-12-01,12,2022,Government of Canada Bonds_All,1108.50308
35,2022-12-01,12,2022,Government of Canada Bonds_Over 10 years,246783.679488
47,2022-12-01,12,2022,Government of Canada Bonds_Real Return Bonds,119954.442933
11,2022-12-01,12,2022,Government of Canada Bonds_Under 3 years,977589.813555
179,2022-12-01,12,2022,Mortgage Backed Securities_All,48017.40079
167,2022-12-01,12,2022,Municipal Bonds_All,3152.01
203,2022-12-01,12,2022,Other Domestic Bonds_All,7341.181394
239,2022-12-01,12,2022,Other_All,9475.692698
107,2022-12-01,12,2022,Provincial Bonds_3-10 years,266398.011277
227,2022-12-01,12,2022,Provincial Bonds_All,20532.644098
119,2022-12-01,12,2022,Provincial Bonds_Over 10 years,331014.978725
95,2022-12-01,12,2022,Provincial Bonds_Under 3 years,97806.852754
180,2023-01-01,1,2023,Asset-Backed Securities_All,1684.315
132,2023-01-01,1,2023,Corporate Bonds_3-10 years,18683.44141
144,2023-01-01,1,2023,Corporate Bonds_Over 10 years,5616.75937
120,2023-01-01,1,2023,Corporate Bonds_Under 3 years,18692.155983
60,2023-01-01,1,2023,Federal Crown Corporation Bonds_3-10 years,135342.456128
72,2023-01-01,1,2023,Federal Crown Corporation Bonds_Over 10 years,1247.54
48,2023-01-01,1,2023,Federal Crown Corporation Bonds_Under 3 years,109896.351892
12,2023-01-01,1,2023,Government of Canada Bonds_3-10 years,1360747.461381
204,2023-01-01,1,2023,Government of Canada Bonds_All,144.957742
24,2023-01-01,1,2023,Government of Canada Bonds_Over 10 years,247457.210738
36,2023-01-01,1,2023,Government of Canada Bonds_Real Return Bonds,120571.379156
0,2023-01-01,1,2023,Government of Canada Bonds_Under 3 years,1075004.192061
168,2023-01-01,1,2023,Mortgage Backed Securities_All,48584.208513
156,2023-01-01,1,2023,Municipal Bonds_All,3658.6285
192,2023-01-01,1,2023,Other Domestic Bonds_All,8826.547887
228,2023-01-01,1,2023,Other_All,7484.067528
96,2023-01-01,1,2023,Provincial Bonds_3-10 years,305432.221464
216,2023-01-01,1,2023,Provincial Bonds_All,18488.748584
108,2023-01-01,1,2023,Provincial Bonds_Over 10 years,416684.672916
84,2023-01-01,1,2023,Provincial Bonds_Under 3 years,111438.698006
181,2023-02-01,2,2023,Asset-Backed Securities_All,322.86
133,2023-02-01,2,2023,Corporate Bonds_3-10 years,19641.357375
145,2023-02-01,2,2023,Corporate Bonds_Over 10 years,5579.5142
121,2023-02-01,2,2023,Corporate Bonds_Under 3 years,19974.379524
61,2023-02-01,2,2023,Federal Crown Corporation Bonds_3-10 years,169807.556656
73,2023-02-01,2,2023,Federal Crown Corporation Bonds_Over 10 years,6117.802
49,2023-02-01,2,2023,Federal Crown Corporation Bonds_Under 3 years,127080.76478
13,2023-02-01,2,2023,Government of Canada Bonds_3-10 years,1225582.542107
205,2023-02-01,2,2023,Government of Canada Bonds_All,257
25,2023-02-01,2,2023,Government of Canada Bonds_Over 10 years,282993.789896
37,2023-02-01,2,2023,Government of Canada Bonds_Real Return Bonds,104346.269016
1,2023-02-01,2,2023,Government of Canada Bonds_Under 3 years,861540.964114
169,2023-02-01,2,2023,Mortgage Backed Securities_All,46237.045941
157,2023-02-01,2,2023,Municipal Bonds_All,3740.652
193,2023-02-01,2,2023,Other Domestic Bonds_All,10664.098245
229,2023-02-01,2,2023,Other_All,6588.705163
97,2023-02-01,2,2023,Provincial Bonds_3-10 years,321610.872907
217,2023-02-01,2,2023,Provincial Bonds_All,13176.899893
109,2023-02-01,2,2023,Provincial Bonds_Over 10 years,455827.067876
85,2023-02-01,2,2023,Provincial Bonds_Under 3 years,93162.105428
182,2023-03-01,3,2023,Asset-Backed Securities_All,184.47
134,2023-03-01,3,2023,Corporate Bonds_3-10 years,19357.962141
146,2023-03-01,3,2023,Corporate Bonds_Over 10 years,5858.905118
122,2023-03-01,3,2023,Corporate Bonds_Under 3 years,21655.941497
62,2023-03-01,3,2023,Federal Crown Corporation Bonds_3-10 years,236505.860521
74,2023-03-01,3,2023,Federal Crown Corporation Bonds_Over 10 years,19899.623
50,2023-03-01,3,2023,Federal Crown Corporation Bonds_Under 3 years,140682.646716
14,2023-03-01,3,2023,Government of Canada Bonds_3-10 years,1348965.003812
206,2023-03-01,3,2023,Government of Canada Bonds_All,367.25
26,2023-03-01,3,2023,Government of Canada Bonds_Over 10 years,379592.206508
38,2023-03-01,3,2023,Government of Canada Bonds_Real Return Bonds,134666.337607
2,2023-03-01,3,2023,Government of Canada Bonds_Under 3 years,1007129.731442
170,2023-03-01,3,2023,Mortgage Backed Securities_All,54597.780283
158,2023-03-01,3,2023,Municipal Bonds_All,5377.365
194,2023-03-01,3,2023,Other Domestic Bonds_All,4471.500079
230,2023-03-01,3,2023,Other_All,14648.455422
98,2023-03-01,3,2023,Provincial Bonds_3-10 years,451896.649922
218,2023-03-01,3,2023,Provincial Bonds_All,31402.450583
110,2023-03-01,3,2023,Provincial Bonds_Over 10 years,601699.892619
86,2023-03-01,3,2023,Provincial Bonds_Under 3 years,105957.676732
183,2023-04-01,4,2023,Asset-Backed Securities_All,125.21
135,2023-04-01,4,2023,Corporate Bonds_3-10 years,18037.006131
147,2023-04-01,4,2023,Corporate Bonds_Over 10 years,5398.9408
123,2023-04-01,4,2023,Corporate Bonds_Under 3 years,19980.084506
63,2023-04-01,4,2023,Federal Crown Corporation Bonds_3-10 years,194590.311408
75,2023-04-01,4,2023,Federal Crown Corporation Bonds_Over 10 years,18673.883
51,2023-04-01,4,2023,Federal Crown Corporation Bonds_Under 3 years,100065.502902
15,2023-04-01,4,2023,Government of Canada Bonds_3-10 years,973860.149968
207,2023-04-01,4,2023,Government of Canada Bonds_All,489.152
27,2023-04-01,4,2023,Government of Canada Bonds_Over 10 years,328977.262851
39,2023-04-01,4,2023,Government of Canada Bonds_Real Return Bonds,138248.889674
3,2023-04-01,4,2023,Government of Canada Bonds_Under 3 years,836707.915409
171,2023-04-01,4,2023,Mortgage Backed Securities_All,54998.561484
159,2023-04-01,4,2023,Municipal Bonds_All,4027.129
195,2023-04-01,4,2023,Other Domestic Bonds_All,3124.433302
231,2023-04-01,4,2023,Other_All,19798.302904
99,2023-04-01,4,2023,Provincial Bonds_3-10 years,414475.772059
219,2023-04-01,4,2023,Provincial Bonds_All,30782.902872
111,2023-04-01,4,2023,Provincial Bonds_Over 10 years,498359.123174
87,2023-04-01,4,2023,Provincial Bonds_Under 3 years,84779.348914
184,2023-05-01,5,2023,Asset-Backed Securities_All,400.119
136,2023-05-01,5,2023,Corporate Bonds_3-10 years,18787.112327
148,2023-05-01,5,2023,Corporate Bonds_Over 10 years,6299.295
124,2023-05-01,5,2023,Corporate Bonds_Under 3 years,21166.657008
64,2023-05-01,5,2023,Federal Crown Corporation Bonds_3-10 years,236856.571836
76,2023-05-01,5,2023,Federal Crown Corporation Bonds_Over 10 years,23880.616231
52,2023-05-01,5,2023,Federal Crown Corporation Bonds_Under 3 years,108098.613132
16,2023-05-01,5,2023,Government of Canada Bonds_3-10 years,1232492.97469
208,2023-05-01,5,2023,Government of Canada Bonds_All,410
28,2023-05-01,5,2023,Government of Canada Bonds_Over 10 years,373345.493028
40,2023-05-01,5,2023,Government of Canada Bonds_Real Return Bonds,104170.156279
4,2023-05-01,5,2023,Government of Canada Bonds_Under 3 years,1141810.466905
172,2023-05-01,5,2023,Mortgage Backed Securities_All,55935.872504
160,2023-05-01,5,2023,Municipal Bonds_All,4061.095
196,2023-05-01,5,2023,Other Domestic Bonds_All,3425.795281
232,2023-05-01,5,2023,Other_All,32433.496424
100,2023-05-01,5,2023,Provincial Bonds_3-10 years,453803.725822
220,2023-05-01,5,2023,Provincial Bonds_All,51022.06447
112,2023-05-01,5,2023,Provincial Bonds_Over 10 years,575081.239412
88,2023-05-01,5,2023,Provincial Bonds_Under 3 years,75865.70952
185,2023-06-01,6,2023,Asset-Backed Securities_All,195.815
137,2023-06-01,6,2023,Corporate Bonds_3-10 years,20968.249613
149,2023-06-01,6,2023,Corporate Bonds_Over 10 years,6278.885
125,2023-06-01,6,2023,Corporate Bonds_Under 3 years,22941.146678
65,2023-06-01,6,2023,Federal Crown Corporation Bonds_3-10 years,236785.431244
77,2023-06-01,6,2023,Federal Crown Corporation Bonds_Over 10 years,14629.954
53,2023-06-01,6,2023,Federal Crown Corporation Bonds_Under 3 years,108356.938938
17,2023-06-01,6,2023,Government of Canada Bonds_3-10 years,1241198.325666
209,2023-06-01,6,2023,Government of Canada Bonds_All,452.863808
29,2023-06-01,6,2023,Government of Canada Bonds_Over 10 years,304338.82727
41,2023-06-01,6,2023,Government of Canada Bonds_Real Return Bonds,152409.87759
5,2023-06-01,6,2023,Government of Canada Bonds_Under 3 years,1072970.413555
173,2023-06-01,6,2023,Mortgage Backed Securities_All,52551.968151
161,2023-06-01,6,2023,Municipal Bonds_All,4294.987
197,2023-06-01,6,2023,Other Domestic Bonds_All,4740.812728
233,2023-06-01,6,2023,Other_All,35394.550278
101,2023-06-01,6,2023,Provincial Bonds_3-10 years,418736.671843
221,2023-06-01,6,2023,Provincial Bonds_All,61074.325045
113,2023-06-01,6,2023,Provincial Bonds_Over 10 years,628315.782079
89,2023-06-01,6,2023,Provincial Bonds_Under 3 years,93600.766178
186,2023-07-01,7,2023,Asset-Backed Securities_All,141.95
138,2023-07-01,7,2023,Corporate Bonds_3-10 years,18147.865804
150,2023-07-01,7,2023,Corporate Bonds_Over 10 years,6626.008
126,2023-07-01,7,2023,Corporate Bonds_Under 3 years,24003.441142
66,2023-07-01,7,2023,Federal Crown Corporation Bonds_3-10 years,247431.085901
78,2023-07-01,7,2023,Federal Crown Corporation Bonds_Over 10 years,2707.232
54,2023-07-01,7,2023,Federal Crown Corporation Bonds_Under 3 years,111823.352915
18,2023-07-01,7,2023,Government of Canada Bonds_3-10 years,1212231.753488
210,2023-07-01,7,2023,Government of Canada Bonds_All,191.759896
30,2023-07-01,7,2023,Government of Canada Bonds_Over 10 years,274994.711442
42,2023-07-01,7,2023,Government of Canada Bonds_Real Return Bonds,141562.799504
6,2023-07-01,7,2023,Government of Canada Bonds_Under 3 years,1026782.183188
174,2023-07-01,7,2023,Mortgage Backed Securities_All,56965.948043
162,2023-07-01,7,2023,Municipal Bonds_All,3180.936
198,2023-07-01,7,2023,Other Domestic Bonds_All,3991.183333
234,2023-07-01,7,2023,Other_All,35413.903128
102,2023-07-01,7,2023,Provincial Bonds_3-10 years,380886.913092
222,2023-07-01,7,2023,Provincial Bonds_All,57920.639051
114,2023-07-01,7,2023,Provincial Bonds_Over 10 years,538216.885268
90,2023-07-01,7,2023,Provincial Bonds_Under 3 years,98766.672286
187,2023-08-01,8,2023,Asset-Backed Securities_All,207.22
139,2023-08-01,8,2023,Corporate Bonds_3-10 years,16892.307586
151,2023-08-01,8,2023,Corporate Bonds_Over 10 years,6728.182
127,2023-08-01,8,2023,Corporate Bonds_Under 3 years,19615.641027
67,2023-08-01,8,2023,Federal Crown Corporation Bonds_3-10 years,211857.383766
79,2023-08-01,8,2023,Federal Crown Corporation Bonds_Over 10 years,3433.063
55,2023-08-01,8,2023,Federal Crown Corporation Bonds_Under 3 years,137530.071194
19,2023-08-01,8,2023,Government of Canada Bonds_3-10 years,1300637.108791
211,2023-08-01,8,2023,Government of Canada Bonds_All,72.1
31,2023-08-01,8,2023,Government of Canada Bonds_Over 10 years,339304.404261
43,2023-08-01,8,2023,Government of Canada Bonds_Real Return Bonds,129853.569577
7,2023-08-01,8,2023,Government of Canada Bonds_Under 3 years,1066302.81498
175,2023-08-01,8,2023,Mortgage Backed Securities_All,60258.128142
163,2023-08-01,8,2023,Municipal Bonds_All,4307.288
199,2023-08-01,8,2023,Other Domestic Bonds_All,4746.789105
235,2023-08-01,8,2023,Other_All,36303.722198
103,2023-08-01,8,2023,Provincial Bonds_3-10 years,509835.594934
223,2023-08-01,8,2023,Provincial Bonds_All,75263.193348
115,2023-08-01,8,2023,Provincial Bonds_Over 10 years,657030.41683
91,2023-08-01,8,2023,Provincial Bonds_Under 3 years,116657.259404
188,2023-09-01,9,2023,Asset-Backed Securities_All,154.64
140,2023-09-01,9,2023,Corporate Bonds_3-10 years,27185.315494
152,2023-09-01,9,2023,Corporate Bonds_Over 10 years,6776.826
128,2023-09-01,9,2023,Corporate Bonds_Under 3 years,22940.089571
68,2023-09-01,9,2023,Federal Crown Corporation Bonds_3-10 years,262463.315206
80,2023-09-01,9,2023,Federal Crown Corporation Bonds_Over 10 years,3521.506
56,2023-09-01,9,2023,Federal Crown Corporation Bonds_Under 3 years,140011.547751
20,2023-09-01,9,2023,Government of Canada Bonds_3-10 years,1337006.696177
212,2023-09-01,9,2023,Government of Canada Bonds_All,96.47
32,2023-09-01,9,2023,Government of Canada Bonds_Over 10 years,379360.876891
44,2023-09-01,9,2023,Government of Canada Bonds_Real Return Bonds,123654.527107
8,2023-09-01,9,2023,Government of Canada Bonds_Under 3 years,1114060.093765
176,2023-09-01,9,2023,Mortgage Backed Securities_All,64019.559305
164,2023-09-01,9,2023,Municipal Bonds_All,4331.1775
200,2023-09-01,9,2023,Other Domestic Bonds_All,4681.958953
236,2023-09-01,9,2023,Other_All,32159.43279
104,2023-09-01,9,2023,Provincial Bonds_3-10 years,480924.212531
224,2023-09-01,9,2023,Provincial Bonds_All,59750.344253
116,2023-09-01,9,2023,Provincial Bonds_Over 10 years,556082.254447
92,2023-09-01,9,2023,Provincial Bonds_Under 3 years,134964.746956
189,2023-10-01,10,2023,Asset-Backed Securities_All,56.24
141,2023-10-01,10,2023,Corporate Bonds_3-10 years,21798.91577
153,2023-10-01,10,2023,Corporate Bonds_Over 10 years,4332.260874
129,2023-10-01,10,2023,Corporate Bonds_Under 3 years,17767.399761
69,2023-10-01,10,2023,Federal Crown Corporation Bonds_3-10 years,262040.518255
81,2023-10-01,10,2023,Federal Crown Corporation Bonds_Over 10 years,2351.78
57,2023-10-01,10,2023,Federal Crown Corporation Bonds_Under 3 years,130713.032792
21,2023-10-01,10,2023,Government of Canada Bonds_3-10 years,1451799.647267
213,2023-10-01,10,2023,Government of Canada Bonds_All,78.680916
33,2023-10-01,10,2023,Government of Canada Bonds_Over 10 years,476342.779835
45,2023-10-01,10,2023,Government of Canada Bonds_Real Return Bonds,157510.647009
9,2023-10-01,10,2023,Government of Canada Bonds_Under 3 years,1299064.343122
177,2023-10-01,10,2023,Mortgage Backed Securities_All,56705.535919
165,2023-10-01,10,2023,Municipal Bonds_All,3331.827
201,2023-10-01,10,2023,Other Domestic Bonds_All,5109.246918
237,2023-10-01,10,2023,Other_All,22863.633784
105,2023-10-01,10,2023,Provincial Bonds_3-10 years,606198.635879
225,2023-10-01,10,2023,Provincial Bonds_All,27616.632726
117,2023-10-01,10,2023,Provincial Bonds_Over 10 years,529773.842905
93,2023-10-01,10,2023,Provincial Bonds_Under 3 years,159891.201748
190,2023-11-01,11,2023,Asset-Backed Securities_All,172.03
142,2023-11-01,11,2023,Corporate Bonds_3-10 years,18576.136744
154,2023-11-01,11,2023,Corporate Bonds_Over 10 years,764.788
130,2023-11-01,11,2023,Corporate Bonds_Under 3 years,15218.219579
70,2023-11-01,11,2023,Federal Crown Corporation Bonds_3-10 years,262964.152492
82,2023-11-01,11,2023,Federal Crown Corporation Bonds_Over 10 years,13256.903
58,2023-11-01,11,2023,Federal Crown Corporation Bonds_Under 3 years,131678.595548
22,2023-11-01,11,2023,Government of Canada Bonds_3-10 years,1414075.437555
214,2023-11-01,11,2023,Government of Canada Bonds_All,40.875
34,2023-11-01,11,2023,Government of Canada Bonds_Over 10 years,529417.165162
46,2023-11-01,11,2023,Government of Canada Bonds_Real Return Bonds,160070.349563
10,2023-11-01,11,2023,Government of Canada Bonds_Under 3 years,1179990.157443
178,2023-11-01,11,2023,Mortgage Backed Securities_All,55895.823077
166,2023-11-01,11,2023,Municipal Bonds_All,3037.635
202,2023-11-01,11,2023,Other Domestic Bonds_All,6776.635622
238,2023-11-01,11,2023,Other_All,28982.99243
106,2023-11-01,11,2023,Provincial Bonds_3-10 years,382133.764576
226,2023-11-01,11,2023,Provincial Bonds_All,22819.181992
118,2023-11-01,11,2023,Provincial Bonds_Over 10 years,494220.328457
94,2023-11-01,11,2023,Provincial Bonds_Under 3 years,108796.89957
191,2023-12-01,12,2023,Asset-Backed Securities_All,297.668802
143,2023-12-01,12,2023,Corporate Bonds_3-10 years,21924.048391
155,2023-12-01,12,2023,Corporate Bonds_Over 10 years,1261.001
131,2023-12-01,12,2023,Corporate Bonds_Under 3 years,14235.218213
71,2023-12-01,12,2023,Federal Crown Corporation Bonds_3-10 years,214391.291972
83,2023-12-01,12,2023,Federal Crown Corporation Bonds_Over 10 years,27091.121
59,2023-12-01,12,2023,Federal Crown Corporation Bonds_Under 3 years,121071.565606
23,2023-12-01,12,2023,Government of Canada Bonds_3-10 years,1404045.166571
215,2023-12-01,12,2023,Government of Canada Bonds_All,30.725
35,2023-12-01,12,2023,Government of Canada Bonds_Over 10 years,364752.713632
47,2023-12-01,12,2023,Government of Canada Bonds_Real Return Bonds,122346.4645
11,2023-12-01,12,2023,Government of Canada Bonds_Under 3 years,1044496.30474
179,2023-12-01,12,2023,Mortgage Backed Securities_All,54976.511085
167,2023-12-01,12,2023,Municipal Bonds_All,3454.2175
203,2023-12-01,12,2023,Other Domestic Bonds_All,8933.857882
239,2023-12-01,12,2023,Other_All,11264.316496
107,2023-12-01,12,2023,Provincial Bonds_3-10 years,268221.912248
227,2023-12-01,12,2023,Provincial Bonds_All,20408.161846
119,2023-12-01,12,2023,Provincial Bonds_Over 10 years,475852.168164
95,2023-12-01,12,2023,Provincial Bonds_Under 3 years,96816.527854
180,2024-01-01,1,2024,Asset-Backed Securities_All,1626.17
132,2024-01-01,1,2024,Corporate Bonds_3-10 years,26841.598574
144,2024-01-01,1,2024,Corporate Bonds_Over 10 years,2121.739
120,2024-01-01,1,2024,Corporate Bonds_Under 3 years,14908.529177
60,2024-01-01,1,2024,Federal Crown Corporation Bonds_3-10 years,248563.883699
72,2024-01-01,1,2024,Federal Crown Corporation Bonds_Over 10 years,31818.9935
48,2024-01-01,1,2024,Federal Crown Corporation Bonds_Under 3 years,135447.054198
12,2024-01-01,1,2024,Government of Canada Bonds_3-10 years,1506229.684175
204,2024-01-01,1,2024,Government of Canada Bonds_All,47.415852
24,2024-01-01,1,2024,Government of Canada Bonds_Over 10 years,462672.539304
36,2024-01-01,1,2024,Government of Canada Bonds_Real Return Bonds,129873.103708
0,2024-01-01,1,2024,Government of Canada Bonds_Under 3 years,1429355.097437
168,2024-01-01,1,2024,Mortgage Backed Securities_All,50712.119517
156,2024-01-01,1,2024,Municipal Bonds_All,4033.37112
192,2024-01-01,1,2024,Other Domestic Bonds_All,7491.428405
228,2024-01-01,1,2024,Other_All,6930.686172
96,2024-01-01,1,2024,Provincial Bonds_3-10 years,459959.60026
216,2024-01-01,1,2024,Provincial Bonds_All,15489.571191
108,2024-01-01,1,2024,Provincial Bonds_Over 10 years,610786.88752
84,2024-01-01,1,2024,Provincial Bonds_Under 3 years,131370.73535
181,2024-02-01,2,2024,Asset-Backed Securities_All,313.32
133,2024-02-01,2,2024,Corporate Bonds_3-10 years,17072.455669
145,2024-02-01,2,2024,Corporate Bonds_Over 10 years,1181.381
121,2024-02-01,2,2024,Corporate Bonds_Under 3 years,10740.694997
61,2024-02-01,2,2024,Federal Crown Corporation Bonds_3-10 years,159575.559449
73,2024-02-01,2,2024,Federal Crown Corporation Bonds_Over 10 years,38860.5798
49,2024-02-01,2,2024,Federal Crown Corporation Bonds_Under 3 years,98542.737344
13,2024-02-01,2,2024,Government of Canada Bonds_3-10 years,1505521.700675
205,2024-02-01,2,2024,Government of Canada Bonds_All,1438.175
25,2024-02-01,2,2024,Government of Canada Bonds_Over 10 years,519692.638333
37,2024-02-01,2,2024,Government of Canada Bonds_Real Return Bonds,101657.988187
1,2024-02-01,2,2024,Government of Canada Bonds_Under 3 years,1304383.517214
169,2024-02-01,2,2024,Mortgage Backed Securities_All,49403.14933
157,2024-02-01,2,2024,Municipal Bonds_All,2488.95
193,2024-02-01,2,2024,Other Domestic Bonds_All,6394.205887
229,2024-02-01,2,2024,Other_All,10185.091686
97,2024-02-01,2,2024,Provincial Bonds_3-10 years,370279.493198
217,2024-02-01,2,2024,Provincial Bonds_All,15457.683436
109,2024-02-01,2,2024,Provincial Bonds_Over 10 years,626837.898163
85,2024-02-01,2,2024,Provincial Bonds_Under 3 years,108940.33629
182,2024-03-01,3,2024,Asset-Backed Securities_All,224.922
134,2024-03-01,3,2024,Corporate Bonds_3-10 years,21726.003447
146,2024-03-01,3,2024,Corporate Bonds_Over 10 years,772.29
122,2024-03-01,3,2024,Corporate Bonds_Under 3 years,12902.605262
62,2024-03-01,3,2024,Federal Crown Corporation Bonds_3-10 years,171129.74397
74,2024-03-01,3,2024,Federal Crown Corporation Bonds_Over 10 years,16820.948
50,2024-03-01,3,2024,Federal Crown Corporation Bonds_Under 3 years,97689.304088
14,2024-03-01,3,2024,Government of Canada Bonds_3-10 years,1522804.235814
206,2024-03-01,3,2024,Government of Canada Bonds_All,1534.7
26,2024-03-01,3,2024,Government of Canada Bonds_Over 10 years,579714.087627
38,2024-03-01,3,2024,Government of Canada Bonds_Real Return Bonds,112930.420953
2,2024-03-01,3,2024,Government of Canada Bonds_Under 3 years,1404505.279369
170,2024-03-01,3,2024,Mortgage Backed Securities_All,44366.920932
158,2024-03-01,3,2024,Municipal Bonds_All,2886.423
194,2024-03-01,3,2024,Other Domestic Bonds_All,8924.970001
230,2024-03-01,3,2024,Other_All,13354.943192
98,2024-03-01,3,2024,Provincial Bonds_3-10 years,371826.621226
218,2024-03-01,3,2024,Provincial Bonds_All,21158.560088
110,2024-03-01,3,2024,Provincial Bonds_Over 10 years,647277.952385
86,2024-03-01,3,2024,Provincial Bonds_Under 3 years,104852.177398
183,2024-04-01,4,2024,Asset-Backed Securities_All,81.362
135,2024-04-01,4,2024,Corporate Bonds_3-10 years,27866.621516
147,2024-04-01,4,2024,Corporate Bonds_Over 10 years,762.922
123,2024-04-01,4,2024,Corporate Bonds_Under 3 years,14518.166726
63,2024-04-01,4,2024,Federal Crown Corporation Bonds_3-10 years,194751.003071
75,2024-04-01,4,2024,Federal Crown Corporation Bonds_Over 10 years,1527.321
51,2024-04-01,4,2024,Federal Crown Corporation Bonds_Under 3 years,110078.608206
15,2024-04-01,4,2024,Government of Canada Bonds_3-10 years,1622573.599895
207,2024-04-01,4,2024,Government of Canada Bonds_All,1700.377
27,2024-04-01,4,2024,Government of Canada Bonds_Over 10 years,707996.115008
39,2024-04-01,4,2024,Government of Canada Bonds_Real Return Bonds,129071.078192
3,2024-04-01,4,2024,Government of Canada Bonds_Under 3 years,1332000.468021
171,2024-04-01,4,2024,Mortgage Backed Securities_All,45027.287908
159,2024-04-01,4,2024,Municipal Bonds_All,4286.313
195,2024-04-01,4,2024,Other Domestic Bonds_All,6578.364157
231,2024-04-01,4,2024,Other_All,13965.90648
99,2024-04-01,4,2024,Provincial Bonds_3-10 years,402481.629817
219,2024-04-01,4,2024,Provincial Bonds_All,29583.238758
111,2024-04-01,4,2024,Provincial Bonds_Over 10 years,713634.933542
87,2024-04-01,4,2024,Provincial Bonds_Under 3 years,93507.220622
184,2024-05-01,5,2024,Asset-Backed Securities_All,253.71
136,2024-05-01,5,2024,Corporate Bonds_3-10 years,32732.900634
148,2024-05-01,5,2024,Corporate Bonds_Over 10 years,418.867
124,2024-05-01,5,2024,Corporate Bonds_Under 3 years,14139.13872
64,2024-05-01,5,2024,Federal Crown Corporation Bonds_3-10 years,231370.23065
76,2024-05-01,5,2024,Federal Crown Corporation Bonds_Over 10 years,1209.85
52,2024-05-01,5,2024,Federal Crown Corporation Bonds_Under 3 years,105843.050334
16,2024-05-01,5,2024,Government of Canada Bonds_3-10 years,1524426.388695
208,2024-05-01,5,2024,Government of Canada Bonds_All,1982.938724
28,2024-05-01,5,2024,Government of Canada Bonds_Over 10 years,769050.050313
40,2024-05-01,5,2024,Government of Canada Bonds_Real Return Bonds,110782.523679
4,2024-05-01,5,2024,Government of Canada Bonds_Under 3 years,1205747.10681
172,2024-05-01,5,2024,Mortgage Backed Securities_All,42817.55704
160,2024-05-01,5,2024,Municipal Bonds_All,3024.886
196,2024-05-01,5,2024,Other Domestic Bonds_All,3298.571105
232,2024-05-01,5,2024,Other_All,20866.42282
100,2024-05-01,5,2024,Provincial Bonds_3-10 years,308219.671352
220,2024-05-01,5,2024,Provincial Bonds_All,35551.083925
112,2024-05-01,5,2024,Provincial Bonds_Over 10 years,690585.647901
88,2024-05-01,5,2024,Provincial Bonds_Under 3 years,69738.75731
185,2024-06-01,6,2024,Asset-Backed Securities_All,86.9
137,2024-06-01,6,2024,Corporate Bonds_3-10 years,27262.77465
149,2024-06-01,6,2024,Corporate Bonds_Over 10 years,1182.49
125,2024-06-01,6,2024,Corporate Bonds_Under 3 years,20727.983087
65,2024-06-01,6,2024,Federal Crown Corporation Bonds_3-10 years,229527.102094
77,2024-06-01,6,2024,Federal Crown Corporation Bonds_Over 10 years,1830.87
53,2024-06-01,6,2024,Federal Crown Corporation Bonds_Under 3 years,112868.765502
17,2024-06-01,6,2024,Government of Canada Bonds_3-10 years,1845806.944482
209,2024-06-01,6,2024,Government of Canada Bonds_All,1733.1
29,2024-06-01,6,2024,Government of Canada Bonds_Over 10 years,546379.514564
41,2024-06-01,6,2024,Government of Canada Bonds_Real Return Bonds,129933.499489
5,2024-06-01,6,2024,Government of Canada Bonds_Under 3 years,1268079.19946
173,2024-06-01,6,2024,Mortgage Backed Securities_All,35710.571384
161,2024-06-01,6,2024,Municipal Bonds_All,3478.55
197,2024-06-01,6,2024,Other Domestic Bonds_All,3161.567739
233,2024-06-01,6,2024,Other_All,24705.193328
101,2024-06-01,6,2024,Provincial Bonds_3-10 years,389196.541066
221,2024-06-01,6,2024,Provincial Bonds_All,52793.057794
113,2024-06-01,6,2024,Provincial Bonds_Over 10 years,709669.440931
89,2024-06-01,6,2024,Provincial Bonds_Under 3 years,114587.37262
186,2024-07-01,7,2024,Asset-Backed Securities_All,134.64
138,2024-07-01,7,2024,Corporate Bonds_3-10 years,19320.831955
150,2024-07-01,7,2024,Corporate Bonds_Over 10 years,891.028288
126,2024-07-01,7,2024,Corporate Bonds_Under 3 years,25291.714271
66,2024-07-01,7,2024,Federal Crown Corporation Bonds_3-10 years,288395.292042
78,2024-07-01,7,2024,Federal Crown Corporation Bonds_Over 10 years,907.838084
54,2024-07-01,7,2024,Federal Crown Corporation Bonds_Under 3 years,145121.278202
18,2024-07-01,7,2024,Government of Canada Bonds_3-10 years,1923354.11311
210,2024-07-01,7,2024,Government of Canada Bonds_All,2073.977
30,2024-07-01,7,2024,Government of Canada Bonds_Over 10 years,522638.26554
42,2024-07-01,7,2024,Government of Canada Bonds_Real Return Bonds,121331.227434
6,2024-07-01,7,2024,Government of Canada Bonds_Under 3 years,1322925.512782
174,2024-07-01,7,2024,Mortgage Backed Securities_All,48161.282545
162,2024-07-01,7,2024,Municipal Bonds_All,3108.696
198,2024-07-01,7,2024,Other Domestic Bonds_All,3123.752465
234,2024-07-01,7,2024,Other_All,27929.112968
102,2024-07-01,7,2024,Provincial Bonds_3-10 years,352757.65704
222,2024-07-01,7,2024,Provincial Bonds_All,53284.132746
114,2024-07-01,7,2024,Provincial Bonds_Over 10 years,812431.468403
90,2024-07-01,7,2024,Provincial Bonds_Under 3 years,150216.299466
187,2024-08-01,8,2024,Asset-Backed Securities_All,263.38
139,2024-08-01,8,2024,Corporate Bonds_3-10 years,13598.338108
151,2024-08-01,8,2024,Corporate Bonds_Over 10 years,548.997
127,2024-08-01,8,2024,Corporate Bonds_Under 3 years,16572.348173
67,2024-08-01,8,2024,Federal Crown Corporation Bonds_3-10 years,317229.614494
79,2024-08-01,8,2024,Federal Crown Corporation Bonds_Over 10 years,11935.587252
55,2024-08-01,8,2024,Federal Crown Corporation Bonds_Under 3 years,137986.519142
19,2024-08-01,8,2024,Government of Canada Bonds_3-10 years,1714750.950464
211,2024-08-01,8,2024,Government of Canada Bonds_All,1971.325
31,2024-08-01,8,2024,Government of Canada Bonds_Over 10 years,444308.036313
43,2024-08-01,8,2024,Government of Canada Bonds_Real Return Bonds,137453.54978
7,2024-08-01,8,2024,Government of Canada Bonds_Under 3 years,1258393.281307
175,2024-08-01,8,2024,Mortgage Backed Securities_All,44616.836075
163,2024-08-01,8,2024,Municipal Bonds_All,2989.894
199,2024-08-01,8,2024,Other Domestic Bonds_All,3611.258329
235,2024-08-01,8,2024,Other_All,26695.01763
103,2024-08-01,8,2024,Provincial Bonds_3-10 years,310259.611756
223,2024-08-01,8,2024,Provincial Bonds_All,53410.375549
115,2024-08-01,8,2024,Provincial Bonds_Over 10 years,835187.116792
91,2024-08-01,8,2024,Provincial Bonds_Under 3 years,121956.10366
188,2024-09-01,9,2024,Asset-Backed Securities_All,82.7600000000001
140,2024-09-01,9,2024,Corporate Bonds_3-10 years,11210.833825
152,2024-09-01,9,2024,Corporate Bonds_Over 10 years,1210.709
128,2024-09-01,9,2024,Corporate Bonds_Under 3 years,13803.473511
68,2024-09-01,9,2024,Federal Crown Corporation Bonds_3-10 years,290911.323644
80,2024-09-01,9,2024,Federal Crown Corporation Bonds_Over 10 years,22425.434168
56,2024-09-01,9,2024,Federal Crown Corporation Bonds_Under 3 years,118224.098294
20,2024-09-01,9,2024,Government of Canada Bonds_3-10 years,1593632.982564
212,2024-09-01,9,2024,Government of Canada Bonds_All,1851.675
32,2024-09-01,9,2024,Government of Canada Bonds_Over 10 years,425041.155211
44,2024-09-01,9,2024,Government of Canada Bonds_Real Return Bonds,172533.840401
8,2024-09-01,9,2024,Government of Canada Bonds_Under 3 years,1249346.155121
176,2024-09-01,9,2024,Mortgage Backed Securities_All,53551.807883
164,2024-09-01,9,2024,Municipal Bonds_All,3047.627
200,2024-09-01,9,2024,Other Domestic Bonds_All,4119.664491
236,2024-09-01,9,2024,Other_All,24758.407648
104,2024-09-01,9,2024,Provincial Bonds_3-10 years,324056.245493
224,2024-09-01,9,2024,Provincial Bonds_All,45758.619991
116,2024-09-01,9,2024,Provincial Bonds_Over 10 years,842598.017299
92,2024-09-01,9,2024,Provincial Bonds_Under 3 years,129601.287894
189,2024-10-01,10,2024,Asset-Backed Securities_All,194.511
141,2024-10-01,10,2024,Corporate Bonds_3-10 years,10309.004851
153,2024-10-01,10,2024,Corporate Bonds_Over 10 years,1073.625
129,2024-10-01,10,2024,Corporate Bonds_Under 3 years,12905.623226
69,2024-10-01,10,2024,Federal Crown Corporation Bonds_3-10 years,289607.560394
81,2024-10-01,10,2024,Federal Crown Corporation Bonds_Over 10 years,46535.85021
57,2024-10-01,10,2024,Federal Crown Corporation Bonds_Under 3 years,138948.736954
21,2024-10-01,10,2024,Government of Canada Bonds_3-10 years,1737631.786708
213,2024-10-01,10,2024,Government of Canada Bonds_All,2167.052
33,2024-10-01,10,2024,Government of Canada Bonds_Over 10 years,567051.373023
45,2024-10-01,10,2024,Government of Canada Bonds_Real Return Bonds,178759.334435
9,2024-10-01,10,2024,Government of Canada Bonds_Under 3 years,1515412.272446
177,2024-10-01,10,2024,Mortgage Backed Securities_All,62815.878568
165,2024-10-01,10,2024,Municipal Bonds_All,2593.256
201,2024-10-01,10,2024,Other Domestic Bonds_All,3310.376641
237,2024-10-01,10,2024,Other_All,26909.012566
105,2024-10-01,10,2024,Provincial Bonds_3-10 years,384034.3335
225,2024-10-01,10,2024,Provincial Bonds_All,47835.683588
117,2024-10-01,10,2024,Provincial Bonds_Over 10 years,935624.237266
93,2024-10-01,10,2024,Provincial Bonds_Under 3 years,165531.16635
190,2024-11-01,11,2024,Asset-Backed Securities_All,360.88
142,2024-11-01,11,2024,Corporate Bonds_3-10 years,5534.686717
154,2024-11-01,11,2024,Corporate Bonds_Over 10 years,1254.030288
130,2024-11-01,11,2024,Corporate Bonds_Under 3 years,6684.510265
70,2024-11-01,11,2024,Federal Crown Corporation Bonds_3-10 years,286649.233606
82,2024-11-01,11,2024,Federal Crown Corporation Bonds_Over 10 years,35887.032662
58,2024-11-01,11,2024,Federal Crown Corporation Bonds_Under 3 years,112821.992184
22,2024-11-01,11,2024,Government of Canada Bonds_3-10 years,1539550.013713
214,2024-11-01,11,2024,Government of Canada Bonds_All,699.136932
34,2024-11-01,11,2024,Government of Canada Bonds_Over 10 years,507225.732953
46,2024-11-01,11,2024,Government of Canada Bonds_Real Return Bonds,217978.192805
10,2024-11-01,11,2024,Government of Canada Bonds_Under 3 years,1276076.271097
178,2024-11-01,11,2024,Mortgage Backed Securities_All,59711.118725
166,2024-11-01,11,2024,Municipal Bonds_All,1797.915
202,2024-11-01,11,2024,Other Domestic Bonds_All,2864.15346
238,2024-11-01,11,2024,Other_All,24101.438526
106,2024-11-01,11,2024,Provincial Bonds_3-10 years,367625.959918
226,2024-11-01,11,2024,Provincial Bonds_All,45740.131948
118,2024-11-01,11,2024,Provincial Bonds_Over 10 years,638590.958815
94,2024-11-01,11,2024,Provincial Bonds_Under 3 years,137708.009034
191,2024-12-01,12,2024,Asset-Backed Securities_All,83.96
143,2024-12-01,12,2024,Corporate Bonds_3-10 years,6295.48201
155,2024-12-01,12,2024,Corporate Bonds_Over 10 years,1650.411
131,2024-12-01,12,2024,Corporate Bonds_Under 3 years,9356.781652
71,2024-12-01,12,2024,Federal Crown Corporation Bonds_3-10 years,310234.171011
83,2024-12-01,12,2024,Federal Crown Corporation Bonds_Over 10 years,19129.694126
59,2024-12-01,12,2024,Federal Crown Corporation Bonds_Under 3 years,115629.857406
23,2024-12-01,12,2024,Government of Canada Bonds_3-10 years,1582521.711296
215,2024-12-01,12,2024,Government of Canada Bonds_All,384.6
35,2024-12-01,12,2024,Government of Canada Bonds_Over 10 years,377730.323482
47,2024-12-01,12,2024,Government of Canada Bonds_Real Return Bonds,162118.131994
11,2024-12-01,12,2024,Government of Canada Bonds_Under 3 years,1025911.030825
179,2024-12-01,12,2024,Mortgage Backed Securities_All,65903.274521
167,2024-12-01,12,2024,Municipal Bonds_All,2410.172
203,2024-12-01,12,2024,Other Domestic Bonds_All,2287.313095
239,2024-12-01,12,2024,Other_All,28185.878561
107,2024-12-01,12,2024,Provincial Bonds_3-10 years,394739.925277
227,2024-12-01,12,2024,Provincial Bonds_All,71480.710333
119,2024-12-01,12,2024,Provincial Bonds_Over 10 years,662441.137637
95,2024-12-01,12,2024,Provincial Bonds_Under 3 years,122874.462798
180,2025-01-01,1,2025,Asset-Backed Securities_All,1631.254
132,2025-01-01,1,2025,Corporate Bonds_3-10 years,7963.554486
144,2025-01-01,1,2025,Corporate Bonds_Over 10 years,1981.2733
120,2025-01-01,1,2025,Corporate Bonds_Under 3 years,8640.421391
60,2025-01-01,1,2025,Federal Crown Corporation Bonds_3-10 years,312584.029943
72,2025-01-01,1,2025,Federal Crown Corporation Bonds_Over 10 years,3441.09934
48,2025-01-01,1,2025,Federal Crown Corporation Bonds_Under 3 years,175824.480392
12,2025-01-01,1,2025,Government of Canada Bonds_3-10 years,1756402.236619
204,2025-01-01,1,2025,Government of Canada Bonds_All,438.552
24,2025-01-01,1,2025,Government of Canada Bonds_Over 10 years,500612.687533
36,2025-01-01,1,2025,Government of Canada Bonds_Real Return Bonds,180955.207912
0,2025-01-01,1,2025,Government of Canada Bonds_Under 3 years,1140714.136604
168,2025-01-01,1,2025,Mortgage Backed Securities_All,68395.034981
156,2025-01-01,1,2025,Municipal Bonds_All,2782.332
192,2025-01-01,1,2025,Other Domestic Bonds_All,1891.619535
228,2025-01-01,1,2025,Other_All,29161.151736
96,2025-01-01,1,2025,Provincial Bonds_3-10 years,450482.027066
216,2025-01-01,1,2025,Provincial Bonds_All,80880.084149
108,2025-01-01,1,2025,Provincial Bonds_Over 10 years,740362.33461
84,2025-01-01,1,2025,Provincial Bonds_Under 3 years,146821.842384
181,2025-02-01,2,2025,Asset-Backed Securities_All,261.95
133,2025-02-01,2,2025,Corporate Bonds_3-10 years,8077.352826
145,2025-02-01,2,2025,Corporate Bonds_Over 10 years,1475.771847
121,2025-02-01,2,2025,Corporate Bonds_Under 3 years,11273.946636
61,2025-02-01,2,2025,Federal Crown Corporation Bonds_3-10 years,269718.379755
73,2025-02-01,2,2025,Federal Crown Corporation Bonds_Over 10 years,7004.136262
49,2025-02-01,2,2025,Federal Crown Corporation Bonds_Under 3 years,116999.75287
13,2025-02-01,2,2025,Government of Canada Bonds_3-10 years,1802479.040965
205,2025-02-01,2,2025,Government of Canada Bonds_All,1388.4
25,2025-02-01,2,2025,Government of Canada Bonds_Over 10 years,504508.958482
37,2025-02-01,2,2025,Government of Canada Bonds_Real Return Bonds,215481.890062
1,2025-02-01,2,2025,Government of Canada Bonds_Under 3 years,1200967.491925
169,2025-02-01,2,2025,Mortgage Backed Securities_All,58061.907666
157,2025-02-01,2,2025,Municipal Bonds_All,2596.452
193,2025-02-01,2,2025,Other Domestic Bonds_All,3080.24015
229,2025-02-01,2,2025,Other_All,22388.551893
97,2025-02-01,2,2025,Provincial Bonds_3-10 years,410351.269045
217,2025-02-01,2,2025,Provincial Bonds_All,69405.197205
109,2025-02-01,2,2025,Provincial Bonds_Over 10 years,636106.799258
85,2025-02-01,2,2025,Provincial Bonds_Under 3 years,119737.24331
182,2025-03-01,3,2025,Asset-Backed Securities_All,95.025
134,2025-03-01,3,2025,Corporate Bonds_3-10 years,9223.627301
146,2025-03-01,3,2025,Corporate Bonds_Over 10 years,3481.881689
122,2025-03-01,3,2025,Corporate Bonds_Under 3 years,11871.976345
62,2025-03-01,3,2025,Federal Crown Corporation Bonds_3-10 years,323594.886979
74,2025-03-01,3,2025,Federal Crown Corporation Bonds_Over 10 years,11136.117282
50,2025-03-01,3,2025,Federal Crown Corporation Bonds_Under 3 years,135627.730593
14,2025-03-01,3,2025,Government of Canada Bonds_3-10 years,1795667.474947
206,2025-03-01,3,2025,Government of Canada Bonds_All,1814.975
26,2025-03-01,3,2025,Government of Canada Bonds_Over 10 years,595907.103601
38,2025-03-01,3,2025,Government of Canada Bonds_Real Return Bonds,221096.5486
2,2025-03-01,3,2025,Government of Canada Bonds_Under 3 years,1356185.752903
170,2025-03-01,3,2025,Mortgage Backed Securities_All,68217.040173
158,2025-03-01,3,2025,Municipal Bonds_All,4420.258168
194,2025-03-01,3,2025,Other Domestic Bonds_All,2846.467024
230,2025-03-01,3,2025,Other_All,25263.232801
98,2025-03-01,3,2025,Provincial Bonds_3-10 years,497191.378351
218,2025-03-01,3,2025,Provincial Bonds_All,84709.154608
110,2025-03-01,3,2025,Provincial Bonds_Over 10 years,740833.991781
86,2025-03-01,3,2025,Provincial Bonds_Under 3 years,132598.922978
183,2025-04-01,4,2025,Asset-Backed Securities_All,375.965
135,2025-04-01,4,2025,Corporate Bonds_3-10 years,10536.657955
147,2025-04-01,4,2025,Corporate Bonds_Over 10 years,3289.374892
123,2025-04-01,4,2025,Corporate Bonds_Under 3 years,10849.622344
63,2025-04-01,4,2025,Federal Crown Corporation Bonds_3-10 years,340602.599158
75,2025-04-01,4,2025,Federal Crown Corporation Bonds_Over 10 years,2931.602894
51,2025-04-01,4,2025,Federal Crown Corporation Bonds_Under 3 years,141457.130987
15,2025-04-01,4,2025,Government of Canada Bonds_3-10 years,1719629.844594
207,2025-04-01,4,2025,Government of Canada Bonds_All,1643.337
27,2025-04-01,4,2025,Government of Canada Bonds_Over 10 years,576567.513507
39,2025-04-01,4,2025,Government of Canada Bonds_Real Return Bonds,217261.492954
3,2025-04-01,4,2025,Government of Canada Bonds_Under 3 years,1324439.55526
171,2025-04-01,4,2025,Mortgage Backed Securities_All,71501.511521
159,2025-04-01,4,2025,Municipal Bonds_All,3639.994
195,2025-04-01,4,2025,Other Domestic Bonds_All,2731.554276
231,2025-04-01,4,2025,Other_All,24785.021102
99,2025-04-01,4,2025,Provincial Bonds_3-10 years,471604.369581
219,2025-04-01,4,2025,Provincial Bonds_All,86388.098936
111,2025-04-01,4,2025,Provincial Bonds_Over 10 years,767887.667474
87,2025-04-01,4,2025,Provincial Bonds_Under 3 years,125550.702357
184,2025-05-01,5,2025,Asset-Backed Securities_All,572.84
136,2025-05-01,5,2025,Corporate Bonds_3-10 years,9672.983833
148,2025-05-01,5,2025,Corporate Bonds_Over 10 years,3033.572442
124,2025-05-01,5,2025,Corporate Bonds_Under 3 years,13355.640584
64,2025-05-01,5,2025,Federal Crown Corporation Bonds_3-10 years,370260.604968
76,2025-05-01,5,2025,Federal Crown Corporation Bonds_Over 10 years,9267.430794
52,2025-05-01,5,2025,Federal Crown Corporation Bonds_Under 3 years,121726.650964
16,2025-05-01,5,2025,Government of Canada Bonds_3-10 years,1923677.209772
208,2025-05-01,5,2025,Government of Canada Bonds_All,2338.425
28,2025-05-01,5,2025,Government of Canada Bonds_Over 10 years,743475.912596
40,2025-05-01,5,2025,Government of Canada Bonds_Real Return Bonds,283051.345479
4,2025-05-01,5,2025,Government of Canada Bonds_Under 3 years,1413006.96314
172,2025-05-01,5,2025,Mortgage Backed Securities_All,69198.071067
160,2025-05-01,5,2025,Municipal Bonds_All,3419.741
196,2025-05-01,5,2025,Other Domestic Bonds_All,3442.457108
232,2025-05-01,5,2025,Other_All,25577.905006
100,2025-05-01,5,2025,Provincial Bonds_3-10 years,505523.85543
220,2025-05-01,5,2025,Provincial Bonds_All,95921.162847
112,2025-05-01,5,2025,Provincial Bonds_Over 10 years,835603.181737
88,2025-05-01,5,2025,Provincial Bonds_Under 3 years,127047.282667
185,2025-06-01,6,2025,Asset-Backed Securities_All,449.064
137,2025-06-01,6,2025,Corporate Bonds_3-10 years,12725.28187
149,2025-06-01,6,2025,Corporate Bonds_Over 10 years,3054.577146
125,2025-06-01,6,2025,Corporate Bonds_Under 3 years,17976.722086
65,2025-06-01,6,2025,Federal Crown Corporation Bonds_3-10 years,379978.224704
77,2025-06-01,6,2025,Federal Crown Corporation Bonds_Over 10 years,22252.91868
53,2025-06-01,6,2025,Federal Crown Corporation Bonds_Under 3 years,130858.822123
17,2025-06-01,6,2025,Government of Canada Bonds_3-10 years,2219054.205788
209,2025-06-01,6,2025,Government of Canada Bonds_All,2461.415
29,2025-06-01,6,2025,Government of Canada Bonds_Over 10 years,537061.422137
41,2025-06-01,6,2025,Government of Canada Bonds_Real Return Bonds,283581.094921
5,2025-06-01,6,2025,Government of Canada Bonds_Under 3 years,1413315.500763
173,2025-06-01,6,2025,Mortgage Backed Securities_All,77288.901183
161,2025-06-01,6,2025,Municipal Bonds_All,4532.296
197,2025-06-01,6,2025,Other Domestic Bonds_All,3756.63299
233,2025-06-01,6,2025,Other_All,26665.562058
101,2025-06-01,6,2025,Provincial Bonds_3-10 years,537274.404414
221,2025-06-01,6,2025,Provincial Bonds_All,95666.286066
113,2025-06-01,6,2025,Provincial Bonds_Over 10 years,979866.505474
89,2025-06-01,6,2025,Provincial Bonds_Under 3 years,130670.903367
186,2025-07-01,7,2025,Asset-Backed Securities_All,1232.02
138,2025-07-01,7,2025,Corporate Bonds_3-10 years,24490.238308
150,2025-07-01,7,2025,Corporate Bonds_Over 10 years,4581.73976
126,2025-07-01,7,2025,Corporate Bonds_Under 3 years,18950.049112
66,2025-07-01,7,2025,Federal Crown Corporation Bonds_3-10 years,346694.159569
78,2025-07-01,7,2025,Federal Crown Corporation Bonds_Over 10 years,25819.821752
54,2025-07-01,7,2025,Federal Crown Corporation Bonds_Under 3 years,121515.485067
18,2025-07-01,7,2025,Government of Canada Bonds_3-10 years,1818332.730989
210,2025-07-01,7,2025,Government of Canada Bonds_All,2553.552
30,2025-07-01,7,2025,Government of Canada Bonds_Over 10 years,612266.14697
42,2025-07-01,7,2025,Government of Canada Bonds_Real Return Bonds,298587.646669
6,2025-07-01,7,2025,Government of Canada Bonds_Under 3 years,1536442.593152
174,2025-07-01,7,2025,Mortgage Backed Securities_All,75887.868418
162,2025-07-01,7,2025,Municipal Bonds_All,3668.742
198,2025-07-01,7,2025,Other Domestic Bonds_All,293.429915
234,2025-07-01,7,2025,Other_All,29564.223384
102,2025-07-01,7,2025,Provincial Bonds_3-10 years,525947.406178
222,2025-07-01,7,2025,Provincial Bonds_All,89437.714241
114,2025-07-01,7,2025,Provincial Bonds_Over 10 years,907221.773221
90,2025-07-01,7,2025,Provincial Bonds_Under 3 years,134616.648174
187,2025-08-01,8,2025,Asset-Backed Securities_All,1497.637
139,2025-08-01,8,2025,Corporate Bonds_3-10 years,25406.29848
151,2025-08-01,8,2025,Corporate Bonds_Over 10 years,5033.348258
127,2025-08-01,8,2025,Corporate Bonds_Under 3 years,13731.21592
67,2025-08-01,8,2025,Federal Crown Corporation Bonds_3-10 years,325367.209384
79,2025-08-01,8,2025,Federal Crown Corporation Bonds_Over 10 years,27905.269864
55,2025-08-01,8,2025,Federal Crown Corporation Bonds_Under 3 years,79445.935562
19,2025-08-01,8,2025,Government of Canada Bonds_3-10 years,1943238.61512
211,2025-08-01,8,2025,Government of Canada Bonds_All,2342.35466
31,2025-08-01,8,2025,Government of Canada Bonds_Over 10 years,593190.298576
43,2025-08-01,8,2025,Government of Canada Bonds_Real Return Bonds,146117.059684
7,2025-08-01,8,2025,Government of Canada Bonds_Under 3 years,1381554.529215
175,2025-08-01,8,2025,Mortgage Backed Securities_All,74732.738036
163,2025-08-01,8,2025,Municipal Bonds_All,3395.94
199,2025-08-01,8,2025,Other Domestic Bonds_All,725.1176
235,2025-08-01,8,2025,Other_All,25140.67144
103,2025-08-01,8,2025,Provincial Bonds_3-10 years,498956.905319
223,2025-08-01,8,2025,Provincial Bonds_All,77365.744957
115,2025-08-01,8,2025,Provincial Bonds_Over 10 years,854402.504311
91,2025-08-01,8,2025,Provincial Bonds_Under 3 years,130650.47537
188,2025-09-01,9,2025,Asset-Backed Securities_All,2169.507638
140,2025-09-01,9,2025,Corporate Bonds_3-10 years,42532.92803
152,2025-09-01,9,2025,Corporate Bonds_Over 10 years,10063.01249
128,2025-09-01,9,2025,Corporate Bonds_Under 3 years,23703.39934
68,2025-09-01,9,2025,Federal Crown Corporation Bonds_3-10 years,394956.155278
80,2025-09-01,9,2025,Federal Crown Corporation Bonds_Over 10 years,19798.301475
56,2025-09-01,9,2025,Federal Crown Corporation Bonds_Under 3 years,105513.855967
20,2025-09-01,9,2025,Government of Canada Bonds_3-10 years,1896607.267333
212,2025-09-01,9,2025,Government of Canada Bonds_All,2543.422
32,2025-09-01,9,2025,Government of Canada Bonds_Over 10 years,690930.35444
44,2025-09-01,9,2025,Government of Canada Bonds_Real Return Bonds,183573.671172
8,2025-09-01,9,2025,Government of Canada Bonds_Under 3 years,1477158.876483
176,2025-09-01,9,2025,Mortgage Backed Securities_All,81718.751437
164,2025-09-01,9,2025,Municipal Bonds_All,3504.675
200,2025-09-01,9,2025,Other Domestic Bonds_All,211.785501
236,2025-09-01,9,2025,Other_All,29626.899152
104,2025-09-01,9,2025,Provincial Bonds_3-10 years,605662.063035
224,2025-09-01,9,2025,Provincial Bonds_All,103412.718546
116,2025-09-01,9,2025,Provincial Bonds_Over 10 years,956503.743212
92,2025-09-01,9,2025,Provincial Bonds_Under 3 years,157496.201038
189,2025-10-01,10,2025,Asset-Backed Securities_All,5270.611483
141,2025-10-01,10,2025,Corporate Bonds_3-10 years,45778.419239
153,2025-10-01,10,2025,Corporate Bonds_Over 10 years,8372.159076
129,2025-10-01,10,2025,Corporate Bonds_Under 3 years,37070.569725
69,2025-10-01,10,2025,Federal Crown Corporation Bonds_3-10 years,406854.543092
81,2025-10-01,10,2025,Federal Crown Corporation Bonds_Over 10 years,8195.380846
57,2025-10-01,10,2025,Federal Crown Corporation Bonds_Under 3 years,101946.571042
21,2025-10-01,10,2025,Government of Canada Bonds_3-10 years,2243491.434761
213,2025-10-01,10,2025,Government of Canada Bonds_All,2670.624
33,2025-10-01,10,2025,Government of Canada Bonds_Over 10 years,937894.959824
45,2025-10-01,10,2025,Government of Canada Bonds_Real Return Bonds,232943.581952
9,2025-10-01,10,2025,Government of Canada Bonds_Under 3 years,1493368.623653
177,2025-10-01,10,2025,Mortgage Backed Securities_All,86558.432904
165,2025-10-01,10,2025,Municipal Bonds_All,3909.403
201,2025-10-01,10,2025,Other Domestic Bonds_All,6.898
237,2025-10-01,10,2025,Other_All,31024.522526
105,2025-10-01,10,2025,Provincial Bonds_3-10 years,662055.2529
225,2025-10-01,10,2025,Provincial Bonds_All,105647.516644
117,2025-10-01,10,2025,Provincial Bonds_Over 10 years,953265.764911
93,2025-10-01,10,2025,Provincial Bonds_Under 3 years,150968.251653
190,2025-11-01,11,2025,Asset-Backed Securities_All,1068.566483
142,2025-11-01,11,2025,Corporate Bonds_3-10 years,34802.458751
154,2025-11-01,11,2025,Corporate Bonds_Over 10 years,3901.935684
130,2025-11-01,11,2025,Corporate Bonds_Under 3 years,19997.103268
70,2025-11-01,11,2025,Federal Crown Corporation Bonds_3-10 years,376545.814505
82,2025-11-01,11,2025,Federal Crown Corporation Bonds_Over 10 years,7230.266822
58,2025-11-01,11,2025,Federal Crown Corporation Bonds_Under 3 years,85169.283017
22,2025-11-01,11,2025,Government of Canada Bonds_3-10 years,1901613.795904
214,2025-11-01,11,2025,Government of Canada Bonds_All,1129.758
34,2025-11-01,11,2025,Government of Canada Bonds_Over 10 years,769346.884024
46,2025-11-01,11,2025,Government of Canada Bonds_Real Return Bonds,204763.007451
10,2025-11-01,11,2025,Government of Canada Bonds_Under 3 years,1402926.374935
178,2025-11-01,11,2025,Mortgage Backed Securities_All,70320.132322
166,2025-11-01,11,2025,Municipal Bonds_All,3803.553
202,2025-11-01,11,2025,Other Domestic Bonds_All,2.3
238,2025-11-01,11,2025,Other_All,25459.431346
106,2025-11-01,11,2025,Provincial Bonds_3-10 years,535978.467234
226,2025-11-01,11,2025,Provincial Bonds_All,81095.605915
118,2025-11-01,11,2025,Provincial Bonds_Over 10 years,897940.43151
94,2025-11-01,11,2025,Provincial Bonds_Under 3 years,110689.432579
191,2025-12-01,12,2025,Asset-Backed Securities_All,3909.183
143,2025-12-01,12,2025,Corporate Bonds_3-10 years,39394.4363
155,2025-12-01,12,2025,Corporate Bonds_Over 10 years,4427.163724
131,2025-12-01,12,2025,Corporate Bonds_Under 3 years,20022.459639
71,2025-12-01,12,2025,Federal Crown Corporation Bonds_3-10 years,386554.433372
83,2025-12-01,12,2025,Federal Crown Corporation Bonds_Over 10 years,19131.269734
59,2025-12-01,12,2025,Federal Crown Corporation Bonds_Under 3 years,108865.949769
23,2025-12-01,12,2025,Government of Canada Bonds_3-10 years,2408822.357937
215,2025-12-01,12,2025,Government of Canada Bonds_All,600.7
35,2025-12-01,12,2025,Government of Canada Bonds_Over 10 years,604619.156218
47,2025-12-01,12,2025,Government of Canada Bonds_Real Return Bonds,213446.679988
11,2025-12-01,12,2025,Government of Canada Bonds_Under 3 years,1564849.110145
179,2025-12-01,12,2025,Mortgage Backed Securities_All,65980.522074
167,2025-12-01,12,2025,Municipal Bonds_All,3159.835868
203,2025-12-01,12,2025,Other Domestic Bonds_All,1.1
239,2025-12-01,12,2025,Other_All,26524.768934
107,2025-12-01,12,2025,Provincial Bonds_3-10 years,606636.465776
227,2025-12-01,12,2025,Provincial Bonds_All,70624.40129
119,2025-12-01,12,2025,Provincial Bonds_Over 10 years,1042644.510972
95,2025-12-01,12,2025,Provincial Bonds_Under 3 years,125693.43592
