,date,month,year,instruments,volume,Segment,AssetClass,Duration
132,2018-01-01,1,2018,Asset-Backed Securities_All,1768,BOND,Asset-Backed Securities,All
96,2018-01-01,1,2018,Corporate Bonds_Over 10 years,4315,BOND,Corporate Bonds,Over 10 years
84,2018-01-01,1,2018,Corporate Bonds_Under 10 years,53226,BOND,Corporate Bonds,Under 10 years
48,2018-01-01,1,2018,Federal Crown Corporation Bonds_All,44893,BOND,Federal Crown Corporation Bonds,All
12,2018-01-01,1,2018,Government of Canada Bonds_3-10 years,507775,BOND,Government of Canada Bonds,3-10 years
156,2018-01-01,1,2018,Government of Canada Bonds_All,820,BOND,Government of Canada Bonds,All
24,2018-01-01,1,2018,Government of Canada Bonds_Over 10 years,63294,BOND,Government of Canada Bonds,Over 10 years
36,2018-01-01,1,2018,Government of Canada Bonds_Real Return Bonds,2641,BOND,Government of Canada Bonds,Real Return Bonds
0,2018-01-01,1,2018,Government of Canada Bonds_Under 3 years,353997,BOND,Government of Canada Bonds,Under 3 years
120,2018-01-01,1,2018,Mortgage Backed Securities_All,5155,BOND,Mortgage Backed Securities,All
108,2018-01-01,1,2018,Municipal Bonds_All,2654,BOND,Municipal Bonds,All
144,2018-01-01,1,2018,Other Domestic Bonds_All,1416,BOND,Other Domestic Bonds,All
180,2018-01-01,1,2018,Other_All,972,BOND,Other,All
168,2018-01-01,1,2018,Provincial Bonds_All,2277,BOND,Provincial Bonds,All
72,2018-01-01,1,2018,Provincial Bonds_Over 10 years,32393,BOND,Provincial Bonds,Over 10 years
60,2018-01-01,1,2018,Provincial Bonds_Under 10 years,77735,BOND,Provincial Bonds,Under 10 years
133,2018-02-01,2,2018,Asset-Backed Securities_All,742,BOND,Asset-Backed Securities,All
97,2018-02-01,2,2018,Corporate Bonds_Over 10 years,4582,BOND,Corporate Bonds,Over 10 years
85,2018-02-01,2,2018,Corporate Bonds_Under 10 years,39587,BOND,Corporate Bonds,Under 10 years
49,2018-02-01,2,2018,Federal Crown Corporation Bonds_All,48107,BOND,Federal Crown Corporation Bonds,All
13,2018-02-01,2,2018,Government of Canada Bonds_3-10 years,518902,BOND,Government of Canada Bonds,3-10 years
157,2018-02-01,2,2018,Government of Canada Bonds_All,301,BOND,Government of Canada Bonds,All
25,2018-02-01,2,2018,Government of Canada Bonds_Over 10 years,63215,BOND,Government of Canada Bonds,Over 10 years
37,2018-02-01,2,2018,Government of Canada Bonds_Real Return Bonds,1451,BOND,Government of Canada Bonds,Real Return Bonds
1,2018-02-01,2,2018,Government of Canada Bonds_Under 3 years,301779,BOND,Government of Canada Bonds,Under 3 years
121,2018-02-01,2,2018,Mortgage Backed Securities_All,9167,BOND,Mortgage Backed Securities,All
109,2018-02-01,2,2018,Municipal Bonds_All,2899,BOND,Municipal Bonds,All
145,2018-02-01,2,2018,Other Domestic Bonds_All,1138,BOND,Other Domestic Bonds,All
181,2018-02-01,2,2018,Other_All,1246,BOND,Other,All
169,2018-02-01,2,2018,Provincial Bonds_All,1802,BOND,Provincial Bonds,All
73,2018-02-01,2,2018,Provincial Bonds_Over 10 years,22698,BOND,Provincial Bonds,Over 10 years
61,2018-02-01,2,2018,Provincial Bonds_Under 10 years,62771,BOND,Provincial Bonds,Under 10 years
134,2018-03-01,3,2018,Asset-Backed Securities_All,778,BOND,Asset-Backed Securities,All
98,2018-03-01,3,2018,Corporate Bonds_Over 10 years,4942,BOND,Corporate Bonds,Over 10 years
86,2018-03-01,3,2018,Corporate Bonds_Under 10 years,43822,BOND,Corporate Bonds,Under 10 years
50,2018-03-01,3,2018,Federal Crown Corporation Bonds_All,59983,BOND,Federal Crown Corporation Bonds,All
14,2018-03-01,3,2018,Government of Canada Bonds_3-10 years,465056,BOND,Government of Canada Bonds,3-10 years
158,2018-03-01,3,2018,Government of Canada Bonds_All,372,BOND,Government of Canada Bonds,All
26,2018-03-01,3,2018,Government of Canada Bonds_Over 10 years,64116,BOND,Government of Canada Bonds,Over 10 years
38,2018-03-01,3,2018,Government of Canada Bonds_Real Return Bonds,1499,BOND,Government of Canada Bonds,Real Return Bonds
2,2018-03-01,3,2018,Government of Canada Bonds_Under 3 years,341084,BOND,Government of Canada Bonds,Under 3 years
122,2018-03-01,3,2018,Mortgage Backed Securities_All,11471,BOND,Mortgage Backed Securities,All
110,2018-03-01,3,2018,Municipal Bonds_All,3408,BOND,Municipal Bonds,All
146,2018-03-01,3,2018,Other Domestic Bonds_All,339,BOND,Other Domestic Bonds,All
182,2018-03-01,3,2018,Other_All,1673,BOND,Other,All
170,2018-03-01,3,2018,Provincial Bonds_All,2462,BOND,Provincial Bonds,All
74,2018-03-01,3,2018,Provincial Bonds_Over 10 years,27362,BOND,Provincial Bonds,Over 10 years
62,2018-03-01,3,2018,Provincial Bonds_Under 10 years,66042,BOND,Provincial Bonds,Under 10 years
135,2018-04-01,4,2018,Asset-Backed Securities_All,978,BOND,Asset-Backed Securities,All
99,2018-04-01,4,2018,Corporate Bonds_Over 10 years,4570,BOND,Corporate Bonds,Over 10 years
87,2018-04-01,4,2018,Corporate Bonds_Under 10 years,43111,BOND,Corporate Bonds,Under 10 years
51,2018-04-01,4,2018,Federal Crown Corporation Bonds_All,57662,BOND,Federal Crown Corporation Bonds,All
15,2018-04-01,4,2018,Government of Canada Bonds_3-10 years,428842,BOND,Government of Canada Bonds,3-10 years
159,2018-04-01,4,2018,Government of Canada Bonds_All,548,BOND,Government of Canada Bonds,All
27,2018-04-01,4,2018,Government of Canada Bonds_Over 10 years,72739,BOND,Government of Canada Bonds,Over 10 years
39,2018-04-01,4,2018,Government of Canada Bonds_Real Return Bonds,2239,BOND,Government of Canada Bonds,Real Return Bonds
3,2018-04-01,4,2018,Government of Canada Bonds_Under 3 years,334887,BOND,Government of Canada Bonds,Under 3 years
123,2018-04-01,4,2018,Mortgage Backed Securities_All,9195,BOND,Mortgage Backed Securities,All
111,2018-04-01,4,2018,Municipal Bonds_All,2858,BOND,Municipal Bonds,All
147,2018-04-01,4,2018,Other Domestic Bonds_All,1160,BOND,Other Domestic Bonds,All
183,2018-04-01,4,2018,Other_All,1447,BOND,Other,All
171,2018-04-01,4,2018,Provincial Bonds_All,2216,BOND,Provincial Bonds,All
75,2018-04-01,4,2018,Provincial Bonds_Over 10 years,33561,BOND,Provincial Bonds,Over 10 years
63,2018-04-01,4,2018,Provincial Bonds_Under 10 years,73946,BOND,Provincial Bonds,Under 10 years
136,2018-05-01,5,2018,Asset-Backed Securities_All,1412,BOND,Asset-Backed Securities,All
100,2018-05-01,5,2018,Corporate Bonds_Over 10 years,4555,BOND,Corporate Bonds,Over 10 years
88,2018-05-01,5,2018,Corporate Bonds_Under 10 years,50911,BOND,Corporate Bonds,Under 10 years
52,2018-05-01,5,2018,Federal Crown Corporation Bonds_All,53539,BOND,Federal Crown Corporation Bonds,All
16,2018-05-01,5,2018,Government of Canada Bonds_3-10 years,500705,BOND,Government of Canada Bonds,3-10 years
160,2018-05-01,5,2018,Government of Canada Bonds_All,331,BOND,Government of Canada Bonds,All
28,2018-05-01,5,2018,Government of Canada Bonds_Over 10 years,162238,BOND,Government of Canada Bonds,Over 10 years
40,2018-05-01,5,2018,Government of Canada Bonds_Real Return Bonds,2236,BOND,Government of Canada Bonds,Real Return Bonds
4,2018-05-01,5,2018,Government of Canada Bonds_Under 3 years,327716,BOND,Government of Canada Bonds,Under 3 years
124,2018-05-01,5,2018,Mortgage Backed Securities_All,5164,BOND,Mortgage Backed Securities,All
112,2018-05-01,5,2018,Municipal Bonds_All,2370,BOND,Municipal Bonds,All
148,2018-05-01,5,2018,Other Domestic Bonds_All,7543,BOND,Other Domestic Bonds,All
184,2018-05-01,5,2018,Other_All,1326,BOND,Other,All
172,2018-05-01,5,2018,Provincial Bonds_All,2136,BOND,Provincial Bonds,All
76,2018-05-01,5,2018,Provincial Bonds_Over 10 years,47121,BOND,Provincial Bonds,Over 10 years
64,2018-05-01,5,2018,Provincial Bonds_Under 10 years,76434,BOND,Provincial Bonds,Under 10 years
137,2018-06-01,6,2018,Asset-Backed Securities_All,1837,BOND,Asset-Backed Securities,All
101,2018-06-01,6,2018,Corporate Bonds_Over 10 years,5778,BOND,Corporate Bonds,Over 10 years
89,2018-06-01,6,2018,Corporate Bonds_Under 10 years,47919,BOND,Corporate Bonds,Under 10 years
53,2018-06-01,6,2018,Federal Crown Corporation Bonds_All,63913,BOND,Federal Crown Corporation Bonds,All
17,2018-06-01,6,2018,Government of Canada Bonds_3-10 years,484273,BOND,Government of Canada Bonds,3-10 years
161,2018-06-01,6,2018,Government of Canada Bonds_All,382,BOND,Government of Canada Bonds,All
29,2018-06-01,6,2018,Government of Canada Bonds_Over 10 years,72355,BOND,Government of Canada Bonds,Over 10 years
41,2018-06-01,6,2018,Government of Canada Bonds_Real Return Bonds,2920,BOND,Government of Canada Bonds,Real Return Bonds
5,2018-06-01,6,2018,Government of Canada Bonds_Under 3 years,336557,BOND,Government of Canada Bonds,Under 3 years
125,2018-06-01,6,2018,Mortgage Backed Securities_All,6487,BOND,Mortgage Backed Securities,All
113,2018-06-01,6,2018,Municipal Bonds_All,2669,BOND,Municipal Bonds,All
149,2018-06-01,6,2018,Other Domestic Bonds_All,14078,BOND,Other Domestic Bonds,All
185,2018-06-01,6,2018,Other_All,1591,BOND,Other,All
173,2018-06-01,6,2018,Provincial Bonds_All,2529,BOND,Provincial Bonds,All
77,2018-06-01,6,2018,Provincial Bonds_Over 10 years,31173,BOND,Provincial Bonds,Over 10 years
65,2018-06-01,6,2018,Provincial Bonds_Under 10 years,61374,BOND,Provincial Bonds,Under 10 years
138,2018-07-01,7,2018,Asset-Backed Securities_All,1100,BOND,Asset-Backed Securities,All
102,2018-07-01,7,2018,Corporate Bonds_Over 10 years,6561,BOND,Corporate Bonds,Over 10 years
90,2018-07-01,7,2018,Corporate Bonds_Under 10 years,44291,BOND,Corporate Bonds,Under 10 years
54,2018-07-01,7,2018,Federal Crown Corporation Bonds_All,34049,BOND,Federal Crown Corporation Bonds,All
18,2018-07-01,7,2018,Government of Canada Bonds_3-10 years,355307,BOND,Government of Canada Bonds,3-10 years
162,2018-07-01,7,2018,Government of Canada Bonds_All,431,BOND,Government of Canada Bonds,All
30,2018-07-01,7,2018,Government of Canada Bonds_Over 10 years,44404,BOND,Government of Canada Bonds,Over 10 years
42,2018-07-01,7,2018,Government of Canada Bonds_Real Return Bonds,1665,BOND,Government of Canada Bonds,Real Return Bonds
6,2018-07-01,7,2018,Government of Canada Bonds_Under 3 years,323582,BOND,Government of Canada Bonds,Under 3 years
126,2018-07-01,7,2018,Mortgage Backed Securities_All,7372,BOND,Mortgage Backed Securities,All
114,2018-07-01,7,2018,Municipal Bonds_All,3181,BOND,Municipal Bonds,All
150,2018-07-01,7,2018,Other Domestic Bonds_All,260,BOND,Other Domestic Bonds,All
186,2018-07-01,7,2018,Other_All,1038,BOND,Other,All
174,2018-07-01,7,2018,Provincial Bonds_All,2713,BOND,Provincial Bonds,All
78,2018-07-01,7,2018,Provincial Bonds_Over 10 years,25123,BOND,Provincial Bonds,Over 10 years
66,2018-07-01,7,2018,Provincial Bonds_Under 10 years,51810,BOND,Provincial Bonds,Under 10 years
139,2018-08-01,8,2018,Asset-Backed Securities_All,914,BOND,Asset-Backed Securities,All
103,2018-08-01,8,2018,Corporate Bonds_Over 10 years,4070,BOND,Corporate Bonds,Over 10 years
91,2018-08-01,8,2018,Corporate Bonds_Under 10 years,42476,BOND,Corporate Bonds,Under 10 years
55,2018-08-01,8,2018,Federal Crown Corporation Bonds_All,44142,BOND,Federal Crown Corporation Bonds,All
19,2018-08-01,8,2018,Government of Canada Bonds_3-10 years,404923,BOND,Government of Canada Bonds,3-10 years
163,2018-08-01,8,2018,Government of Canada Bonds_All,252,BOND,Government of Canada Bonds,All
31,2018-08-01,8,2018,Government of Canada Bonds_Over 10 years,49446,BOND,Government of Canada Bonds,Over 10 years
43,2018-08-01,8,2018,Government of Canada Bonds_Real Return Bonds,1396,BOND,Government of Canada Bonds,Real Return Bonds
7,2018-08-01,8,2018,Government of Canada Bonds_Under 3 years,319606,BOND,Government of Canada Bonds,Under 3 years
127,2018-08-01,8,2018,Mortgage Backed Securities_All,9149,BOND,Mortgage Backed Securities,All
115,2018-08-01,8,2018,Municipal Bonds_All,2600,BOND,Municipal Bonds,All
151,2018-08-01,8,2018,Other Domestic Bonds_All,197,BOND,Other Domestic Bonds,All
187,2018-08-01,8,2018,Other_All,1592,BOND,Other,All
175,2018-08-01,8,2018,Provincial Bonds_All,2706,BOND,Provincial Bonds,All
79,2018-08-01,8,2018,Provincial Bonds_Over 10 years,21422,BOND,Provincial Bonds,Over 10 years
67,2018-08-01,8,2018,Provincial Bonds_Under 10 years,58875,BOND,Provincial Bonds,Under 10 years
140,2018-09-01,9,2018,Asset-Backed Securities_All,1680,BOND,Asset-Backed Securities,All
104,2018-09-01,9,2018,Corporate Bonds_Over 10 years,4002,BOND,Corporate Bonds,Over 10 years
92,2018-09-01,9,2018,Corporate Bonds_Under 10 years,46450,BOND,Corporate Bonds,Under 10 years
56,2018-09-01,9,2018,Federal Crown Corporation Bonds_All,51965,BOND,Federal Crown Corporation Bonds,All
20,2018-09-01,9,2018,Government of Canada Bonds_3-10 years,390508,BOND,Government of Canada Bonds,3-10 years
164,2018-09-01,9,2018,Government of Canada Bonds_All,306,BOND,Government of Canada Bonds,All
32,2018-09-01,9,2018,Government of Canada Bonds_Over 10 years,45879,BOND,Government of Canada Bonds,Over 10 years
44,2018-09-01,9,2018,Government of Canada Bonds_Real Return Bonds,2074,BOND,Government of Canada Bonds,Real Return Bonds
8,2018-09-01,9,2018,Government of Canada Bonds_Under 3 years,369113,BOND,Government of Canada Bonds,Under 3 years
128,2018-09-01,9,2018,Mortgage Backed Securities_All,7402,BOND,Mortgage Backed Securities,All
116,2018-09-01,9,2018,Municipal Bonds_All,3946,BOND,Municipal Bonds,All
152,2018-09-01,9,2018,Other Domestic Bonds_All,717,BOND,Other Domestic Bonds,All
188,2018-09-01,9,2018,Other_All,2093,BOND,Other,All
176,2018-09-01,9,2018,Provincial Bonds_All,2916,BOND,Provincial Bonds,All
80,2018-09-01,9,2018,Provincial Bonds_Over 10 years,26531,BOND,Provincial Bonds,Over 10 years
68,2018-09-01,9,2018,Provincial Bonds_Under 10 years,70590,BOND,Provincial Bonds,Under 10 years
141,2018-10-01,10,2018,Asset-Backed Securities_All,1780,BOND,Asset-Backed Securities,All
105,2018-10-01,10,2018,Corporate Bonds_Over 10 years,5188,BOND,Corporate Bonds,Over 10 years
93,2018-10-01,10,2018,Corporate Bonds_Under 10 years,44620,BOND,Corporate Bonds,Under 10 years
57,2018-10-01,10,2018,Federal Crown Corporation Bonds_All,60456,BOND,Federal Crown Corporation Bonds,All
21,2018-10-01,10,2018,Government of Canada Bonds_3-10 years,492054,BOND,Government of Canada Bonds,3-10 years
165,2018-10-01,10,2018,Government of Canada Bonds_All,466,BOND,Government of Canada Bonds,All
33,2018-10-01,10,2018,Government of Canada Bonds_Over 10 years,57098,BOND,Government of Canada Bonds,Over 10 years
45,2018-10-01,10,2018,Government of Canada Bonds_Real Return Bonds,2657,BOND,Government of Canada Bonds,Real Return Bonds
9,2018-10-01,10,2018,Government of Canada Bonds_Under 3 years,537837,BOND,Government of Canada Bonds,Under 3 years
129,2018-10-01,10,2018,Mortgage Backed Securities_All,5060,BOND,Mortgage Backed Securities,All
117,2018-10-01,10,2018,Municipal Bonds_All,2804,BOND,Municipal Bonds,All
153,2018-10-01,10,2018,Other Domestic Bonds_All,774,BOND,Other Domestic Bonds,All
189,2018-10-01,10,2018,Other_All,1593,BOND,Other,All
177,2018-10-01,10,2018,Provincial Bonds_All,2203,BOND,Provincial Bonds,All
81,2018-10-01,10,2018,Provincial Bonds_Over 10 years,30126,BOND,Provincial Bonds,Over 10 years
69,2018-10-01,10,2018,Provincial Bonds_Under 10 years,88813,BOND,Provincial Bonds,Under 10 years
142,2018-11-01,11,2018,Asset-Backed Securities_All,1277,BOND,Asset-Backed Securities,All
106,2018-11-01,11,2018,Corporate Bonds_Over 10 years,3464,BOND,Corporate Bonds,Over 10 years
94,2018-11-01,11,2018,Corporate Bonds_Under 10 years,34876,BOND,Corporate Bonds,Under 10 years
58,2018-11-01,11,2018,Federal Crown Corporation Bonds_All,53999,BOND,Federal Crown Corporation Bonds,All
22,2018-11-01,11,2018,Government of Canada Bonds_3-10 years,423387,BOND,Government of Canada Bonds,3-10 years
166,2018-11-01,11,2018,Government of Canada Bonds_All,274,BOND,Government of Canada Bonds,All
34,2018-11-01,11,2018,Government of Canada Bonds_Over 10 years,51589,BOND,Government of Canada Bonds,Over 10 years
46,2018-11-01,11,2018,Government of Canada Bonds_Real Return Bonds,2824,BOND,Government of Canada Bonds,Real Return Bonds
10,2018-11-01,11,2018,Government of Canada Bonds_Under 3 years,347154,BOND,Government of Canada Bonds,Under 3 years
130,2018-11-01,11,2018,Mortgage Backed Securities_All,7185,BOND,Mortgage Backed Securities,All
118,2018-11-01,11,2018,Municipal Bonds_All,2759,BOND,Municipal Bonds,All
154,2018-11-01,11,2018,Other Domestic Bonds_All,430,BOND,Other Domestic Bonds,All
190,2018-11-01,11,2018,Other_All,2193,BOND,Other,All
178,2018-11-01,11,2018,Provincial Bonds_All,3163,BOND,Provincial Bonds,All
82,2018-11-01,11,2018,Provincial Bonds_Over 10 years,27972,BOND,Provincial Bonds,Over 10 years
70,2018-11-01,11,2018,Provincial Bonds_Under 10 years,82115,BOND,Provincial Bonds,Under 10 years
143,2018-12-01,12,2018,Asset-Backed Securities_All,818,BOND,Asset-Backed Securities,All
107,2018-12-01,12,2018,Corporate Bonds_Over 10 years,3593,BOND,Corporate Bonds,Over 10 years
95,2018-12-01,12,2018,Corporate Bonds_Under 10 years,33337,BOND,Corporate Bonds,Under 10 years
59,2018-12-01,12,2018,Federal Crown Corporation Bonds_All,58119,BOND,Federal Crown Corporation Bonds,All
23,2018-12-01,12,2018,Government of Canada Bonds_3-10 years,400582,BOND,Government of Canada Bonds,3-10 years
167,2018-12-01,12,2018,Government of Canada Bonds_All,330,BOND,Government of Canada Bonds,All
35,2018-12-01,12,2018,Government of Canada Bonds_Over 10 years,55938,BOND,Government of Canada Bonds,Over 10 years
47,2018-12-01,12,2018,Government of Canada Bonds_Real Return Bonds,1790,BOND,Government of Canada Bonds,Real Return Bonds
11,2018-12-01,12,2018,Government of Canada Bonds_Under 3 years,376423,BOND,Government of Canada Bonds,Under 3 years
131,2018-12-01,12,2018,Mortgage Backed Securities_All,5920,BOND,Mortgage Backed Securities,All
119,2018-12-01,12,2018,Municipal Bonds_All,1489,BOND,Municipal Bonds,All
155,2018-12-01,12,2018,Other Domestic Bonds_All,220,BOND,Other Domestic Bonds,All
191,2018-12-01,12,2018,Other_All,1606,BOND,Other,All
179,2018-12-01,12,2018,Provincial Bonds_All,2414,BOND,Provincial Bonds,All
83,2018-12-01,12,2018,Provincial Bonds_Over 10 years,23790,BOND,Provincial Bonds,Over 10 years
71,2018-12-01,12,2018,Provincial Bonds_Under 10 years,68432,BOND,Provincial Bonds,Under 10 years
132,2019-01-01,1,2019,Asset-Backed Securities_All,1060,BOND,Asset-Backed Securities,All
96,2019-01-01,1,2019,Corporate Bonds_Over 10 years,3980,BOND,Corporate Bonds,Over 10 years
84,2019-01-01,1,2019,Corporate Bonds_Under 10 years,58929,BOND,Corporate Bonds,Under 10 years
48,2019-01-01,1,2019,Federal Crown Corporation Bonds_All,56235,BOND,Federal Crown Corporation Bonds,All
12,2019-01-01,1,2019,Government of Canada Bonds_3-10 years,480850,BOND,Government of Canada Bonds,3-10 years
156,2019-01-01,1,2019,Government of Canada Bonds_All,195,BOND,Government of Canada Bonds,All
24,2019-01-01,1,2019,Government of Canada Bonds_Over 10 years,65074,BOND,Government of Canada Bonds,Over 10 years
36,2019-01-01,1,2019,Government of Canada Bonds_Real Return Bonds,2367,BOND,Government of Canada Bonds,Real Return Bonds
0,2019-01-01,1,2019,Government of Canada Bonds_Under 3 years,360507,BOND,Government of Canada Bonds,Under 3 years
120,2019-01-01,1,2019,Mortgage Backed Securities_All,10083,BOND,Mortgage Backed Securities,All
108,2019-01-01,1,2019,Municipal Bonds_All,3228,BOND,Municipal Bonds,All
144,2019-01-01,1,2019,Other Domestic Bonds_All,2131,BOND,Other Domestic Bonds,All
180,2019-01-01,1,2019,Other_All,1417,BOND,Other,All
168,2019-01-01,1,2019,Provincial Bonds_All,3586,BOND,Provincial Bonds,All
72,2019-01-01,1,2019,Provincial Bonds_Over 10 years,28754,BOND,Provincial Bonds,Over 10 years
60,2019-01-01,1,2019,Provincial Bonds_Under 10 years,82269,BOND,Provincial Bonds,Under 10 years
133,2019-02-01,2,2019,Asset-Backed Securities_All,1425,BOND,Asset-Backed Securities,All
97,2019-02-01,2,2019,Corporate Bonds_Over 10 years,4689,BOND,Corporate Bonds,Over 10 years
85,2019-02-01,2,2019,Corporate Bonds_Under 10 years,47689,BOND,Corporate Bonds,Under 10 years
49,2019-02-01,2,2019,Federal Crown Corporation Bonds_All,48640,BOND,Federal Crown Corporation Bonds,All
13,2019-02-01,2,2019,Government of Canada Bonds_3-10 years,403749,BOND,Government of Canada Bonds,3-10 years
157,2019-02-01,2,2019,Government of Canada Bonds_All,424,BOND,Government of Canada Bonds,All
25,2019-02-01,2,2019,Government of Canada Bonds_Over 10 years,57365,BOND,Government of Canada Bonds,Over 10 years
37,2019-02-01,2,2019,Government of Canada Bonds_Real Return Bonds,2575,BOND,Government of Canada Bonds,Real Return Bonds
1,2019-02-01,2,2019,Government of Canada Bonds_Under 3 years,252815,BOND,Government of Canada Bonds,Under 3 years
121,2019-02-01,2,2019,Mortgage Backed Securities_All,6323,BOND,Mortgage Backed Securities,All
109,2019-02-01,2,2019,Municipal Bonds_All,2322,BOND,Municipal Bonds,All
145,2019-02-01,2,2019,Other Domestic Bonds_All,4965,BOND,Other Domestic Bonds,All
181,2019-02-01,2,2019,Other_All,1809,BOND,Other,All
169,2019-02-01,2,2019,Provincial Bonds_All,2702,BOND,Provincial Bonds,All
73,2019-02-01,2,2019,Provincial Bonds_Over 10 years,24569,BOND,Provincial Bonds,Over 10 years
61,2019-02-01,2,2019,Provincial Bonds_Under 10 years,72198,BOND,Provincial Bonds,Under 10 years
134,2019-03-01,3,2019,Asset-Backed Securities_All,2509,BOND,Asset-Backed Securities,All
98,2019-03-01,3,2019,Corporate Bonds_Over 10 years,4578,BOND,Corporate Bonds,Over 10 years
86,2019-03-01,3,2019,Corporate Bonds_Under 10 years,50512,BOND,Corporate Bonds,Under 10 years
50,2019-03-01,3,2019,Federal Crown Corporation Bonds_All,70452,BOND,Federal Crown Corporation Bonds,All
14,2019-03-01,3,2019,Government of Canada Bonds_3-10 years,472928,BOND,Government of Canada Bonds,3-10 years
158,2019-03-01,3,2019,Government of Canada Bonds_All,685,BOND,Government of Canada Bonds,All
26,2019-03-01,3,2019,Government of Canada Bonds_Over 10 years,75585,BOND,Government of Canada Bonds,Over 10 years
38,2019-03-01,3,2019,Government of Canada Bonds_Real Return Bonds,2566,BOND,Government of Canada Bonds,Real Return Bonds
2,2019-03-01,3,2019,Government of Canada Bonds_Under 3 years,354674,BOND,Government of Canada Bonds,Under 3 years
122,2019-03-01,3,2019,Mortgage Backed Securities_All,4144,BOND,Mortgage Backed Securities,All
110,2019-03-01,3,2019,Municipal Bonds_All,2699,BOND,Municipal Bonds,All
146,2019-03-01,3,2019,Other Domestic Bonds_All,880,BOND,Other Domestic Bonds,All
182,2019-03-01,3,2019,Other_All,1964,BOND,Other,All
170,2019-03-01,3,2019,Provincial Bonds_All,3484,BOND,Provincial Bonds,All
74,2019-03-01,3,2019,Provincial Bonds_Over 10 years,32160,BOND,Provincial Bonds,Over 10 years
62,2019-03-01,3,2019,Provincial Bonds_Under 10 years,65105,BOND,Provincial Bonds,Under 10 years
135,2019-04-01,4,2019,Asset-Backed Securities_All,931,BOND,Asset-Backed Securities,All
99,2019-04-01,4,2019,Corporate Bonds_Over 10 years,8168,BOND,Corporate Bonds,Over 10 years
87,2019-04-01,4,2019,Corporate Bonds_Under 10 years,40218,BOND,Corporate Bonds,Under 10 years
51,2019-04-01,4,2019,Federal Crown Corporation Bonds_All,51910,BOND,Federal Crown Corporation Bonds,All
15,2019-04-01,4,2019,Government of Canada Bonds_3-10 years,466480,BOND,Government of Canada Bonds,3-10 years
159,2019-04-01,4,2019,Government of Canada Bonds_All,334,BOND,Government of Canada Bonds,All
27,2019-04-01,4,2019,Government of Canada Bonds_Over 10 years,118252,BOND,Government of Canada Bonds,Over 10 years
39,2019-04-01,4,2019,Government of Canada Bonds_Real Return Bonds,2173,BOND,Government of Canada Bonds,Real Return Bonds
3,2019-04-01,4,2019,Government of Canada Bonds_Under 3 years,380213,BOND,Government of Canada Bonds,Under 3 years
123,2019-04-01,4,2019,Mortgage Backed Securities_All,8023,BOND,Mortgage Backed Securities,All
111,2019-04-01,4,2019,Municipal Bonds_All,3068,BOND,Municipal Bonds,All
147,2019-04-01,4,2019,Other Domestic Bonds_All,952,BOND,Other Domestic Bonds,All
183,2019-04-01,4,2019,Other_All,1446,BOND,Other,All
171,2019-04-01,4,2019,Provincial Bonds_All,2990,BOND,Provincial Bonds,All
75,2019-04-01,4,2019,Provincial Bonds_Over 10 years,33423,BOND,Provincial Bonds,Over 10 years
63,2019-04-01,4,2019,Provincial Bonds_Under 10 years,66650,BOND,Provincial Bonds,Under 10 years
136,2019-05-01,5,2019,Asset-Backed Securities_All,1088,BOND,Asset-Backed Securities,All
100,2019-05-01,5,2019,Corporate Bonds_Over 10 years,5089,BOND,Corporate Bonds,Over 10 years
88,2019-05-01,5,2019,Corporate Bonds_Under 10 years,39688,BOND,Corporate Bonds,Under 10 years
52,2019-05-01,5,2019,Federal Crown Corporation Bonds_All,68077,BOND,Federal Crown Corporation Bonds,All
16,2019-05-01,5,2019,Government of Canada Bonds_3-10 years,510659,BOND,Government of Canada Bonds,3-10 years
160,2019-05-01,5,2019,Government of Canada Bonds_All,243,BOND,Government of Canada Bonds,All
28,2019-05-01,5,2019,Government of Canada Bonds_Over 10 years,170790,BOND,Government of Canada Bonds,Over 10 years
40,2019-05-01,5,2019,Government of Canada Bonds_Real Return Bonds,4062,BOND,Government of Canada Bonds,Real Return Bonds
4,2019-05-01,5,2019,Government of Canada Bonds_Under 3 years,321178,BOND,Government of Canada Bonds,Under 3 years
124,2019-05-01,5,2019,Mortgage Backed Securities_All,4956,BOND,Mortgage Backed Securities,All
112,2019-05-01,5,2019,Municipal Bonds_All,3990,BOND,Municipal Bonds,All
148,2019-05-01,5,2019,Other Domestic Bonds_All,1199,BOND,Other Domestic Bonds,All
184,2019-05-01,5,2019,Other_All,1355,BOND,Other,All
172,2019-05-01,5,2019,Provincial Bonds_All,3081,BOND,Provincial Bonds,All
76,2019-05-01,5,2019,Provincial Bonds_Over 10 years,38110,BOND,Provincial Bonds,Over 10 years
64,2019-05-01,5,2019,Provincial Bonds_Under 10 years,72589,BOND,Provincial Bonds,Under 10 years
137,2019-06-01,6,2019,Asset-Backed Securities_All,2135,BOND,Asset-Backed Securities,All
101,2019-06-01,6,2019,Corporate Bonds_Over 10 years,4630,BOND,Corporate Bonds,Over 10 years
89,2019-06-01,6,2019,Corporate Bonds_Under 10 years,53984,BOND,Corporate Bonds,Under 10 years
53,2019-06-01,6,2019,Federal Crown Corporation Bonds_All,75024,BOND,Federal Crown Corporation Bonds,All
17,2019-06-01,6,2019,Government of Canada Bonds_3-10 years,493518,BOND,Government of Canada Bonds,3-10 years
161,2019-06-01,6,2019,Government of Canada Bonds_All,557,BOND,Government of Canada Bonds,All
29,2019-06-01,6,2019,Government of Canada Bonds_Over 10 years,62574,BOND,Government of Canada Bonds,Over 10 years
41,2019-06-01,6,2019,Government of Canada Bonds_Real Return Bonds,2792,BOND,Government of Canada Bonds,Real Return Bonds
5,2019-06-01,6,2019,Government of Canada Bonds_Under 3 years,365179,BOND,Government of Canada Bonds,Under 3 years
125,2019-06-01,6,2019,Mortgage Backed Securities_All,5333,BOND,Mortgage Backed Securities,All
113,2019-06-01,6,2019,Municipal Bonds_All,2958,BOND,Municipal Bonds,All
149,2019-06-01,6,2019,Other Domestic Bonds_All,1187,BOND,Other Domestic Bonds,All
185,2019-06-01,6,2019,Other_All,1942,BOND,Other,All
173,2019-06-01,6,2019,Provincial Bonds_All,3441,BOND,Provincial Bonds,All
77,2019-06-01,6,2019,Provincial Bonds_Over 10 years,40327,BOND,Provincial Bonds,Over 10 years
65,2019-06-01,6,2019,Provincial Bonds_Under 10 years,70704,BOND,Provincial Bonds,Under 10 years
138,2019-07-01,7,2019,Asset-Backed Securities_All,1147,BOND,Asset-Backed Securities,All
102,2019-07-01,7,2019,Corporate Bonds_Over 10 years,4942,BOND,Corporate Bonds,Over 10 years
90,2019-07-01,7,2019,Corporate Bonds_Under 10 years,41362,BOND,Corporate Bonds,Under 10 years
54,2019-07-01,7,2019,Federal Crown Corporation Bonds_All,47338,BOND,Federal Crown Corporation Bonds,All
18,2019-07-01,7,2019,Government of Canada Bonds_3-10 years,512089,BOND,Government of Canada Bonds,3-10 years
162,2019-07-01,7,2019,Government of Canada Bonds_All,424,BOND,Government of Canada Bonds,All
30,2019-07-01,7,2019,Government of Canada Bonds_Over 10 years,50407,BOND,Government of Canada Bonds,Over 10 years
42,2019-07-01,7,2019,Government of Canada Bonds_Real Return Bonds,2437,BOND,Government of Canada Bonds,Real Return Bonds
6,2019-07-01,7,2019,Government of Canada Bonds_Under 3 years,428800,BOND,Government of Canada Bonds,Under 3 years
126,2019-07-01,7,2019,Mortgage Backed Securities_All,9646,BOND,Mortgage Backed Securities,All
114,2019-07-01,7,2019,Municipal Bonds_All,3019,BOND,Municipal Bonds,All
150,2019-07-01,7,2019,Other Domestic Bonds_All,611,BOND,Other Domestic Bonds,All
186,2019-07-01,7,2019,Other_All,1824,BOND,Other,All
174,2019-07-01,7,2019,Provincial Bonds_All,2928,BOND,Provincial Bonds,All
78,2019-07-01,7,2019,Provincial Bonds_Over 10 years,34813,BOND,Provincial Bonds,Over 10 years
66,2019-07-01,7,2019,Provincial Bonds_Under 10 years,70939,BOND,Provincial Bonds,Under 10 years
139,2019-08-01,8,2019,Asset-Backed Securities_All,504,BOND,Asset-Backed Securities,All
103,2019-08-01,8,2019,Corporate Bonds_Over 10 years,3946,BOND,Corporate Bonds,Over 10 years
91,2019-08-01,8,2019,Corporate Bonds_Under 10 years,36751,BOND,Corporate Bonds,Under 10 years
55,2019-08-01,8,2019,Federal Crown Corporation Bonds_All,47868,BOND,Federal Crown Corporation Bonds,All
19,2019-08-01,8,2019,Government of Canada Bonds_3-10 years,421586,BOND,Government of Canada Bonds,3-10 years
163,2019-08-01,8,2019,Government of Canada Bonds_All,611,BOND,Government of Canada Bonds,All
31,2019-08-01,8,2019,Government of Canada Bonds_Over 10 years,60018,BOND,Government of Canada Bonds,Over 10 years
43,2019-08-01,8,2019,Government of Canada Bonds_Real Return Bonds,1724,BOND,Government of Canada Bonds,Real Return Bonds
7,2019-08-01,8,2019,Government of Canada Bonds_Under 3 years,289939,BOND,Government of Canada Bonds,Under 3 years
127,2019-08-01,8,2019,Mortgage Backed Securities_All,9589,BOND,Mortgage Backed Securities,All
115,2019-08-01,8,2019,Municipal Bonds_All,2340,BOND,Municipal Bonds,All
151,2019-08-01,8,2019,Other Domestic Bonds_All,763,BOND,Other Domestic Bonds,All
187,2019-08-01,8,2019,Other_All,854,BOND,Other,All
175,2019-08-01,8,2019,Provincial Bonds_All,1445,BOND,Provincial Bonds,All
79,2019-08-01,8,2019,Provincial Bonds_Over 10 years,25623,BOND,Provincial Bonds,Over 10 years
67,2019-08-01,8,2019,Provincial Bonds_Under 10 years,55221,BOND,Provincial Bonds,Under 10 years
140,2019-09-01,9,2019,Asset-Backed Securities_All,1091,BOND,Asset-Backed Securities,All
104,2019-09-01,9,2019,Corporate Bonds_Over 10 years,5414,BOND,Corporate Bonds,Over 10 years
92,2019-09-01,9,2019,Corporate Bonds_Under 10 years,45492,BOND,Corporate Bonds,Under 10 years
56,2019-09-01,9,2019,Federal Crown Corporation Bonds_All,55636,BOND,Federal Crown Corporation Bonds,All
20,2019-09-01,9,2019,Government of Canada Bonds_3-10 years,401165,BOND,Government of Canada Bonds,3-10 years
164,2019-09-01,9,2019,Government of Canada Bonds_All,585,BOND,Government of Canada Bonds,All
32,2019-09-01,9,2019,Government of Canada Bonds_Over 10 years,49043,BOND,Government of Canada Bonds,Over 10 years
44,2019-09-01,9,2019,Government of Canada Bonds_Real Return Bonds,2606,BOND,Government of Canada Bonds,Real Return Bonds
8,2019-09-01,9,2019,Government of Canada Bonds_Under 3 years,357238,BOND,Government of Canada Bonds,Under 3 years
128,2019-09-01,9,2019,Mortgage Backed Securities_All,4512,BOND,Mortgage Backed Securities,All
116,2019-09-01,9,2019,Municipal Bonds_All,2566,BOND,Municipal Bonds,All
152,2019-09-01,9,2019,Other Domestic Bonds_All,1133,BOND,Other Domestic Bonds,All
188,2019-09-01,9,2019,Other_All,1765,BOND,Other,All
176,2019-09-01,9,2019,Provincial Bonds_All,1816,BOND,Provincial Bonds,All
80,2019-09-01,9,2019,Provincial Bonds_Over 10 years,29434,BOND,Provincial Bonds,Over 10 years
68,2019-09-01,9,2019,Provincial Bonds_Under 10 years,66208,BOND,Provincial Bonds,Under 10 years
141,2019-10-01,10,2019,Asset-Backed Securities_All,1406,BOND,Asset-Backed Securities,All
105,2019-10-01,10,2019,Corporate Bonds_Over 10 years,4305,BOND,Corporate Bonds,Over 10 years
93,2019-10-01,10,2019,Corporate Bonds_Under 10 years,43429,BOND,Corporate Bonds,Under 10 years
57,2019-10-01,10,2019,Federal Crown Corporation Bonds_All,70506,BOND,Federal Crown Corporation Bonds,All
21,2019-10-01,10,2019,Government of Canada Bonds_3-10 years,455763,BOND,Government of Canada Bonds,3-10 years
165,2019-10-01,10,2019,Government of Canada Bonds_All,613,BOND,Government of Canada Bonds,All
33,2019-10-01,10,2019,Government of Canada Bonds_Over 10 years,55055,BOND,Government of Canada Bonds,Over 10 years
45,2019-10-01,10,2019,Government of Canada Bonds_Real Return Bonds,1684,BOND,Government of Canada Bonds,Real Return Bonds
9,2019-10-01,10,2019,Government of Canada Bonds_Under 3 years,396358,BOND,Government of Canada Bonds,Under 3 years
129,2019-10-01,10,2019,Mortgage Backed Securities_All,8208,BOND,Mortgage Backed Securities,All
117,2019-10-01,10,2019,Municipal Bonds_All,3403,BOND,Municipal Bonds,All
153,2019-10-01,10,2019,Other Domestic Bonds_All,242,BOND,Other Domestic Bonds,All
189,2019-10-01,10,2019,Other_All,2766,BOND,Other,All
177,2019-10-01,10,2019,Provincial Bonds_All,3308,BOND,Provincial Bonds,All
81,2019-10-01,10,2019,Provincial Bonds_Over 10 years,31885,BOND,Provincial Bonds,Over 10 years
69,2019-10-01,10,2019,Provincial Bonds_Under 10 years,72218,BOND,Provincial Bonds,Under 10 years
142,2019-11-01,11,2019,Asset-Backed Securities_All,1271,BOND,Asset-Backed Securities,All
106,2019-11-01,11,2019,Corporate Bonds_Over 10 years,4771,BOND,Corporate Bonds,Over 10 years
94,2019-11-01,11,2019,Corporate Bonds_Under 10 years,38615,BOND,Corporate Bonds,Under 10 years
58,2019-11-01,11,2019,Federal Crown Corporation Bonds_All,57929,BOND,Federal Crown Corporation Bonds,All
22,2019-11-01,11,2019,Government of Canada Bonds_3-10 years,385846,BOND,Government of Canada Bonds,3-10 years
166,2019-11-01,11,2019,Government of Canada Bonds_All,453,BOND,Government of Canada Bonds,All
34,2019-11-01,11,2019,Government of Canada Bonds_Over 10 years,60367,BOND,Government of Canada Bonds,Over 10 years
46,2019-11-01,11,2019,Government of Canada Bonds_Real Return Bonds,2701,BOND,Government of Canada Bonds,Real Return Bonds
10,2019-11-01,11,2019,Government of Canada Bonds_Under 3 years,285984,BOND,Government of Canada Bonds,Under 3 years
130,2019-11-01,11,2019,Mortgage Backed Securities_All,4814,BOND,Mortgage Backed Securities,All
118,2019-11-01,11,2019,Municipal Bonds_All,4762,BOND,Municipal Bonds,All
154,2019-11-01,11,2019,Other Domestic Bonds_All,470,BOND,Other Domestic Bonds,All
190,2019-11-01,11,2019,Other_All,1452,BOND,Other,All
178,2019-11-01,11,2019,Provincial Bonds_All,2244,BOND,Provincial Bonds,All
82,2019-11-01,11,2019,Provincial Bonds_Over 10 years,33001,BOND,Provincial Bonds,Over 10 years
70,2019-11-01,11,2019,Provincial Bonds_Under 10 years,75839,BOND,Provincial Bonds,Under 10 years
143,2019-12-01,12,2019,Asset-Backed Securities_All,955,BOND,Asset-Backed Securities,All
107,2019-12-01,12,2019,Corporate Bonds_Over 10 years,4436,BOND,Corporate Bonds,Over 10 years
95,2019-12-01,12,2019,Corporate Bonds_Under 10 years,35800,BOND,Corporate Bonds,Under 10 years
59,2019-12-01,12,2019,Federal Crown Corporation Bonds_All,67566,BOND,Federal Crown Corporation Bonds,All
23,2019-12-01,12,2019,Government of Canada Bonds_3-10 years,358868,BOND,Government of Canada Bonds,3-10 years
167,2019-12-01,12,2019,Government of Canada Bonds_All,266,BOND,Government of Canada Bonds,All
35,2019-12-01,12,2019,Government of Canada Bonds_Over 10 years,51222,BOND,Government of Canada Bonds,Over 10 years
47,2019-12-01,12,2019,Government of Canada Bonds_Real Return Bonds,1712,BOND,Government of Canada Bonds,Real Return Bonds
11,2019-12-01,12,2019,Government of Canada Bonds_Under 3 years,299471,BOND,Government of Canada Bonds,Under 3 years
131,2019-12-01,12,2019,Mortgage Backed Securities_All,5691,BOND,Mortgage Backed Securities,All
119,2019-12-01,12,2019,Municipal Bonds_All,2443,BOND,Municipal Bonds,All
155,2019-12-01,12,2019,Other Domestic Bonds_All,247,BOND,Other Domestic Bonds,All
191,2019-12-01,12,2019,Other_All,1633,BOND,Other,All
179,2019-12-01,12,2019,Provincial Bonds_All,2271,BOND,Provincial Bonds,All
83,2019-12-01,12,2019,Provincial Bonds_Over 10 years,25154,BOND,Provincial Bonds,Over 10 years
71,2019-12-01,12,2019,Provincial Bonds_Under 10 years,59213,BOND,Provincial Bonds,Under 10 years
180,2020-01-01,1,2020,Asset-Backed Securities_All,1093.714,BOND,Asset-Backed Securities,All
132,2020-01-01,1,2020,Corporate Bonds_3-10 years,27943.342826,BOND,Corporate Bonds,3-10 years
144,2020-01-01,1,2020,Corporate Bonds_Over 10 years,5042.155324,BOND,Corporate Bonds,Over 10 years
120,2020-01-01,1,2020,Corporate Bonds_Under 3 years,21625.640806,BOND,Corporate Bonds,Under 3 years
60,2020-01-01,1,2020,Federal Crown Corporation Bonds_3-10 years,46136.063692,BOND,Federal Crown Corporation Bonds,3-10 years
72,2020-01-01,1,2020,Federal Crown Corporation Bonds_Over 10 years,84.045,BOND,Federal Crown Corporation Bonds,Over 10 years
48,2020-01-01,1,2020,Federal Crown Corporation Bonds_Under 3 years,25510.259404,BOND,Federal Crown Corporation Bonds,Under 3 years
12,2020-01-01,1,2020,Government of Canada Bonds_3-10 years,497146.843481,BOND,Government of Canada Bonds,3-10 years
204,2020-01-01,1,2020,Government of Canada Bonds_All,396.711799,BOND,Government of Canada Bonds,All
24,2020-01-01,1,2020,Government of Canada Bonds_Over 10 years,66605.080605,BOND,Government of Canada Bonds,Over 10 years
36,2020-01-01,1,2020,Government of Canada Bonds_Real Return Bonds,2496.758742,BOND,Government of Canada Bonds,Real Return Bonds
0,2020-01-01,1,2020,Government of Canada Bonds_Under 3 years,360164.698158,BOND,Government of Canada Bonds,Under 3 years
168,2020-01-01,1,2020,Mortgage Backed Securities_All,9062.142571,BOND,Mortgage Backed Securities,All
156,2020-01-01,1,2020,Municipal Bonds_All,4400.016828,BOND,Municipal Bonds,All
192,2020-01-01,1,2020,Other Domestic Bonds_All,467.207386,BOND,Other Domestic Bonds,All
228,2020-01-01,1,2020,Other_All,1878.656537,BOND,Other,All
96,2020-01-01,1,2020,Provincial Bonds_3-10 years,62036.014546,BOND,Provincial Bonds,3-10 years
216,2020-01-01,1,2020,Provincial Bonds_All,1619.37031,BOND,Provincial Bonds,All
108,2020-01-01,1,2020,Provincial Bonds_Over 10 years,28369.194732,BOND,Provincial Bonds,Over 10 years
84,2020-01-01,1,2020,Provincial Bonds_Under 3 years,15743.935198,BOND,Provincial Bonds,Under 3 years
181,2020-02-01,2,2020,Asset-Backed Securities_All,1533.047089,BOND,Asset-Backed Securities,All
133,2020-02-01,2,2020,Corporate Bonds_3-10 years,21802.02434,BOND,Corporate Bonds,3-10 years
145,2020-02-01,2,2020,Corporate Bonds_Over 10 years,5589.556135,BOND,Corporate Bonds,Over 10 years
121,2020-02-01,2,2020,Corporate Bonds_Under 3 years,17777.943717,BOND,Corporate Bonds,Under 3 years
61,2020-02-01,2,2020,Federal Crown Corporation Bonds_3-10 years,38484.822618,BOND,Federal Crown Corporation Bonds,3-10 years
73,2020-02-01,2,2020,Federal Crown Corporation Bonds_Over 10 years,2744.2145,BOND,Federal Crown Corporation Bonds,Over 10 years
49,2020-02-01,2,2020,Federal Crown Corporation Bonds_Under 3 years,12083.026376,BOND,Federal Crown Corporation Bonds,Under 3 years
13,2020-02-01,2,2020,Government of Canada Bonds_3-10 years,451361.126243,BOND,Government of Canada Bonds,3-10 years
205,2020-02-01,2,2020,Government of Canada Bonds_All,313.210631,BOND,Government of Canada Bonds,All
25,2020-02-01,2,2020,Government of Canada Bonds_Over 10 years,69088.128757,BOND,Government of Canada Bonds,Over 10 years
37,2020-02-01,2,2020,Government of Canada Bonds_Real Return Bonds,1419.16294,BOND,Government of Canada Bonds,Real Return Bonds
1,2020-02-01,2,2020,Government of Canada Bonds_Under 3 years,304247.852079,BOND,Government of Canada Bonds,Under 3 years
169,2020-02-01,2,2020,Mortgage Backed Securities_All,6292.677624,BOND,Mortgage Backed Securities,All
157,2020-02-01,2,2020,Municipal Bonds_All,3851.377327,BOND,Municipal Bonds,All
193,2020-02-01,2,2020,Other Domestic Bonds_All,341.697033,BOND,Other Domestic Bonds,All
229,2020-02-01,2,2020,Other_All,2407.96331,BOND,Other,All
97,2020-02-01,2,2020,Provincial Bonds_3-10 years,59472.023988,BOND,Provincial Bonds,3-10 years
217,2020-02-01,2,2020,Provincial Bonds_All,2635.752787,BOND,Provincial Bonds,All
109,2020-02-01,2,2020,Provincial Bonds_Over 10 years,36936.935457,BOND,Provincial Bonds,Over 10 years
85,2020-02-01,2,2020,Provincial Bonds_Under 3 years,10133.187738,BOND,Provincial Bonds,Under 3 years
182,2020-03-01,3,2020,Asset-Backed Securities_All,1014.075,BOND,Asset-Backed Securities,All
134,2020-03-01,3,2020,Corporate Bonds_3-10 years,25252.25408,BOND,Corporate Bonds,3-10 years
146,2020-03-01,3,2020,Corporate Bonds_Over 10 years,6759.568171,BOND,Corporate Bonds,Over 10 years
122,2020-03-01,3,2020,Corporate Bonds_Under 3 years,33362.18213,BOND,Corporate Bonds,Under 3 years
62,2020-03-01,3,2020,Federal Crown Corporation Bonds_3-10 years,56394.927369,BOND,Federal Crown Corporation Bonds,3-10 years
74,2020-03-01,3,2020,Federal Crown Corporation Bonds_Over 10 years,5728.3585,BOND,Federal Crown Corporation Bonds,Over 10 years
50,2020-03-01,3,2020,Federal Crown Corporation Bonds_Under 3 years,25279.374832,BOND,Federal Crown Corporation Bonds,Under 3 years
14,2020-03-01,3,2020,Government of Canada Bonds_3-10 years,634785.157442,BOND,Government of Canada Bonds,3-10 years
206,2020-03-01,3,2020,Government of Canada Bonds_All,537.017893,BOND,Government of Canada Bonds,All
26,2020-03-01,3,2020,Government of Canada Bonds_Over 10 years,98153.773407,BOND,Government of Canada Bonds,Over 10 years
38,2020-03-01,3,2020,Government of Canada Bonds_Real Return Bonds,3194.388187,BOND,Government of Canada Bonds,Real Return Bonds
2,2020-03-01,3,2020,Government of Canada Bonds_Under 3 years,562805.162627,BOND,Government of Canada Bonds,Under 3 years
170,2020-03-01,3,2020,Mortgage Backed Securities_All,10147.68978,BOND,Mortgage Backed Securities,All
158,2020-03-01,3,2020,Municipal Bonds_All,2452.123136,BOND,Municipal Bonds,All
194,2020-03-01,3,2020,Other Domestic Bonds_All,582.417227,BOND,Other Domestic Bonds,All
230,2020-03-01,3,2020,Other_All,1778.545541,BOND,Other,All
98,2020-03-01,3,2020,Provincial Bonds_3-10 years,70479.237874,BOND,Provincial Bonds,3-10 years
218,2020-03-01,3,2020,Provincial Bonds_All,2873.700431,BOND,Provincial Bonds,All
110,2020-03-01,3,2020,Provincial Bonds_Over 10 years,43122.432755,BOND,Provincial Bonds,Over 10 years
86,2020-03-01,3,2020,Provincial Bonds_Under 3 years,17974.947114,BOND,Provincial Bonds,Under 3 years
183,2020-04-01,4,2020,Asset-Backed Securities_All,1117.839888,BOND,Asset-Backed Securities,All
135,2020-04-01,4,2020,Corporate Bonds_3-10 years,28124.838185,BOND,Corporate Bonds,3-10 years
147,2020-04-01,4,2020,Corporate Bonds_Over 10 years,7806.438696,BOND,Corporate Bonds,Over 10 years
123,2020-04-01,4,2020,Corporate Bonds_Under 3 years,28420.384055,BOND,Corporate Bonds,Under 3 years
63,2020-04-01,4,2020,Federal Crown Corporation Bonds_3-10 years,41060.418842,BOND,Federal Crown Corporation Bonds,3-10 years
75,2020-04-01,4,2020,Federal Crown Corporation Bonds_Over 10 years,5568.1425,BOND,Federal Crown Corporation Bonds,Over 10 years
51,2020-04-01,4,2020,Federal Crown Corporation Bonds_Under 3 years,17850.571275,BOND,Federal Crown Corporation Bonds,Under 3 years
15,2020-04-01,4,2020,Government of Canada Bonds_3-10 years,619635.847773,BOND,Government of Canada Bonds,3-10 years
207,2020-04-01,4,2020,Government of Canada Bonds_All,383.22606,BOND,Government of Canada Bonds,All
27,2020-04-01,4,2020,Government of Canada Bonds_Over 10 years,191679.881573,BOND,Government of Canada Bonds,Over 10 years
39,2020-04-01,4,2020,Government of Canada Bonds_Real Return Bonds,1857.849718,BOND,Government of Canada Bonds,Real Return Bonds
3,2020-04-01,4,2020,Government of Canada Bonds_Under 3 years,421699.21737,BOND,Government of Canada Bonds,Under 3 years
171,2020-04-01,4,2020,Mortgage Backed Securities_All,12849.965923,BOND,Mortgage Backed Securities,All
159,2020-04-01,4,2020,Municipal Bonds_All,3237.953952,BOND,Municipal Bonds,All
195,2020-04-01,4,2020,Other Domestic Bonds_All,231.486933,BOND,Other Domestic Bonds,All
231,2020-04-01,4,2020,Other_All,1479.951335,BOND,Other,All
99,2020-04-01,4,2020,Provincial Bonds_3-10 years,87560.684602,BOND,Provincial Bonds,3-10 years
219,2020-04-01,4,2020,Provincial Bonds_All,2380.263114,BOND,Provincial Bonds,All
111,2020-04-01,4,2020,Provincial Bonds_Over 10 years,47591.631857,BOND,Provincial Bonds,Over 10 years
87,2020-04-01,4,2020,Provincial Bonds_Under 3 years,26697.003086,BOND,Provincial Bonds,Under 3 years
184,2020-05-01,5,2020,Asset-Backed Securities_All,635.683814,BOND,Asset-Backed Securities,All
136,2020-05-01,5,2020,Corporate Bonds_3-10 years,24472.742167,BOND,Corporate Bonds,3-10 years
148,2020-05-01,5,2020,Corporate Bonds_Over 10 years,7688.246675,BOND,Corporate Bonds,Over 10 years
124,2020-05-01,5,2020,Corporate Bonds_Under 3 years,20433.011439,BOND,Corporate Bonds,Under 3 years
64,2020-05-01,5,2020,Federal Crown Corporation Bonds_3-10 years,31727.642407,BOND,Federal Crown Corporation Bonds,3-10 years
76,2020-05-01,5,2020,Federal Crown Corporation Bonds_Over 10 years,8967.6195,BOND,Federal Crown Corporation Bonds,Over 10 years
52,2020-05-01,5,2020,Federal Crown Corporation Bonds_Under 3 years,16169.316861,BOND,Federal Crown Corporation Bonds,Under 3 years
16,2020-05-01,5,2020,Government of Canada Bonds_3-10 years,442066.364494,BOND,Government of Canada Bonds,3-10 years
208,2020-05-01,5,2020,Government of Canada Bonds_All,309.645159,BOND,Government of Canada Bonds,All
28,2020-05-01,5,2020,Government of Canada Bonds_Over 10 years,166351.169301,BOND,Government of Canada Bonds,Over 10 years
40,2020-05-01,5,2020,Government of Canada Bonds_Real Return Bonds,4155.626405,BOND,Government of Canada Bonds,Real Return Bonds
4,2020-05-01,5,2020,Government of Canada Bonds_Under 3 years,271033.362948,BOND,Government of Canada Bonds,Under 3 years
172,2020-05-01,5,2020,Mortgage Backed Securities_All,10191.208348,BOND,Mortgage Backed Securities,All
160,2020-05-01,5,2020,Municipal Bonds_All,4362.837666,BOND,Municipal Bonds,All
196,2020-05-01,5,2020,Other Domestic Bonds_All,221.41148,BOND,Other Domestic Bonds,All
232,2020-05-01,5,2020,Other_All,1342.86966,BOND,Other,All
100,2020-05-01,5,2020,Provincial Bonds_3-10 years,47999.284824,BOND,Provincial Bonds,3-10 years
220,2020-05-01,5,2020,Provincial Bonds_All,3316.743858,BOND,Provincial Bonds,All
112,2020-05-01,5,2020,Provincial Bonds_Over 10 years,39891.679103,BOND,Provincial Bonds,Over 10 years
88,2020-05-01,5,2020,Provincial Bonds_Under 3 years,19958.340887,BOND,Provincial Bonds,Under 3 years
185,2020-06-01,6,2020,Asset-Backed Securities_All,1307.199188,BOND,Asset-Backed Securities,All
137,2020-06-01,6,2020,Corporate Bonds_3-10 years,26312.192605,BOND,Corporate Bonds,3-10 years
149,2020-06-01,6,2020,Corporate Bonds_Over 10 years,5669.762307,BOND,Corporate Bonds,Over 10 years
125,2020-06-01,6,2020,Corporate Bonds_Under 3 years,24097.973286,BOND,Corporate Bonds,Under 3 years
65,2020-06-01,6,2020,Federal Crown Corporation Bonds_3-10 years,41385.285229,BOND,Federal Crown Corporation Bonds,3-10 years
77,2020-06-01,6,2020,Federal Crown Corporation Bonds_Over 10 years,3849.4925,BOND,Federal Crown Corporation Bonds,Over 10 years
53,2020-06-01,6,2020,Federal Crown Corporation Bonds_Under 3 years,29566.692536,BOND,Federal Crown Corporation Bonds,Under 3 years
17,2020-06-01,6,2020,Government of Canada Bonds_3-10 years,560836.40876,BOND,Government of Canada Bonds,3-10 years
209,2020-06-01,6,2020,Government of Canada Bonds_All,413.98732,BOND,Government of Canada Bonds,All
29,2020-06-01,6,2020,Government of Canada Bonds_Over 10 years,64236.805817,BOND,Government of Canada Bonds,Over 10 years
41,2020-06-01,6,2020,Government of Canada Bonds_Real Return Bonds,4271.227578,BOND,Government of Canada Bonds,Real Return Bonds
5,2020-06-01,6,2020,Government of Canada Bonds_Under 3 years,333790.332453,BOND,Government of Canada Bonds,Under 3 years
173,2020-06-01,6,2020,Mortgage Backed Securities_All,12648.628464,BOND,Mortgage Backed Securities,All
161,2020-06-01,6,2020,Municipal Bonds_All,4742.380189,BOND,Municipal Bonds,All
197,2020-06-01,6,2020,Other Domestic Bonds_All,130.32011,BOND,Other Domestic Bonds,All
233,2020-06-01,6,2020,Other_All,1249.963633,BOND,Other,All
101,2020-06-01,6,2020,Provincial Bonds_3-10 years,77357.383983,BOND,Provincial Bonds,3-10 years
221,2020-06-01,6,2020,Provincial Bonds_All,3521.118169,BOND,Provincial Bonds,All
113,2020-06-01,6,2020,Provincial Bonds_Over 10 years,40122.580977,BOND,Provincial Bonds,Over 10 years
89,2020-06-01,6,2020,Provincial Bonds_Under 3 years,25017.765661,BOND,Provincial Bonds,Under 3 years
186,2020-07-01,7,2020,Asset-Backed Securities_All,569.654836,BOND,Asset-Backed Securities,All
138,2020-07-01,7,2020,Corporate Bonds_3-10 years,17358.086725,BOND,Corporate Bonds,3-10 years
150,2020-07-01,7,2020,Corporate Bonds_Over 10 years,4331.78952,BOND,Corporate Bonds,Over 10 years
126,2020-07-01,7,2020,Corporate Bonds_Under 3 years,16896.267714,BOND,Corporate Bonds,Under 3 years
66,2020-07-01,7,2020,Federal Crown Corporation Bonds_3-10 years,29542.257297,BOND,Federal Crown Corporation Bonds,3-10 years
78,2020-07-01,7,2020,Federal Crown Corporation Bonds_Over 10 years,12.016,BOND,Federal Crown Corporation Bonds,Over 10 years
54,2020-07-01,7,2020,Federal Crown Corporation Bonds_Under 3 years,17018.794799,BOND,Federal Crown Corporation Bonds,Under 3 years
18,2020-07-01,7,2020,Government of Canada Bonds_3-10 years,423553.718708,BOND,Government of Canada Bonds,3-10 years
210,2020-07-01,7,2020,Government of Canada Bonds_All,351.961812,BOND,Government of Canada Bonds,All
30,2020-07-01,7,2020,Government of Canada Bonds_Over 10 years,52354.674837,BOND,Government of Canada Bonds,Over 10 years
42,2020-07-01,7,2020,Government of Canada Bonds_Real Return Bonds,3744.920601,BOND,Government of Canada Bonds,Real Return Bonds
6,2020-07-01,7,2020,Government of Canada Bonds_Under 3 years,209218.090748,BOND,Government of Canada Bonds,Under 3 years
174,2020-07-01,7,2020,Mortgage Backed Securities_All,6182.7606,BOND,Mortgage Backed Securities,All
162,2020-07-01,7,2020,Municipal Bonds_All,3212.113608,BOND,Municipal Bonds,All
198,2020-07-01,7,2020,Other Domestic Bonds_All,226.91545,BOND,Other Domestic Bonds,All
234,2020-07-01,7,2020,Other_All,1134.00586,BOND,Other,All
102,2020-07-01,7,2020,Provincial Bonds_3-10 years,59290.824452,BOND,Provincial Bonds,3-10 years
222,2020-07-01,7,2020,Provincial Bonds_All,2452.407192,BOND,Provincial Bonds,All
114,2020-07-01,7,2020,Provincial Bonds_Over 10 years,30121.164603,BOND,Provincial Bonds,Over 10 years
90,2020-07-01,7,2020,Provincial Bonds_Under 3 years,14371.404527,BOND,Provincial Bonds,Under 3 years
187,2020-08-01,8,2020,Asset-Backed Securities_All,448.7075,BOND,Asset-Backed Securities,All
139,2020-08-01,8,2020,Corporate Bonds_3-10 years,17401.670128,BOND,Corporate Bonds,3-10 years
151,2020-08-01,8,2020,Corporate Bonds_Over 10 years,4139.692806,BOND,Corporate Bonds,Over 10 years
127,2020-08-01,8,2020,Corporate Bonds_Under 3 years,18374.102401,BOND,Corporate Bonds,Under 3 years
67,2020-08-01,8,2020,Federal Crown Corporation Bonds_3-10 years,41765.681777,BOND,Federal Crown Corporation Bonds,3-10 years
79,2020-08-01,8,2020,Federal Crown Corporation Bonds_Over 10 years,20.696,BOND,Federal Crown Corporation Bonds,Over 10 years
55,2020-08-01,8,2020,Federal Crown Corporation Bonds_Under 3 years,21146.081662,BOND,Federal Crown Corporation Bonds,Under 3 years
19,2020-08-01,8,2020,Government of Canada Bonds_3-10 years,418621.72063,BOND,Government of Canada Bonds,3-10 years
211,2020-08-01,8,2020,Government of Canada Bonds_All,500.079026,BOND,Government of Canada Bonds,All
31,2020-08-01,8,2020,Government of Canada Bonds_Over 10 years,45857.158507,BOND,Government of Canada Bonds,Over 10 years
43,2020-08-01,8,2020,Government of Canada Bonds_Real Return Bonds,3007.738745,BOND,Government of Canada Bonds,Real Return Bonds
7,2020-08-01,8,2020,Government of Canada Bonds_Under 3 years,327094.129204,BOND,Government of Canada Bonds,Under 3 years
175,2020-08-01,8,2020,Mortgage Backed Securities_All,3460.922663,BOND,Mortgage Backed Securities,All
163,2020-08-01,8,2020,Municipal Bonds_All,3551.310775,BOND,Municipal Bonds,All
199,2020-08-01,8,2020,Other Domestic Bonds_All,101.534465,BOND,Other Domestic Bonds,All
235,2020-08-01,8,2020,Other_All,1412.071432,BOND,Other,All
103,2020-08-01,8,2020,Provincial Bonds_3-10 years,46969.447777,BOND,Provincial Bonds,3-10 years
223,2020-08-01,8,2020,Provincial Bonds_All,1609.167523,BOND,Provincial Bonds,All
115,2020-08-01,8,2020,Provincial Bonds_Over 10 years,30798.055464,BOND,Provincial Bonds,Over 10 years
91,2020-08-01,8,2020,Provincial Bonds_Under 3 years,16437.361183,BOND,Provincial Bonds,Under 3 years
188,2020-09-01,9,2020,Asset-Backed Securities_All,1219.637597,BOND,Asset-Backed Securities,All
140,2020-09-01,9,2020,Corporate Bonds_3-10 years,25014.887243,BOND,Corporate Bonds,3-10 years
152,2020-09-01,9,2020,Corporate Bonds_Over 10 years,5813.850063,BOND,Corporate Bonds,Over 10 years
128,2020-09-01,9,2020,Corporate Bonds_Under 3 years,23285.255879,BOND,Corporate Bonds,Under 3 years
68,2020-09-01,9,2020,Federal Crown Corporation Bonds_3-10 years,45182.223171,BOND,Federal Crown Corporation Bonds,3-10 years
80,2020-09-01,9,2020,Federal Crown Corporation Bonds_Over 10 years,40.733,BOND,Federal Crown Corporation Bonds,Over 10 years
56,2020-09-01,9,2020,Federal Crown Corporation Bonds_Under 3 years,25607.804321,BOND,Federal Crown Corporation Bonds,Under 3 years
20,2020-09-01,9,2020,Government of Canada Bonds_3-10 years,415708.5701,BOND,Government of Canada Bonds,3-10 years
212,2020-09-01,9,2020,Government of Canada Bonds_All,553.4063,BOND,Government of Canada Bonds,All
32,2020-09-01,9,2020,Government of Canada Bonds_Over 10 years,46153.188446,BOND,Government of Canada Bonds,Over 10 years
44,2020-09-01,9,2020,Government of Canada Bonds_Real Return Bonds,3087.098946,BOND,Government of Canada Bonds,Real Return Bonds
8,2020-09-01,9,2020,Government of Canada Bonds_Under 3 years,328054.286398,BOND,Government of Canada Bonds,Under 3 years
176,2020-09-01,9,2020,Mortgage Backed Securities_All,5146.294039,BOND,Mortgage Backed Securities,All
164,2020-09-01,9,2020,Municipal Bonds_All,4035.29895,BOND,Municipal Bonds,All
200,2020-09-01,9,2020,Other Domestic Bonds_All,373.740036,BOND,Other Domestic Bonds,All
236,2020-09-01,9,2020,Other_All,1229.127603,BOND,Other,All
104,2020-09-01,9,2020,Provincial Bonds_3-10 years,78704.26193,BOND,Provincial Bonds,3-10 years
224,2020-09-01,9,2020,Provincial Bonds_All,3324.210243,BOND,Provincial Bonds,All
116,2020-09-01,9,2020,Provincial Bonds_Over 10 years,29742.867947,BOND,Provincial Bonds,Over 10 years
92,2020-09-01,9,2020,Provincial Bonds_Under 3 years,16230.78077,BOND,Provincial Bonds,Under 3 years
189,2020-10-01,10,2020,Asset-Backed Securities_All,742.90854,BOND,Asset-Backed Securities,All
141,2020-10-01,10,2020,Corporate Bonds_3-10 years,24730.356157,BOND,Corporate Bonds,3-10 years
153,2020-10-01,10,2020,Corporate Bonds_Over 10 years,7778.076137,BOND,Corporate Bonds,Over 10 years
129,2020-10-01,10,2020,Corporate Bonds_Under 3 years,20413.645712,BOND,Corporate Bonds,Under 3 years
69,2020-10-01,10,2020,Federal Crown Corporation Bonds_3-10 years,42436.245958,BOND,Federal Crown Corporation Bonds,3-10 years
81,2020-10-01,10,2020,Federal Crown Corporation Bonds_Over 10 years,30.163,BOND,Federal Crown Corporation Bonds,Over 10 years
57,2020-10-01,10,2020,Federal Crown Corporation Bonds_Under 3 years,31905.395607,BOND,Federal Crown Corporation Bonds,Under 3 years
21,2020-10-01,10,2020,Government of Canada Bonds_3-10 years,484836.66874,BOND,Government of Canada Bonds,3-10 years
213,2020-10-01,10,2020,Government of Canada Bonds_All,276.407411,BOND,Government of Canada Bonds,All
33,2020-10-01,10,2020,Government of Canada Bonds_Over 10 years,64158.256049,BOND,Government of Canada Bonds,Over 10 years
45,2020-10-01,10,2020,Government of Canada Bonds_Real Return Bonds,2589.923306,BOND,Government of Canada Bonds,Real Return Bonds
9,2020-10-01,10,2020,Government of Canada Bonds_Under 3 years,444186.106074,BOND,Government of Canada Bonds,Under 3 years
177,2020-10-01,10,2020,Mortgage Backed Securities_All,5233.107058,BOND,Mortgage Backed Securities,All
165,2020-10-01,10,2020,Municipal Bonds_All,5139.841069,BOND,Municipal Bonds,All
201,2020-10-01,10,2020,Other Domestic Bonds_All,555.236794,BOND,Other Domestic Bonds,All
237,2020-10-01,10,2020,Other_All,2450.004088,BOND,Other,All
105,2020-10-01,10,2020,Provincial Bonds_3-10 years,60785.642442,BOND,Provincial Bonds,3-10 years
225,2020-10-01,10,2020,Provincial Bonds_All,3003.614845,BOND,Provincial Bonds,All
117,2020-10-01,10,2020,Provincial Bonds_Over 10 years,35959.268824,BOND,Provincial Bonds,Over 10 years
93,2020-10-01,10,2020,Provincial Bonds_Under 3 years,19632.758686,BOND,Provincial Bonds,Under 3 years
190,2020-11-01,11,2020,Asset-Backed Securities_All,532.438886,BOND,Asset-Backed Securities,All
142,2020-11-01,11,2020,Corporate Bonds_3-10 years,21379.059224,BOND,Corporate Bonds,3-10 years
154,2020-11-01,11,2020,Corporate Bonds_Over 10 years,6396.979842,BOND,Corporate Bonds,Over 10 years
130,2020-11-01,11,2020,Corporate Bonds_Under 3 years,17489.57925,BOND,Corporate Bonds,Under 3 years
70,2020-11-01,11,2020,Federal Crown Corporation Bonds_3-10 years,37862.818109,BOND,Federal Crown Corporation Bonds,3-10 years
82,2020-11-01,11,2020,Federal Crown Corporation Bonds_Over 10 years,3461.972,BOND,Federal Crown Corporation Bonds,Over 10 years
58,2020-11-01,11,2020,Federal Crown Corporation Bonds_Under 3 years,43299.379401,BOND,Federal Crown Corporation Bonds,Under 3 years
22,2020-11-01,11,2020,Government of Canada Bonds_3-10 years,410554.317688,BOND,Government of Canada Bonds,3-10 years
214,2020-11-01,11,2020,Government of Canada Bonds_All,448.900221,BOND,Government of Canada Bonds,All
34,2020-11-01,11,2020,Government of Canada Bonds_Over 10 years,66225.704741,BOND,Government of Canada Bonds,Over 10 years
46,2020-11-01,11,2020,Government of Canada Bonds_Real Return Bonds,3089.545704,BOND,Government of Canada Bonds,Real Return Bonds
10,2020-11-01,11,2020,Government of Canada Bonds_Under 3 years,251291.140466,BOND,Government of Canada Bonds,Under 3 years
178,2020-11-01,11,2020,Mortgage Backed Securities_All,3585.439275,BOND,Mortgage Backed Securities,All
166,2020-11-01,11,2020,Municipal Bonds_All,4322.208781,BOND,Municipal Bonds,All
202,2020-11-01,11,2020,Other Domestic Bonds_All,318.176926,BOND,Other Domestic Bonds,All
238,2020-11-01,11,2020,Other_All,1654.744518,BOND,Other,All
106,2020-11-01,11,2020,Provincial Bonds_3-10 years,60224.729087,BOND,Provincial Bonds,3-10 years
226,2020-11-01,11,2020,Provincial Bonds_All,3403.969861,BOND,Provincial Bonds,All
118,2020-11-01,11,2020,Provincial Bonds_Over 10 years,37576.824164,BOND,Provincial Bonds,Over 10 years
94,2020-11-01,11,2020,Provincial Bonds_Under 3 years,13094.929884,BOND,Provincial Bonds,Under 3 years
191,2020-12-01,12,2020,Asset-Backed Securities_All,880.3075,BOND,Asset-Backed Securities,All
143,2020-12-01,12,2020,Corporate Bonds_3-10 years,20815.040668,BOND,Corporate Bonds,3-10 years
155,2020-12-01,12,2020,Corporate Bonds_Over 10 years,5348.718799,BOND,Corporate Bonds,Over 10 years
131,2020-12-01,12,2020,Corporate Bonds_Under 3 years,19715.692904,BOND,Corporate Bonds,Under 3 years
71,2020-12-01,12,2020,Federal Crown Corporation Bonds_3-10 years,32679.805407,BOND,Federal Crown Corporation Bonds,3-10 years
83,2020-12-01,12,2020,Federal Crown Corporation Bonds_Over 10 years,4521.704,BOND,Federal Crown Corporation Bonds,Over 10 years
59,2020-12-01,12,2020,Federal Crown Corporation Bonds_Under 3 years,27977.131555,BOND,Federal Crown Corporation Bonds,Under 3 years
23,2020-12-01,12,2020,Government of Canada Bonds_3-10 years,363887.028412,BOND,Government of Canada Bonds,3-10 years
215,2020-12-01,12,2020,Government of Canada Bonds_All,400.240791,BOND,Government of Canada Bonds,All
35,2020-12-01,12,2020,Government of Canada Bonds_Over 10 years,56303.816273,BOND,Government of Canada Bonds,Over 10 years
47,2020-12-01,12,2020,Government of Canada Bonds_Real Return Bonds,5531.230411,BOND,Government of Canada Bonds,Real Return Bonds
11,2020-12-01,12,2020,Government of Canada Bonds_Under 3 years,249477.922283,BOND,Government of Canada Bonds,Under 3 years
179,2020-12-01,12,2020,Mortgage Backed Securities_All,1956.766804,BOND,Mortgage Backed Securities,All
167,2020-12-01,12,2020,Municipal Bonds_All,3946.952004,BOND,Municipal Bonds,All
203,2020-12-01,12,2020,Other Domestic Bonds_All,932.206431,BOND,Other Domestic Bonds,All
239,2020-12-01,12,2020,Other_All,2211.185349,BOND,Other,All
107,2020-12-01,12,2020,Provincial Bonds_3-10 years,74015.691851,BOND,Provincial Bonds,3-10 years
227,2020-12-01,12,2020,Provincial Bonds_All,2421.326446,BOND,Provincial Bonds,All
119,2020-12-01,12,2020,Provincial Bonds_Over 10 years,31486.922851,BOND,Provincial Bonds,Over 10 years
95,2020-12-01,12,2020,Provincial Bonds_Under 3 years,15852.07364,BOND,Provincial Bonds,Under 3 years
180,2021-01-01,1,2021,Asset-Backed Securities_All,746.2165,BOND,Asset-Backed Securities,All
132,2021-01-01,1,2021,Corporate Bonds_3-10 years,26819.255235,BOND,Corporate Bonds,3-10 years
144,2021-01-01,1,2021,Corporate Bonds_Over 10 years,6593.127546,BOND,Corporate Bonds,Over 10 years
120,2021-01-01,1,2021,Corporate Bonds_Under 3 years,20502.590282,BOND,Corporate Bonds,Under 3 years
60,2021-01-01,1,2021,Federal Crown Corporation Bonds_3-10 years,36765.510281,BOND,Federal Crown Corporation Bonds,3-10 years
72,2021-01-01,1,2021,Federal Crown Corporation Bonds_Over 10 years,7900.71223,BOND,Federal Crown Corporation Bonds,Over 10 years
48,2021-01-01,1,2021,Federal Crown Corporation Bonds_Under 3 years,34919.096924,BOND,Federal Crown Corporation Bonds,Under 3 years
12,2021-01-01,1,2021,Government of Canada Bonds_3-10 years,551173.526852,BOND,Government of Canada Bonds,3-10 years
204,2021-01-01,1,2021,Government of Canada Bonds_All,221.752889,BOND,Government of Canada Bonds,All
24,2021-01-01,1,2021,Government of Canada Bonds_Over 10 years,64852.721058,BOND,Government of Canada Bonds,Over 10 years
36,2021-01-01,1,2021,Government of Canada Bonds_Real Return Bonds,4213.800866,BOND,Government of Canada Bonds,Real Return Bonds
0,2021-01-01,1,2021,Government of Canada Bonds_Under 3 years,325647.983639,BOND,Government of Canada Bonds,Under 3 years
168,2021-01-01,1,2021,Mortgage Backed Securities_All,7111.161162,BOND,Mortgage Backed Securities,All
156,2021-01-01,1,2021,Municipal Bonds_All,5064.794123,BOND,Municipal Bonds,All
192,2021-01-01,1,2021,Other Domestic Bonds_All,633.185796,BOND,Other Domestic Bonds,All
228,2021-01-01,1,2021,Other_All,2735.956397,BOND,Other,All
96,2021-01-01,1,2021,Provincial Bonds_3-10 years,74896.011926,BOND,Provincial Bonds,3-10 years
216,2021-01-01,1,2021,Provincial Bonds_All,2800.640232,BOND,Provincial Bonds,All
108,2021-01-01,1,2021,Provincial Bonds_Over 10 years,40125.036323,BOND,Provincial Bonds,Over 10 years
84,2021-01-01,1,2021,Provincial Bonds_Under 3 years,16695.741755,BOND,Provincial Bonds,Under 3 years
181,2021-02-01,2,2021,Asset-Backed Securities_All,623.48,BOND,Asset-Backed Securities,All
133,2021-02-01,2,2021,Corporate Bonds_3-10 years,24457.558715,BOND,Corporate Bonds,3-10 years
145,2021-02-01,2,2021,Corporate Bonds_Over 10 years,6154.269423,BOND,Corporate Bonds,Over 10 years
121,2021-02-01,2,2021,Corporate Bonds_Under 3 years,22452.444004,BOND,Corporate Bonds,Under 3 years
61,2021-02-01,2,2021,Federal Crown Corporation Bonds_3-10 years,36241.197653,BOND,Federal Crown Corporation Bonds,3-10 years
73,2021-02-01,2,2021,Federal Crown Corporation Bonds_Over 10 years,11146.668499,BOND,Federal Crown Corporation Bonds,Over 10 years
49,2021-02-01,2,2021,Federal Crown Corporation Bonds_Under 3 years,26629.987552,BOND,Federal Crown Corporation Bonds,Under 3 years
13,2021-02-01,2,2021,Government of Canada Bonds_3-10 years,535382.617253,BOND,Government of Canada Bonds,3-10 years
205,2021-02-01,2,2021,Government of Canada Bonds_All,140.508704,BOND,Government of Canada Bonds,All
25,2021-02-01,2,2021,Government of Canada Bonds_Over 10 years,62019.305412,BOND,Government of Canada Bonds,Over 10 years
37,2021-02-01,2,2021,Government of Canada Bonds_Real Return Bonds,4817.351856,BOND,Government of Canada Bonds,Real Return Bonds
1,2021-02-01,2,2021,Government of Canada Bonds_Under 3 years,360180.192068,BOND,Government of Canada Bonds,Under 3 years
169,2021-02-01,2,2021,Mortgage Backed Securities_All,1818.483442,BOND,Mortgage Backed Securities,All
157,2021-02-01,2,2021,Municipal Bonds_All,4749.278082,BOND,Municipal Bonds,All
193,2021-02-01,2,2021,Other Domestic Bonds_All,2957.338103,BOND,Other Domestic Bonds,All
229,2021-02-01,2,2021,Other_All,2307.678188,BOND,Other,All
97,2021-02-01,2,2021,Provincial Bonds_3-10 years,54395.367067,BOND,Provincial Bonds,3-10 years
217,2021-02-01,2,2021,Provincial Bonds_All,1722.155402,BOND,Provincial Bonds,All
109,2021-02-01,2,2021,Provincial Bonds_Over 10 years,37614.307795,BOND,Provincial Bonds,Over 10 years
85,2021-02-01,2,2021,Provincial Bonds_Under 3 years,18837.076712,BOND,Provincial Bonds,Under 3 years
182,2021-03-01,3,2021,Asset-Backed Securities_All,672.545456,BOND,Asset-Backed Securities,All
134,2021-03-01,3,2021,Corporate Bonds_3-10 years,26717.092808,BOND,Corporate Bonds,3-10 years
146,2021-03-01,3,2021,Corporate Bonds_Over 10 years,8340.536217,BOND,Corporate Bonds,Over 10 years
122,2021-03-01,3,2021,Corporate Bonds_Under 3 years,31481.684824,BOND,Corporate Bonds,Under 3 years
62,2021-03-01,3,2021,Federal Crown Corporation Bonds_3-10 years,46202.788248,BOND,Federal Crown Corporation Bonds,3-10 years
74,2021-03-01,3,2021,Federal Crown Corporation Bonds_Over 10 years,4963.37583,BOND,Federal Crown Corporation Bonds,Over 10 years
50,2021-03-01,3,2021,Federal Crown Corporation Bonds_Under 3 years,27314.839241,BOND,Federal Crown Corporation Bonds,Under 3 years
14,2021-03-01,3,2021,Government of Canada Bonds_3-10 years,695454.899115,BOND,Government of Canada Bonds,3-10 years
206,2021-03-01,3,2021,Government of Canada Bonds_All,129.01279,BOND,Government of Canada Bonds,All
26,2021-03-01,3,2021,Government of Canada Bonds_Over 10 years,91474.022167,BOND,Government of Canada Bonds,Over 10 years
38,2021-03-01,3,2021,Government of Canada Bonds_Real Return Bonds,6342.831312,BOND,Government of Canada Bonds,Real Return Bonds
2,2021-03-01,3,2021,Government of Canada Bonds_Under 3 years,394458.57906,BOND,Government of Canada Bonds,Under 3 years
170,2021-03-01,3,2021,Mortgage Backed Securities_All,5150.860114,BOND,Mortgage Backed Securities,All
158,2021-03-01,3,2021,Municipal Bonds_All,6398.4432,BOND,Municipal Bonds,All
194,2021-03-01,3,2021,Other Domestic Bonds_All,909.37126,BOND,Other Domestic Bonds,All
230,2021-03-01,3,2021,Other_All,1965.014284,BOND,Other,All
98,2021-03-01,3,2021,Provincial Bonds_3-10 years,74484.075578,BOND,Provincial Bonds,3-10 years
218,2021-03-01,3,2021,Provincial Bonds_All,2351.915324,BOND,Provincial Bonds,All
110,2021-03-01,3,2021,Provincial Bonds_Over 10 years,64841.246017,BOND,Provincial Bonds,Over 10 years
86,2021-03-01,3,2021,Provincial Bonds_Under 3 years,18322.688574,BOND,Provincial Bonds,Under 3 years
183,2021-04-01,4,2021,Asset-Backed Securities_All,375.385,BOND,Asset-Backed Securities,All
135,2021-04-01,4,2021,Corporate Bonds_3-10 years,21993.700824,BOND,Corporate Bonds,3-10 years
147,2021-04-01,4,2021,Corporate Bonds_Over 10 years,6325.929932,BOND,Corporate Bonds,Over 10 years
123,2021-04-01,4,2021,Corporate Bonds_Under 3 years,19894.846936,BOND,Corporate Bonds,Under 3 years
63,2021-04-01,4,2021,Federal Crown Corporation Bonds_3-10 years,37851.358115,BOND,Federal Crown Corporation Bonds,3-10 years
75,2021-04-01,4,2021,Federal Crown Corporation Bonds_Over 10 years,18.591,BOND,Federal Crown Corporation Bonds,Over 10 years
51,2021-04-01,4,2021,Federal Crown Corporation Bonds_Under 3 years,18487.303203,BOND,Federal Crown Corporation Bonds,Under 3 years
15,2021-04-01,4,2021,Government of Canada Bonds_3-10 years,481182.861376,BOND,Government of Canada Bonds,3-10 years
207,2021-04-01,4,2021,Government of Canada Bonds_All,124.536052,BOND,Government of Canada Bonds,All
27,2021-04-01,4,2021,Government of Canada Bonds_Over 10 years,75239.355777,BOND,Government of Canada Bonds,Over 10 years
39,2021-04-01,4,2021,Government of Canada Bonds_Real Return Bonds,5978.676565,BOND,Government of Canada Bonds,Real Return Bonds
3,2021-04-01,4,2021,Government of Canada Bonds_Under 3 years,328320.360313,BOND,Government of Canada Bonds,Under 3 years
171,2021-04-01,4,2021,Mortgage Backed Securities_All,5375.591103,BOND,Mortgage Backed Securities,All
159,2021-04-01,4,2021,Municipal Bonds_All,6249.090813,BOND,Municipal Bonds,All
195,2021-04-01,4,2021,Other Domestic Bonds_All,112.540796,BOND,Other Domestic Bonds,All
231,2021-04-01,4,2021,Other_All,1664.585837,BOND,Other,All
99,2021-04-01,4,2021,Provincial Bonds_3-10 years,66019.844967,BOND,Provincial Bonds,3-10 years
219,2021-04-01,4,2021,Provincial Bonds_All,3123.741867,BOND,Provincial Bonds,All
111,2021-04-01,4,2021,Provincial Bonds_Over 10 years,58815.466409,BOND,Provincial Bonds,Over 10 years
87,2021-04-01,4,2021,Provincial Bonds_Under 3 years,14666.814419,BOND,Provincial Bonds,Under 3 years
184,2021-05-01,5,2021,Asset-Backed Securities_All,650.467952,BOND,Asset-Backed Securities,All
136,2021-05-01,5,2021,Corporate Bonds_3-10 years,20199.94936,BOND,Corporate Bonds,3-10 years
148,2021-05-01,5,2021,Corporate Bonds_Over 10 years,6868.741358,BOND,Corporate Bonds,Over 10 years
124,2021-05-01,5,2021,Corporate Bonds_Under 3 years,18969.635878,BOND,Corporate Bonds,Under 3 years
64,2021-05-01,5,2021,Federal Crown Corporation Bonds_3-10 years,38289.783117,BOND,Federal Crown Corporation Bonds,3-10 years
76,2021-05-01,5,2021,Federal Crown Corporation Bonds_Over 10 years,43.102646,BOND,Federal Crown Corporation Bonds,Over 10 years
52,2021-05-01,5,2021,Federal Crown Corporation Bonds_Under 3 years,25102.270885,BOND,Federal Crown Corporation Bonds,Under 3 years
16,2021-05-01,5,2021,Government of Canada Bonds_3-10 years,485509.099585,BOND,Government of Canada Bonds,3-10 years
208,2021-05-01,5,2021,Government of Canada Bonds_All,217.931739,BOND,Government of Canada Bonds,All
28,2021-05-01,5,2021,Government of Canada Bonds_Over 10 years,82956.627487,BOND,Government of Canada Bonds,Over 10 years
40,2021-05-01,5,2021,Government of Canada Bonds_Real Return Bonds,4609.060518,BOND,Government of Canada Bonds,Real Return Bonds
4,2021-05-01,5,2021,Government of Canada Bonds_Under 3 years,234500.835138,BOND,Government of Canada Bonds,Under 3 years
172,2021-05-01,5,2021,Mortgage Backed Securities_All,7088.374504,BOND,Mortgage Backed Securities,All
160,2021-05-01,5,2021,Municipal Bonds_All,4876.218396,BOND,Municipal Bonds,All
196,2021-05-01,5,2021,Other Domestic Bonds_All,1836.174151,BOND,Other Domestic Bonds,All
232,2021-05-01,5,2021,Other_All,1538.110331,BOND,Other,All
100,2021-05-01,5,2021,Provincial Bonds_3-10 years,58238.336308,BOND,Provincial Bonds,3-10 years
220,2021-05-01,5,2021,Provincial Bonds_All,2468.077952,BOND,Provincial Bonds,All
112,2021-05-01,5,2021,Provincial Bonds_Over 10 years,58583.798199,BOND,Provincial Bonds,Over 10 years
88,2021-05-01,5,2021,Provincial Bonds_Under 3 years,9540.592725,BOND,Provincial Bonds,Under 3 years
185,2021-06-01,6,2021,Asset-Backed Securities_All,1427.539862,BOND,Asset-Backed Securities,All
137,2021-06-01,6,2021,Corporate Bonds_3-10 years,24098.844071,BOND,Corporate Bonds,3-10 years
149,2021-06-01,6,2021,Corporate Bonds_Over 10 years,8708.370062,BOND,Corporate Bonds,Over 10 years
125,2021-06-01,6,2021,Corporate Bonds_Under 3 years,22346.397147,BOND,Corporate Bonds,Under 3 years
65,2021-06-01,6,2021,Federal Crown Corporation Bonds_3-10 years,41416.856968,BOND,Federal Crown Corporation Bonds,3-10 years
77,2021-06-01,6,2021,Federal Crown Corporation Bonds_Over 10 years,50.385,BOND,Federal Crown Corporation Bonds,Over 10 years
53,2021-06-01,6,2021,Federal Crown Corporation Bonds_Under 3 years,45393.35688,BOND,Federal Crown Corporation Bonds,Under 3 years
17,2021-06-01,6,2021,Government of Canada Bonds_3-10 years,522476.169994,BOND,Government of Canada Bonds,3-10 years
209,2021-06-01,6,2021,Government of Canada Bonds_All,374.04321,BOND,Government of Canada Bonds,All
29,2021-06-01,6,2021,Government of Canada Bonds_Over 10 years,78206.348882,BOND,Government of Canada Bonds,Over 10 years
41,2021-06-01,6,2021,Government of Canada Bonds_Real Return Bonds,4376.653423,BOND,Government of Canada Bonds,Real Return Bonds
5,2021-06-01,6,2021,Government of Canada Bonds_Under 3 years,315953.784845,BOND,Government of Canada Bonds,Under 3 years
173,2021-06-01,6,2021,Mortgage Backed Securities_All,15818.166923,BOND,Mortgage Backed Securities,All
161,2021-06-01,6,2021,Municipal Bonds_All,3534.497688,BOND,Municipal Bonds,All
197,2021-06-01,6,2021,Other Domestic Bonds_All,878.620703,BOND,Other Domestic Bonds,All
233,2021-06-01,6,2021,Other_All,2541.172011,BOND,Other,All
101,2021-06-01,6,2021,Provincial Bonds_3-10 years,75863.801304,BOND,Provincial Bonds,3-10 years
221,2021-06-01,6,2021,Provincial Bonds_All,3683.477402,BOND,Provincial Bonds,All
113,2021-06-01,6,2021,Provincial Bonds_Over 10 years,67667.771662,BOND,Provincial Bonds,Over 10 years
89,2021-06-01,6,2021,Provincial Bonds_Under 3 years,16142.725295,BOND,Provincial Bonds,Under 3 years
186,2021-07-01,7,2021,Asset-Backed Securities_All,293.186718,BOND,Asset-Backed Securities,All
138,2021-07-01,7,2021,Corporate Bonds_3-10 years,18708.259656,BOND,Corporate Bonds,3-10 years
150,2021-07-01,7,2021,Corporate Bonds_Over 10 years,5405.549896,BOND,Corporate Bonds,Over 10 years
126,2021-07-01,7,2021,Corporate Bonds_Under 3 years,20028.606009,BOND,Corporate Bonds,Under 3 years
66,2021-07-01,7,2021,Federal Crown Corporation Bonds_3-10 years,29504.911018,BOND,Federal Crown Corporation Bonds,3-10 years
78,2021-07-01,7,2021,Federal Crown Corporation Bonds_Over 10 years,27.969769,BOND,Federal Crown Corporation Bonds,Over 10 years
54,2021-07-01,7,2021,Federal Crown Corporation Bonds_Under 3 years,29699.930485,BOND,Federal Crown Corporation Bonds,Under 3 years
18,2021-07-01,7,2021,Government of Canada Bonds_3-10 years,402637.822548,BOND,Government of Canada Bonds,3-10 years
210,2021-07-01,7,2021,Government of Canada Bonds_All,142.483273,BOND,Government of Canada Bonds,All
30,2021-07-01,7,2021,Government of Canada Bonds_Over 10 years,44460.225066,BOND,Government of Canada Bonds,Over 10 years
42,2021-07-01,7,2021,Government of Canada Bonds_Real Return Bonds,2863.646959,BOND,Government of Canada Bonds,Real Return Bonds
6,2021-07-01,7,2021,Government of Canada Bonds_Under 3 years,334543.002268,BOND,Government of Canada Bonds,Under 3 years
174,2021-07-01,7,2021,Mortgage Backed Securities_All,4397.502233,BOND,Mortgage Backed Securities,All
162,2021-07-01,7,2021,Municipal Bonds_All,2917.911799,BOND,Municipal Bonds,All
198,2021-07-01,7,2021,Other Domestic Bonds_All,977.874759,BOND,Other Domestic Bonds,All
234,2021-07-01,7,2021,Other_All,1201.55252,BOND,Other,All
102,2021-07-01,7,2021,Provincial Bonds_3-10 years,45806.266781,BOND,Provincial Bonds,3-10 years
222,2021-07-01,7,2021,Provincial Bonds_All,2242.29045,BOND,Provincial Bonds,All
114,2021-07-01,7,2021,Provincial Bonds_Over 10 years,36789.370662,BOND,Provincial Bonds,Over 10 years
90,2021-07-01,7,2021,Provincial Bonds_Under 3 years,15590.326741,BOND,Provincial Bonds,Under 3 years
187,2021-08-01,8,2021,Asset-Backed Securities_All,630.0595,BOND,Asset-Backed Securities,All
139,2021-08-01,8,2021,Corporate Bonds_3-10 years,16448.567287,BOND,Corporate Bonds,3-10 years
151,2021-08-01,8,2021,Corporate Bonds_Over 10 years,4252.477199,BOND,Corporate Bonds,Over 10 years
127,2021-08-01,8,2021,Corporate Bonds_Under 3 years,17231.214035,BOND,Corporate Bonds,Under 3 years
67,2021-08-01,8,2021,Federal Crown Corporation Bonds_3-10 years,32032.921615,BOND,Federal Crown Corporation Bonds,3-10 years
79,2021-08-01,8,2021,Federal Crown Corporation Bonds_Over 10 years,4855.234644,BOND,Federal Crown Corporation Bonds,Over 10 years
55,2021-08-01,8,2021,Federal Crown Corporation Bonds_Under 3 years,17623.204509,BOND,Federal Crown Corporation Bonds,Under 3 years
19,2021-08-01,8,2021,Government of Canada Bonds_3-10 years,375712.092157,BOND,Government of Canada Bonds,3-10 years
211,2021-08-01,8,2021,Government of Canada Bonds_All,128.07646,BOND,Government of Canada Bonds,All
31,2021-08-01,8,2021,Government of Canada Bonds_Over 10 years,46824.541101,BOND,Government of Canada Bonds,Over 10 years
43,2021-08-01,8,2021,Government of Canada Bonds_Real Return Bonds,3169.036313,BOND,Government of Canada Bonds,Real Return Bonds
7,2021-08-01,8,2021,Government of Canada Bonds_Under 3 years,268331.258946,BOND,Government of Canada Bonds,Under 3 years
175,2021-08-01,8,2021,Mortgage Backed Securities_All,5434.208673,BOND,Mortgage Backed Securities,All
163,2021-08-01,8,2021,Municipal Bonds_All,2832.516812,BOND,Municipal Bonds,All
199,2021-08-01,8,2021,Other Domestic Bonds_All,588.689942,BOND,Other Domestic Bonds,All
235,2021-08-01,8,2021,Other_All,1324.2337,BOND,Other,All
103,2021-08-01,8,2021,Provincial Bonds_3-10 years,49139.985479,BOND,Provincial Bonds,3-10 years
223,2021-08-01,8,2021,Provincial Bonds_All,1434.80387,BOND,Provincial Bonds,All
115,2021-08-01,8,2021,Provincial Bonds_Over 10 years,38542.209333,BOND,Provincial Bonds,Over 10 years
91,2021-08-01,8,2021,Provincial Bonds_Under 3 years,9188.175832,BOND,Provincial Bonds,Under 3 years
188,2021-09-01,9,2021,Asset-Backed Securities_All,657.719423,BOND,Asset-Backed Securities,All
140,2021-09-01,9,2021,Corporate Bonds_3-10 years,19527.888147,BOND,Corporate Bonds,3-10 years
152,2021-09-01,9,2021,Corporate Bonds_Over 10 years,5877.538098,BOND,Corporate Bonds,Over 10 years
128,2021-09-01,9,2021,Corporate Bonds_Under 3 years,20829.694064,BOND,Corporate Bonds,Under 3 years
68,2021-09-01,9,2021,Federal Crown Corporation Bonds_3-10 years,52617.917238,BOND,Federal Crown Corporation Bonds,3-10 years
80,2021-09-01,9,2021,Federal Crown Corporation Bonds_Over 10 years,7887.2515,BOND,Federal Crown Corporation Bonds,Over 10 years
56,2021-09-01,9,2021,Federal Crown Corporation Bonds_Under 3 years,25387.515793,BOND,Federal Crown Corporation Bonds,Under 3 years
20,2021-09-01,9,2021,Government of Canada Bonds_3-10 years,501825.935782,BOND,Government of Canada Bonds,3-10 years
212,2021-09-01,9,2021,Government of Canada Bonds_All,127.660679,BOND,Government of Canada Bonds,All
32,2021-09-01,9,2021,Government of Canada Bonds_Over 10 years,72001.302302,BOND,Government of Canada Bonds,Over 10 years
44,2021-09-01,9,2021,Government of Canada Bonds_Real Return Bonds,3518.117074,BOND,Government of Canada Bonds,Real Return Bonds
8,2021-09-01,9,2021,Government of Canada Bonds_Under 3 years,348154.526697,BOND,Government of Canada Bonds,Under 3 years
176,2021-09-01,9,2021,Mortgage Backed Securities_All,6568.904005,BOND,Mortgage Backed Securities,All
164,2021-09-01,9,2021,Municipal Bonds_All,4423.550722,BOND,Municipal Bonds,All
200,2021-09-01,9,2021,Other Domestic Bonds_All,1026.343282,BOND,Other Domestic Bonds,All
236,2021-09-01,9,2021,Other_All,1160.067091,BOND,Other,All
104,2021-09-01,9,2021,Provincial Bonds_3-10 years,68193.291831,BOND,Provincial Bonds,3-10 years
224,2021-09-01,9,2021,Provincial Bonds_All,2411.625364,BOND,Provincial Bonds,All
116,2021-09-01,9,2021,Provincial Bonds_Over 10 years,50542.430808,BOND,Provincial Bonds,Over 10 years
92,2021-09-01,9,2021,Provincial Bonds_Under 3 years,16880.601423,BOND,Provincial Bonds,Under 3 years
189,2021-10-01,10,2021,Asset-Backed Securities_All,755.264776,BOND,Asset-Backed Securities,All
141,2021-10-01,10,2021,Corporate Bonds_3-10 years,20339.230422,BOND,Corporate Bonds,3-10 years
153,2021-10-01,10,2021,Corporate Bonds_Over 10 years,6444.66123,BOND,Corporate Bonds,Over 10 years
129,2021-10-01,10,2021,Corporate Bonds_Under 3 years,19484.690194,BOND,Corporate Bonds,Under 3 years
69,2021-10-01,10,2021,Federal Crown Corporation Bonds_3-10 years,47513.398386,BOND,Federal Crown Corporation Bonds,3-10 years
81,2021-10-01,10,2021,Federal Crown Corporation Bonds_Over 10 years,5776.386,BOND,Federal Crown Corporation Bonds,Over 10 years
57,2021-10-01,10,2021,Federal Crown Corporation Bonds_Under 3 years,22663.378647,BOND,Federal Crown Corporation Bonds,Under 3 years
21,2021-10-01,10,2021,Government of Canada Bonds_3-10 years,410391.349411,BOND,Government of Canada Bonds,3-10 years
213,2021-10-01,10,2021,Government of Canada Bonds_All,238.836044,BOND,Government of Canada Bonds,All
33,2021-10-01,10,2021,Government of Canada Bonds_Over 10 years,74917.341921,BOND,Government of Canada Bonds,Over 10 years
45,2021-10-01,10,2021,Government of Canada Bonds_Real Return Bonds,4312.706507,BOND,Government of Canada Bonds,Real Return Bonds
9,2021-10-01,10,2021,Government of Canada Bonds_Under 3 years,482439.764984,BOND,Government of Canada Bonds,Under 3 years
177,2021-10-01,10,2021,Mortgage Backed Securities_All,4053.336384,BOND,Mortgage Backed Securities,All
165,2021-10-01,10,2021,Municipal Bonds_All,2868.589059,BOND,Municipal Bonds,All
201,2021-10-01,10,2021,Other Domestic Bonds_All,861.684259,BOND,Other Domestic Bonds,All
237,2021-10-01,10,2021,Other_All,1043.530484,BOND,Other,All
105,2021-10-01,10,2021,Provincial Bonds_3-10 years,58653.912431,BOND,Provincial Bonds,3-10 years
225,2021-10-01,10,2021,Provincial Bonds_All,2326.834601,BOND,Provincial Bonds,All
117,2021-10-01,10,2021,Provincial Bonds_Over 10 years,57257.490418,BOND,Provincial Bonds,Over 10 years
93,2021-10-01,10,2021,Provincial Bonds_Under 3 years,15639.502574,BOND,Provincial Bonds,Under 3 years
190,2021-11-01,11,2021,Asset-Backed Securities_All,643.454499,BOND,Asset-Backed Securities,All
142,2021-11-01,11,2021,Corporate Bonds_3-10 years,22740.521529,BOND,Corporate Bonds,3-10 years
154,2021-11-01,11,2021,Corporate Bonds_Over 10 years,7653.479316,BOND,Corporate Bonds,Over 10 years
130,2021-11-01,11,2021,Corporate Bonds_Under 3 years,18856.061241,BOND,Corporate Bonds,Under 3 years
70,2021-11-01,11,2021,Federal Crown Corporation Bonds_3-10 years,41820.84277,BOND,Federal Crown Corporation Bonds,3-10 years
82,2021-11-01,11,2021,Federal Crown Corporation Bonds_Over 10 years,12203.444108,BOND,Federal Crown Corporation Bonds,Over 10 years
58,2021-11-01,11,2021,Federal Crown Corporation Bonds_Under 3 years,32448.440387,BOND,Federal Crown Corporation Bonds,Under 3 years
22,2021-11-01,11,2021,Government of Canada Bonds_3-10 years,404346.17001,BOND,Government of Canada Bonds,3-10 years
214,2021-11-01,11,2021,Government of Canada Bonds_All,309.822683,BOND,Government of Canada Bonds,All
34,2021-11-01,11,2021,Government of Canada Bonds_Over 10 years,77852.806325,BOND,Government of Canada Bonds,Over 10 years
46,2021-11-01,11,2021,Government of Canada Bonds_Real Return Bonds,4811.824247,BOND,Government of Canada Bonds,Real Return Bonds
10,2021-11-01,11,2021,Government of Canada Bonds_Under 3 years,406814.382374,BOND,Government of Canada Bonds,Under 3 years
178,2021-11-01,11,2021,Mortgage Backed Securities_All,3889.067355,BOND,Mortgage Backed Securities,All
166,2021-11-01,11,2021,Municipal Bonds_All,3183.317671,BOND,Municipal Bonds,All
202,2021-11-01,11,2021,Other Domestic Bonds_All,702.168045,BOND,Other Domestic Bonds,All
238,2021-11-01,11,2021,Other_All,1595.548097,BOND,Other,All
106,2021-11-01,11,2021,Provincial Bonds_3-10 years,53084.121436,BOND,Provincial Bonds,3-10 years
226,2021-11-01,11,2021,Provincial Bonds_All,2419.618066,BOND,Provincial Bonds,All
118,2021-11-01,11,2021,Provincial Bonds_Over 10 years,47345.119613,BOND,Provincial Bonds,Over 10 years
94,2021-11-01,11,2021,Provincial Bonds_Under 3 years,12683.281738,BOND,Provincial Bonds,Under 3 years
191,2021-12-01,12,2021,Asset-Backed Securities_All,985.776,BOND,Asset-Backed Securities,All
143,2021-12-01,12,2021,Corporate Bonds_3-10 years,16285.157194,BOND,Corporate Bonds,3-10 years
155,2021-12-01,12,2021,Corporate Bonds_Over 10 years,5684.36452,BOND,Corporate Bonds,Over 10 years
131,2021-12-01,12,2021,Corporate Bonds_Under 3 years,16207.445211,BOND,Corporate Bonds,Under 3 years
71,2021-12-01,12,2021,Federal Crown Corporation Bonds_3-10 years,46024.476729,BOND,Federal Crown Corporation Bonds,3-10 years
83,2021-12-01,12,2021,Federal Crown Corporation Bonds_Over 10 years,5282.026391,BOND,Federal Crown Corporation Bonds,Over 10 years
59,2021-12-01,12,2021,Federal Crown Corporation Bonds_Under 3 years,17956.756764,BOND,Federal Crown Corporation Bonds,Under 3 years
23,2021-12-01,12,2021,Government of Canada Bonds_3-10 years,382423.922016,BOND,Government of Canada Bonds,3-10 years
215,2021-12-01,12,2021,Government of Canada Bonds_All,215.503958,BOND,Government of Canada Bonds,All
35,2021-12-01,12,2021,Government of Canada Bonds_Over 10 years,68393.190924,BOND,Government of Canada Bonds,Over 10 years
47,2021-12-01,12,2021,Government of Canada Bonds_Real Return Bonds,4138.646271,BOND,Government of Canada Bonds,Real Return Bonds
11,2021-12-01,12,2021,Government of Canada Bonds_Under 3 years,291864.167595,BOND,Government of Canada Bonds,Under 3 years
179,2021-12-01,12,2021,Mortgage Backed Securities_All,4220.032869,BOND,Mortgage Backed Securities,All
167,2021-12-01,12,2021,Municipal Bonds_All,2083.001125,BOND,Municipal Bonds,All
203,2021-12-01,12,2021,Other Domestic Bonds_All,1313.243669,BOND,Other Domestic Bonds,All
239,2021-12-01,12,2021,Other_All,1344.045417,BOND,Other,All
107,2021-12-01,12,2021,Provincial Bonds_3-10 years,49613.127201,BOND,Provincial Bonds,3-10 years
227,2021-12-01,12,2021,Provincial Bonds_All,1834.928684,BOND,Provincial Bonds,All
119,2021-12-01,12,2021,Provincial Bonds_Over 10 years,42638.447432,BOND,Provincial Bonds,Over 10 years
95,2021-12-01,12,2021,Provincial Bonds_Under 3 years,12481.08476,BOND,Provincial Bonds,Under 3 years
180,2022-01-01,1,2022,Asset-Backed Securities_All,657.186243,BOND,Asset-Backed Securities,All
132,2022-01-01,1,2022,Corporate Bonds_3-10 years,26803.895052,BOND,Corporate Bonds,3-10 years
144,2022-01-01,1,2022,Corporate Bonds_Over 10 years,6203.394163,BOND,Corporate Bonds,Over 10 years
120,2022-01-01,1,2022,Corporate Bonds_Under 3 years,21088.199523,BOND,Corporate Bonds,Under 3 years
60,2022-01-01,1,2022,Federal Crown Corporation Bonds_3-10 years,41401.91294,BOND,Federal Crown Corporation Bonds,3-10 years
72,2022-01-01,1,2022,Federal Crown Corporation Bonds_Over 10 years,6.862716,BOND,Federal Crown Corporation Bonds,Over 10 years
48,2022-01-01,1,2022,Federal Crown Corporation Bonds_Under 3 years,30579.624778,BOND,Federal Crown Corporation Bonds,Under 3 years
12,2022-01-01,1,2022,Government of Canada Bonds_3-10 years,421895.456092,BOND,Government of Canada Bonds,3-10 years
204,2022-01-01,1,2022,Government of Canada Bonds_All,221.891788,BOND,Government of Canada Bonds,All
24,2022-01-01,1,2022,Government of Canada Bonds_Over 10 years,66073.624913,BOND,Government of Canada Bonds,Over 10 years
36,2022-01-01,1,2022,Government of Canada Bonds_Real Return Bonds,3136.47428,BOND,Government of Canada Bonds,Real Return Bonds
0,2022-01-01,1,2022,Government of Canada Bonds_Under 3 years,403156.40386,BOND,Government of Canada Bonds,Under 3 years
168,2022-01-01,1,2022,Mortgage Backed Securities_All,4137.235461,BOND,Mortgage Backed Securities,All
156,2022-01-01,1,2022,Municipal Bonds_All,2742.30119,BOND,Municipal Bonds,All
192,2022-01-01,1,2022,Other Domestic Bonds_All,886.006601,BOND,Other Domestic Bonds,All
228,2022-01-01,1,2022,Other_All,1635.250394,BOND,Other,All
96,2022-01-01,1,2022,Provincial Bonds_3-10 years,53017.865554,BOND,Provincial Bonds,3-10 years
216,2022-01-01,1,2022,Provincial Bonds_All,2212.776994,BOND,Provincial Bonds,All
108,2022-01-01,1,2022,Provincial Bonds_Over 10 years,55565.41625,BOND,Provincial Bonds,Over 10 years
84,2022-01-01,1,2022,Provincial Bonds_Under 3 years,8739.589995,BOND,Provincial Bonds,Under 3 years
181,2022-02-01,2,2022,Asset-Backed Securities_All,1410.0135,BOND,Asset-Backed Securities,All
133,2022-02-01,2,2022,Corporate Bonds_3-10 years,16058.011486,BOND,Corporate Bonds,3-10 years
145,2022-02-01,2,2022,Corporate Bonds_Over 10 years,5416.223583,BOND,Corporate Bonds,Over 10 years
121,2022-02-01,2,2022,Corporate Bonds_Under 3 years,19484.871685,BOND,Corporate Bonds,Under 3 years
61,2022-02-01,2,2022,Federal Crown Corporation Bonds_3-10 years,41463.291284,BOND,Federal Crown Corporation Bonds,3-10 years
73,2022-02-01,2,2022,Federal Crown Corporation Bonds_Over 10 years,13.173615,BOND,Federal Crown Corporation Bonds,Over 10 years
49,2022-02-01,2,2022,Federal Crown Corporation Bonds_Under 3 years,20636.449427,BOND,Federal Crown Corporation Bonds,Under 3 years
13,2022-02-01,2,2022,Government of Canada Bonds_3-10 years,406352.99256,BOND,Government of Canada Bonds,3-10 years
205,2022-02-01,2,2022,Government of Canada Bonds_All,369.295029,BOND,Government of Canada Bonds,All
25,2022-02-01,2,2022,Government of Canada Bonds_Over 10 years,60936.486021,BOND,Government of Canada Bonds,Over 10 years
37,2022-02-01,2,2022,Government of Canada Bonds_Real Return Bonds,2853.932822,BOND,Government of Canada Bonds,Real Return Bonds
1,2022-02-01,2,2022,Government of Canada Bonds_Under 3 years,335013.652436,BOND,Government of Canada Bonds,Under 3 years
169,2022-02-01,2,2022,Mortgage Backed Securities_All,4890.160855,BOND,Mortgage Backed Securities,All
157,2022-02-01,2,2022,Municipal Bonds_All,3475.518783,BOND,Municipal Bonds,All
193,2022-02-01,2,2022,Other Domestic Bonds_All,1919.19937,BOND,Other Domestic Bonds,All
229,2022-02-01,2,2022,Other_All,1413.285348,BOND,Other,All
97,2022-02-01,2,2022,Provincial Bonds_3-10 years,60514.83712,BOND,Provincial Bonds,3-10 years
217,2022-02-01,2,2022,Provincial Bonds_All,1789.666494,BOND,Provincial Bonds,All
109,2022-02-01,2,2022,Provincial Bonds_Over 10 years,49186.958162,BOND,Provincial Bonds,Over 10 years
85,2022-02-01,2,2022,Provincial Bonds_Under 3 years,11323.733306,BOND,Provincial Bonds,Under 3 years
182,2022-03-01,3,2022,Asset-Backed Securities_All,1097.0275,BOND,Asset-Backed Securities,All
134,2022-03-01,3,2022,Corporate Bonds_3-10 years,32463.0569,BOND,Corporate Bonds,3-10 years
146,2022-03-01,3,2022,Corporate Bonds_Over 10 years,8965.604153,BOND,Corporate Bonds,Over 10 years
122,2022-03-01,3,2022,Corporate Bonds_Under 3 years,28373.438307,BOND,Corporate Bonds,Under 3 years
62,2022-03-01,3,2022,Federal Crown Corporation Bonds_3-10 years,53722.04603,BOND,Federal Crown Corporation Bonds,3-10 years
74,2022-03-01,3,2022,Federal Crown Corporation Bonds_Over 10 years,31.376538,BOND,Federal Crown Corporation Bonds,Over 10 years
50,2022-03-01,3,2022,Federal Crown Corporation Bonds_Under 3 years,29114.274837,BOND,Federal Crown Corporation Bonds,Under 3 years
14,2022-03-01,3,2022,Government of Canada Bonds_3-10 years,794065.708849,BOND,Government of Canada Bonds,3-10 years
206,2022-03-01,3,2022,Government of Canada Bonds_All,180.87919,BOND,Government of Canada Bonds,All
26,2022-03-01,3,2022,Government of Canada Bonds_Over 10 years,108924.237895,BOND,Government of Canada Bonds,Over 10 years
38,2022-03-01,3,2022,Government of Canada Bonds_Real Return Bonds,4582.46123,BOND,Government of Canada Bonds,Real Return Bonds
2,2022-03-01,3,2022,Government of Canada Bonds_Under 3 years,464711.322427,BOND,Government of Canada Bonds,Under 3 years
170,2022-03-01,3,2022,Mortgage Backed Securities_All,5471.440232,BOND,Mortgage Backed Securities,All
158,2022-03-01,3,2022,Municipal Bonds_All,5436.667604,BOND,Municipal Bonds,All
194,2022-03-01,3,2022,Other Domestic Bonds_All,2209.599828,BOND,Other Domestic Bonds,All
230,2022-03-01,3,2022,Other_All,1555.401736,BOND,Other,All
98,2022-03-01,3,2022,Provincial Bonds_3-10 years,83251.142463,BOND,Provincial Bonds,3-10 years
218,2022-03-01,3,2022,Provincial Bonds_All,3343.376961,BOND,Provincial Bonds,All
110,2022-03-01,3,2022,Provincial Bonds_Over 10 years,63754.56111,BOND,Provincial Bonds,Over 10 years
86,2022-03-01,3,2022,Provincial Bonds_Under 3 years,13483.50998,BOND,Provincial Bonds,Under 3 years
183,2022-04-01,4,2022,Asset-Backed Securities_All,715.950585,BOND,Asset-Backed Securities,All
135,2022-04-01,4,2022,Corporate Bonds_3-10 years,19416.725923,BOND,Corporate Bonds,3-10 years
147,2022-04-01,4,2022,Corporate Bonds_Over 10 years,8250.840579,BOND,Corporate Bonds,Over 10 years
123,2022-04-01,4,2022,Corporate Bonds_Under 3 years,19698.548,BOND,Corporate Bonds,Under 3 years
63,2022-04-01,4,2022,Federal Crown Corporation Bonds_3-10 years,38758.082496,BOND,Federal Crown Corporation Bonds,3-10 years
75,2022-04-01,4,2022,Federal Crown Corporation Bonds_Over 10 years,55.819653,BOND,Federal Crown Corporation Bonds,Over 10 years
51,2022-04-01,4,2022,Federal Crown Corporation Bonds_Under 3 years,9525.977137,BOND,Federal Crown Corporation Bonds,Under 3 years
15,2022-04-01,4,2022,Government of Canada Bonds_3-10 years,420996.543523,BOND,Government of Canada Bonds,3-10 years
207,2022-04-01,4,2022,Government of Canada Bonds_All,72.756922,BOND,Government of Canada Bonds,All
27,2022-04-01,4,2022,Government of Canada Bonds_Over 10 years,88766.386234,BOND,Government of Canada Bonds,Over 10 years
39,2022-04-01,4,2022,Government of Canada Bonds_Real Return Bonds,2248.581979,BOND,Government of Canada Bonds,Real Return Bonds
3,2022-04-01,4,2022,Government of Canada Bonds_Under 3 years,330574.495336,BOND,Government of Canada Bonds,Under 3 years
171,2022-04-01,4,2022,Mortgage Backed Securities_All,6935.903667,BOND,Mortgage Backed Securities,All
159,2022-04-01,4,2022,Municipal Bonds_All,3209.357733,BOND,Municipal Bonds,All
195,2022-04-01,4,2022,Other Domestic Bonds_All,883.653909,BOND,Other Domestic Bonds,All
231,2022-04-01,4,2022,Other_All,2449.21996,BOND,Other,All
99,2022-04-01,4,2022,Provincial Bonds_3-10 years,70652.585888,BOND,Provincial Bonds,3-10 years
219,2022-04-01,4,2022,Provincial Bonds_All,2319.105617,BOND,Provincial Bonds,All
111,2022-04-01,4,2022,Provincial Bonds_Over 10 years,57423.076639,BOND,Provincial Bonds,Over 10 years
87,2022-04-01,4,2022,Provincial Bonds_Under 3 years,9862.403281,BOND,Provincial Bonds,Under 3 years
184,2022-05-01,5,2022,Asset-Backed Securities_All,593.289,BOND,Asset-Backed Securities,All
136,2022-05-01,5,2022,Corporate Bonds_3-10 years,23020.470927,BOND,Corporate Bonds,3-10 years
148,2022-05-01,5,2022,Corporate Bonds_Over 10 years,7702.165258,BOND,Corporate Bonds,Over 10 years
124,2022-05-01,5,2022,Corporate Bonds_Under 3 years,20419.293468,BOND,Corporate Bonds,Under 3 years
64,2022-05-01,5,2022,Federal Crown Corporation Bonds_3-10 years,43941.314049,BOND,Federal Crown Corporation Bonds,3-10 years
76,2022-05-01,5,2022,Federal Crown Corporation Bonds_Over 10 years,4902.784456,BOND,Federal Crown Corporation Bonds,Over 10 years
52,2022-05-01,5,2022,Federal Crown Corporation Bonds_Under 3 years,13770.634576,BOND,Federal Crown Corporation Bonds,Under 3 years
16,2022-05-01,5,2022,Government of Canada Bonds_3-10 years,501793.984262,BOND,Government of Canada Bonds,3-10 years
208,2022-05-01,5,2022,Government of Canada Bonds_All,285.728015,BOND,Government of Canada Bonds,All
28,2022-05-01,5,2022,Government of Canada Bonds_Over 10 years,91398.188395,BOND,Government of Canada Bonds,Over 10 years
40,2022-05-01,5,2022,Government of Canada Bonds_Real Return Bonds,2760.690827,BOND,Government of Canada Bonds,Real Return Bonds
4,2022-05-01,5,2022,Government of Canada Bonds_Under 3 years,340461.321665,BOND,Government of Canada Bonds,Under 3 years
172,2022-05-01,5,2022,Mortgage Backed Securities_All,3274.091444,BOND,Mortgage Backed Securities,All
160,2022-05-01,5,2022,Municipal Bonds_All,4353.440366,BOND,Municipal Bonds,All
196,2022-05-01,5,2022,Other Domestic Bonds_All,1336.276345,BOND,Other Domestic Bonds,All
232,2022-05-01,5,2022,Other_All,1778.859984,BOND,Other,All
100,2022-05-01,5,2022,Provincial Bonds_3-10 years,69177.969608,BOND,Provincial Bonds,3-10 years
220,2022-05-01,5,2022,Provincial Bonds_All,1843.433919,BOND,Provincial Bonds,All
112,2022-05-01,5,2022,Provincial Bonds_Over 10 years,61585.409253,BOND,Provincial Bonds,Over 10 years
88,2022-05-01,5,2022,Provincial Bonds_Under 3 years,13550.894613,BOND,Provincial Bonds,Under 3 years
185,2022-06-01,6,2022,Asset-Backed Securities_All,1312.760948,BOND,Asset-Backed Securities,All
137,2022-06-01,6,2022,Corporate Bonds_3-10 years,26261.664335,BOND,Corporate Bonds,3-10 years
149,2022-06-01,6,2022,Corporate Bonds_Over 10 years,8537.846641,BOND,Corporate Bonds,Over 10 years
125,2022-06-01,6,2022,Corporate Bonds_Under 3 years,21894.701952,BOND,Corporate Bonds,Under 3 years
65,2022-06-01,6,2022,Federal Crown Corporation Bonds_3-10 years,52947.589304,BOND,Federal Crown Corporation Bonds,3-10 years
77,2022-06-01,6,2022,Federal Crown Corporation Bonds_Over 10 years,5679.217769,BOND,Federal Crown Corporation Bonds,Over 10 years
53,2022-06-01,6,2022,Federal Crown Corporation Bonds_Under 3 years,15820.561811,BOND,Federal Crown Corporation Bonds,Under 3 years
17,2022-06-01,6,2022,Government of Canada Bonds_3-10 years,561909.687492,BOND,Government of Canada Bonds,3-10 years
209,2022-06-01,6,2022,Government of Canada Bonds_All,248.059704,BOND,Government of Canada Bonds,All
29,2022-06-01,6,2022,Government of Canada Bonds_Over 10 years,112110.381991,BOND,Government of Canada Bonds,Over 10 years
41,2022-06-01,6,2022,Government of Canada Bonds_Real Return Bonds,3536.065292,BOND,Government of Canada Bonds,Real Return Bonds
5,2022-06-01,6,2022,Government of Canada Bonds_Under 3 years,389512.355338,BOND,Government of Canada Bonds,Under 3 years
173,2022-06-01,6,2022,Mortgage Backed Securities_All,6375.582358,BOND,Mortgage Backed Securities,All
161,2022-06-01,6,2022,Municipal Bonds_All,4054.746324,BOND,Municipal Bonds,All
197,2022-06-01,6,2022,Other Domestic Bonds_All,1160.093777,BOND,Other Domestic Bonds,All
233,2022-06-01,6,2022,Other_All,2557.643042,BOND,Other,All
101,2022-06-01,6,2022,Provincial Bonds_3-10 years,64967.687606,BOND,Provincial Bonds,3-10 years
221,2022-06-01,6,2022,Provincial Bonds_All,3993.985739,BOND,Provincial Bonds,All
113,2022-06-01,6,2022,Provincial Bonds_Over 10 years,67800.789099,BOND,Provincial Bonds,Over 10 years
89,2022-06-01,6,2022,Provincial Bonds_Under 3 years,12091.760207,BOND,Provincial Bonds,Under 3 years
186,2022-07-01,7,2022,Asset-Backed Securities_All,705.180852,BOND,Asset-Backed Securities,All
138,2022-07-01,7,2022,Corporate Bonds_3-10 years,17059.245987,BOND,Corporate Bonds,3-10 years
150,2022-07-01,7,2022,Corporate Bonds_Over 10 years,6827.769964,BOND,Corporate Bonds,Over 10 years
126,2022-07-01,7,2022,Corporate Bonds_Under 3 years,16045.041169,BOND,Corporate Bonds,Under 3 years
66,2022-07-01,7,2022,Federal Crown Corporation Bonds_3-10 years,28838.690438,BOND,Federal Crown Corporation Bonds,3-10 years
78,2022-07-01,7,2022,Federal Crown Corporation Bonds_Over 10 years,4910.228923,BOND,Federal Crown Corporation Bonds,Over 10 years
54,2022-07-01,7,2022,Federal Crown Corporation Bonds_Under 3 years,9106.460112,BOND,Federal Crown Corporation Bonds,Under 3 years
18,2022-07-01,7,2022,Government of Canada Bonds_3-10 years,409793.564388,BOND,Government of Canada Bonds,3-10 years
210,2022-07-01,7,2022,Government of Canada Bonds_All,70.233462,BOND,Government of Canada Bonds,All
30,2022-07-01,7,2022,Government of Canada Bonds_Over 10 years,68853.771279,BOND,Government of Canada Bonds,Over 10 years
42,2022-07-01,7,2022,Government of Canada Bonds_Real Return Bonds,2053.086489,BOND,Government of Canada Bonds,Real Return Bonds
6,2022-07-01,7,2022,Government of Canada Bonds_Under 3 years,318472.477138,BOND,Government of Canada Bonds,Under 3 years
174,2022-07-01,7,2022,Mortgage Backed Securities_All,7802.566557,BOND,Mortgage Backed Securities,All
162,2022-07-01,7,2022,Municipal Bonds_All,2852.991272,BOND,Municipal Bonds,All
198,2022-07-01,7,2022,Other Domestic Bonds_All,3331.410447,BOND,Other Domestic Bonds,All
234,2022-07-01,7,2022,Other_All,1664.015052,BOND,Other,All
102,2022-07-01,7,2022,Provincial Bonds_3-10 years,46649.85072,BOND,Provincial Bonds,3-10 years
222,2022-07-01,7,2022,Provincial Bonds_All,2195.663661,BOND,Provincial Bonds,All
114,2022-07-01,7,2022,Provincial Bonds_Over 10 years,47894.771399,BOND,Provincial Bonds,Over 10 years
90,2022-07-01,7,2022,Provincial Bonds_Under 3 years,13213.711519,BOND,Provincial Bonds,Under 3 years
187,2022-08-01,8,2022,Asset-Backed Securities_All,668.923,BOND,Asset-Backed Securities,All
139,2022-08-01,8,2022,Corporate Bonds_3-10 years,19634.141123,BOND,Corporate Bonds,3-10 years
151,2022-08-01,8,2022,Corporate Bonds_Over 10 years,6158.3945,BOND,Corporate Bonds,Over 10 years
127,2022-08-01,8,2022,Corporate Bonds_Under 3 years,18525.459167,BOND,Corporate Bonds,Under 3 years
67,2022-08-01,8,2022,Federal Crown Corporation Bonds_3-10 years,39550.151643,BOND,Federal Crown Corporation Bonds,3-10 years
79,2022-08-01,8,2022,Federal Crown Corporation Bonds_Over 10 years,8923.37371,BOND,Federal Crown Corporation Bonds,Over 10 years
55,2022-08-01,8,2022,Federal Crown Corporation Bonds_Under 3 years,11026.516097,BOND,Federal Crown Corporation Bonds,Under 3 years
19,2022-08-01,8,2022,Government of Canada Bonds_3-10 years,562183.365894,BOND,Government of Canada Bonds,3-10 years
211,2022-08-01,8,2022,Government of Canada Bonds_All,83.650916,BOND,Government of Canada Bonds,All
31,2022-08-01,8,2022,Government of Canada Bonds_Over 10 years,81106.010996,BOND,Government of Canada Bonds,Over 10 years
43,2022-08-01,8,2022,Government of Canada Bonds_Real Return Bonds,2160.867842,BOND,Government of Canada Bonds,Real Return Bonds
7,2022-08-01,8,2022,Government of Canada Bonds_Under 3 years,344460.393018,BOND,Government of Canada Bonds,Under 3 years
175,2022-08-01,8,2022,Mortgage Backed Securities_All,5062.263268,BOND,Mortgage Backed Securities,All
163,2022-08-01,8,2022,Municipal Bonds_All,3185.015603,BOND,Municipal Bonds,All
199,2022-08-01,8,2022,Other Domestic Bonds_All,2502.285777,BOND,Other Domestic Bonds,All
235,2022-08-01,8,2022,Other_All,1426.283778,BOND,Other,All
103,2022-08-01,8,2022,Provincial Bonds_3-10 years,53642.185495,BOND,Provincial Bonds,3-10 years
223,2022-08-01,8,2022,Provincial Bonds_All,3148.115015,BOND,Provincial Bonds,All
115,2022-08-01,8,2022,Provincial Bonds_Over 10 years,49213.289825,BOND,Provincial Bonds,Over 10 years
91,2022-08-01,8,2022,Provincial Bonds_Under 3 years,11077.730627,BOND,Provincial Bonds,Under 3 years
188,2022-09-01,9,2022,Asset-Backed Securities_All,1256.795737,BOND,Asset-Backed Securities,All
140,2022-09-01,9,2022,Corporate Bonds_3-10 years,22729.597035,BOND,Corporate Bonds,3-10 years
152,2022-09-01,9,2022,Corporate Bonds_Over 10 years,8352.693252,BOND,Corporate Bonds,Over 10 years
128,2022-09-01,9,2022,Corporate Bonds_Under 3 years,20502.655848,BOND,Corporate Bonds,Under 3 years
68,2022-09-01,9,2022,Federal Crown Corporation Bonds_3-10 years,42569.302131,BOND,Federal Crown Corporation Bonds,3-10 years
80,2022-09-01,9,2022,Federal Crown Corporation Bonds_Over 10 years,6174.950201,BOND,Federal Crown Corporation Bonds,Over 10 years
56,2022-09-01,9,2022,Federal Crown Corporation Bonds_Under 3 years,17636.886366,BOND,Federal Crown Corporation Bonds,Under 3 years
20,2022-09-01,9,2022,Government of Canada Bonds_3-10 years,529699.84985,BOND,Government of Canada Bonds,3-10 years
212,2022-09-01,9,2022,Government of Canada Bonds_All,181.088273,BOND,Government of Canada Bonds,All
32,2022-09-01,9,2022,Government of Canada Bonds_Over 10 years,76591.44062,BOND,Government of Canada Bonds,Over 10 years
44,2022-09-01,9,2022,Government of Canada Bonds_Real Return Bonds,3869.005147,BOND,Government of Canada Bonds,Real Return Bonds
8,2022-09-01,9,2022,Government of Canada Bonds_Under 3 years,281054.074474,BOND,Government of Canada Bonds,Under 3 years
176,2022-09-01,9,2022,Mortgage Backed Securities_All,2869.343087,BOND,Mortgage Backed Securities,All
164,2022-09-01,9,2022,Municipal Bonds_All,4654.736294,BOND,Municipal Bonds,All
200,2022-09-01,9,2022,Other Domestic Bonds_All,2298.059535,BOND,Other Domestic Bonds,All
236,2022-09-01,9,2022,Other_All,1536.273168,BOND,Other,All
104,2022-09-01,9,2022,Provincial Bonds_3-10 years,50865.169961,BOND,Provincial Bonds,3-10 years
224,2022-09-01,9,2022,Provincial Bonds_All,3044.868013,BOND,Provincial Bonds,All
116,2022-09-01,9,2022,Provincial Bonds_Over 10 years,44357.270433,BOND,Provincial Bonds,Over 10 years
92,2022-09-01,9,2022,Provincial Bonds_Under 3 years,15221.143541,BOND,Provincial Bonds,Under 3 years
189,2022-10-01,10,2022,Asset-Backed Securities_All,933.188183,BOND,Asset-Backed Securities,All
141,2022-10-01,10,2022,Corporate Bonds_3-10 years,28233.276865,BOND,Corporate Bonds,3-10 years
153,2022-10-01,10,2022,Corporate Bonds_Over 10 years,8338.178307,BOND,Corporate Bonds,Over 10 years
129,2022-10-01,10,2022,Corporate Bonds_Under 3 years,27005.130578,BOND,Corporate Bonds,Under 3 years
69,2022-10-01,10,2022,Federal Crown Corporation Bonds_3-10 years,33922.069649,BOND,Federal Crown Corporation Bonds,3-10 years
81,2022-10-01,10,2022,Federal Crown Corporation Bonds_Over 10 years,128.684077,BOND,Federal Crown Corporation Bonds,Over 10 years
57,2022-10-01,10,2022,Federal Crown Corporation Bonds_Under 3 years,17366.555545,BOND,Federal Crown Corporation Bonds,Under 3 years
21,2022-10-01,10,2022,Government of Canada Bonds_3-10 years,485801.94471,BOND,Government of Canada Bonds,3-10 years
213,2022-10-01,10,2022,Government of Canada Bonds_All,72.941935,BOND,Government of Canada Bonds,All
33,2022-10-01,10,2022,Government of Canada Bonds_Over 10 years,88800.515621,BOND,Government of Canada Bonds,Over 10 years
45,2022-10-01,10,2022,Government of Canada Bonds_Real Return Bonds,3899.64205,BOND,Government of Canada Bonds,Real Return Bonds
9,2022-10-01,10,2022,Government of Canada Bonds_Under 3 years,333642.403878,BOND,Government of Canada Bonds,Under 3 years
177,2022-10-01,10,2022,Mortgage Backed Securities_All,4266.496343,BOND,Mortgage Backed Securities,All
165,2022-10-01,10,2022,Municipal Bonds_All,2643.886837,BOND,Municipal Bonds,All
201,2022-10-01,10,2022,Other Domestic Bonds_All,3315.047033,BOND,Other Domestic Bonds,All
237,2022-10-01,10,2022,Other_All,1383.913419,BOND,Other,All
105,2022-10-01,10,2022,Provincial Bonds_3-10 years,54139.233083,BOND,Provincial Bonds,3-10 years
225,2022-10-01,10,2022,Provincial Bonds_All,2703.68239,BOND,Provincial Bonds,All
117,2022-10-01,10,2022,Provincial Bonds_Over 10 years,54040.078259,BOND,Provincial Bonds,Over 10 years
93,2022-10-01,10,2022,Provincial Bonds_Under 3 years,19226.667795,BOND,Provincial Bonds,Under 3 years
190,2022-11-01,11,2022,Asset-Backed Securities_All,413.31197,BOND,Asset-Backed Securities,All
142,2022-11-01,11,2022,Corporate Bonds_3-10 years,29576.849109,BOND,Corporate Bonds,3-10 years
154,2022-11-01,11,2022,Corporate Bonds_Over 10 years,7846.847161,BOND,Corporate Bonds,Over 10 years
130,2022-11-01,11,2022,Corporate Bonds_Under 3 years,25993.372016,BOND,Corporate Bonds,Under 3 years
70,2022-11-01,11,2022,Federal Crown Corporation Bonds_3-10 years,41243.245981,BOND,Federal Crown Corporation Bonds,3-10 years
82,2022-11-01,11,2022,Federal Crown Corporation Bonds_Over 10 years,181.223691,BOND,Federal Crown Corporation Bonds,Over 10 years
58,2022-11-01,11,2022,Federal Crown Corporation Bonds_Under 3 years,30188.53463,BOND,Federal Crown Corporation Bonds,Under 3 years
22,2022-11-01,11,2022,Government of Canada Bonds_3-10 years,501500.535458,BOND,Government of Canada Bonds,3-10 years
214,2022-11-01,11,2022,Government of Canada Bonds_All,196.140081,BOND,Government of Canada Bonds,All
34,2022-11-01,11,2022,Government of Canada Bonds_Over 10 years,90109.988965,BOND,Government of Canada Bonds,Over 10 years
46,2022-11-01,11,2022,Government of Canada Bonds_Real Return Bonds,2677.118717,BOND,Government of Canada Bonds,Real Return Bonds
10,2022-11-01,11,2022,Government of Canada Bonds_Under 3 years,311070.766793,BOND,Government of Canada Bonds,Under 3 years
178,2022-11-01,11,2022,Mortgage Backed Securities_All,7828.193456,BOND,Mortgage Backed Securities,All
166,2022-11-01,11,2022,Municipal Bonds_All,2776.432764,BOND,Municipal Bonds,All
202,2022-11-01,11,2022,Other Domestic Bonds_All,3576.142852,BOND,Other Domestic Bonds,All
238,2022-11-01,11,2022,Other_All,3005.770751,BOND,Other,All
106,2022-11-01,11,2022,Provincial Bonds_3-10 years,53353.790906,BOND,Provincial Bonds,3-10 years
226,2022-11-01,11,2022,Provincial Bonds_All,4206.064929,BOND,Provincial Bonds,All
118,2022-11-01,11,2022,Provincial Bonds_Over 10 years,58754.458172,BOND,Provincial Bonds,Over 10 years
94,2022-11-01,11,2022,Provincial Bonds_Under 3 years,15304.842695,BOND,Provincial Bonds,Under 3 years
191,2022-12-01,12,2022,Asset-Backed Securities_All,403.6815,BOND,Asset-Backed Securities,All
143,2022-12-01,12,2022,Corporate Bonds_3-10 years,23949.363211,BOND,Corporate Bonds,3-10 years
155,2022-12-01,12,2022,Corporate Bonds_Over 10 years,5837.009566,BOND,Corporate Bonds,Over 10 years
131,2022-12-01,12,2022,Corporate Bonds_Under 3 years,20166.759492,BOND,Corporate Bonds,Under 3 years
71,2022-12-01,12,2022,Federal Crown Corporation Bonds_3-10 years,36847.401198,BOND,Federal Crown Corporation Bonds,3-10 years
83,2022-12-01,12,2022,Federal Crown Corporation Bonds_Over 10 years,16.866076,BOND,Federal Crown Corporation Bonds,Over 10 years
59,2022-12-01,12,2022,Federal Crown Corporation Bonds_Under 3 years,15641.327835,BOND,Federal Crown Corporation Bonds,Under 3 years
23,2022-12-01,12,2022,Government of Canada Bonds_3-10 years,428968.982492,BOND,Government of Canada Bonds,3-10 years
215,2022-12-01,12,2022,Government of Canada Bonds_All,202.280968,BOND,Government of Canada Bonds,All
35,2022-12-01,12,2022,Government of Canada Bonds_Over 10 years,78813.014573,BOND,Government of Canada Bonds,Over 10 years
47,2022-12-01,12,2022,Government of Canada Bonds_Real Return Bonds,1748.279119,BOND,Government of Canada Bonds,Real Return Bonds
11,2022-12-01,12,2022,Government of Canada Bonds_Under 3 years,280803.221789,BOND,Government of Canada Bonds,Under 3 years
179,2022-12-01,12,2022,Mortgage Backed Securities_All,1904.549099,BOND,Mortgage Backed Securities,All
167,2022-12-01,12,2022,Municipal Bonds_All,2078.86455,BOND,Municipal Bonds,All
203,2022-12-01,12,2022,Other Domestic Bonds_All,3898.118697,BOND,Other Domestic Bonds,All
239,2022-12-01,12,2022,Other_All,2027.392012,BOND,Other,All
107,2022-12-01,12,2022,Provincial Bonds_3-10 years,50229.720062,BOND,Provincial Bonds,3-10 years
227,2022-12-01,12,2022,Provincial Bonds_All,2054.834241,BOND,Provincial Bonds,All
119,2022-12-01,12,2022,Provincial Bonds_Over 10 years,57116.545854,BOND,Provincial Bonds,Over 10 years
95,2022-12-01,12,2022,Provincial Bonds_Under 3 years,15019.107693,BOND,Provincial Bonds,Under 3 years
180,2023-01-01,1,2023,Asset-Backed Securities_All,891.9325,BOND,Asset-Backed Securities,All
132,2023-01-01,1,2023,Corporate Bonds_3-10 years,25789.504222,BOND,Corporate Bonds,3-10 years
144,2023-01-01,1,2023,Corporate Bonds_Over 10 years,6877.937376,BOND,Corporate Bonds,Over 10 years
120,2023-01-01,1,2023,Corporate Bonds_Under 3 years,21704.852982,BOND,Corporate Bonds,Under 3 years
60,2023-01-01,1,2023,Federal Crown Corporation Bonds_3-10 years,38554.171263,BOND,Federal Crown Corporation Bonds,3-10 years
72,2023-01-01,1,2023,Federal Crown Corporation Bonds_Over 10 years,89.508654,BOND,Federal Crown Corporation Bonds,Over 10 years
48,2023-01-01,1,2023,Federal Crown Corporation Bonds_Under 3 years,17660.821584,BOND,Federal Crown Corporation Bonds,Under 3 years
12,2023-01-01,1,2023,Government of Canada Bonds_3-10 years,515424.060867,BOND,Government of Canada Bonds,3-10 years
204,2023-01-01,1,2023,Government of Canada Bonds_All,84.476654,BOND,Government of Canada Bonds,All
24,2023-01-01,1,2023,Government of Canada Bonds_Over 10 years,71444.025424,BOND,Government of Canada Bonds,Over 10 years
36,2023-01-01,1,2023,Government of Canada Bonds_Real Return Bonds,1763.713149,BOND,Government of Canada Bonds,Real Return Bonds
0,2023-01-01,1,2023,Government of Canada Bonds_Under 3 years,364101.128326,BOND,Government of Canada Bonds,Under 3 years
168,2023-01-01,1,2023,Mortgage Backed Securities_All,4350.746984,BOND,Mortgage Backed Securities,All
156,2023-01-01,1,2023,Municipal Bonds_All,2560.469589,BOND,Municipal Bonds,All
192,2023-01-01,1,2023,Other Domestic Bonds_All,4098.445106,BOND,Other Domestic Bonds,All
228,2023-01-01,1,2023,Other_All,1127.623092,BOND,Other,All
96,2023-01-01,1,2023,Provincial Bonds_3-10 years,59153.58382,BOND,Provincial Bonds,3-10 years
216,2023-01-01,1,2023,Provincial Bonds_All,2199.659589,BOND,Provincial Bonds,All
108,2023-01-01,1,2023,Provincial Bonds_Over 10 years,54335.726683,BOND,Provincial Bonds,Over 10 years
84,2023-01-01,1,2023,Provincial Bonds_Under 3 years,20734.050581,BOND,Provincial Bonds,Under 3 years
181,2023-02-01,2,2023,Asset-Backed Securities_All,424.485272,BOND,Asset-Backed Securities,All
133,2023-02-01,2,2023,Corporate Bonds_3-10 years,26118.449232,BOND,Corporate Bonds,3-10 years
145,2023-02-01,2,2023,Corporate Bonds_Over 10 years,6974.43151,BOND,Corporate Bonds,Over 10 years
121,2023-02-01,2,2023,Corporate Bonds_Under 3 years,17561.009896,BOND,Corporate Bonds,Under 3 years
61,2023-02-01,2,2023,Federal Crown Corporation Bonds_3-10 years,34344.497815,BOND,Federal Crown Corporation Bonds,3-10 years
73,2023-02-01,2,2023,Federal Crown Corporation Bonds_Over 10 years,6212.437487,BOND,Federal Crown Corporation Bonds,Over 10 years
49,2023-02-01,2,2023,Federal Crown Corporation Bonds_Under 3 years,11838.147147,BOND,Federal Crown Corporation Bonds,Under 3 years
13,2023-02-01,2,2023,Government of Canada Bonds_3-10 years,552130.857032,BOND,Government of Canada Bonds,3-10 years
205,2023-02-01,2,2023,Government of Canada Bonds_All,253.919572,BOND,Government of Canada Bonds,All
25,2023-02-01,2,2023,Government of Canada Bonds_Over 10 years,84417.310835,BOND,Government of Canada Bonds,Over 10 years
37,2023-02-01,2,2023,Government of Canada Bonds_Real Return Bonds,1480.094971,BOND,Government of Canada Bonds,Real Return Bonds
1,2023-02-01,2,2023,Government of Canada Bonds_Under 3 years,341186.87574,BOND,Government of Canada Bonds,Under 3 years
169,2023-02-01,2,2023,Mortgage Backed Securities_All,3991.274768,BOND,Mortgage Backed Securities,All
157,2023-02-01,2,2023,Municipal Bonds_All,2558.757822,BOND,Municipal Bonds,All
193,2023-02-01,2,2023,Other Domestic Bonds_All,5706.541834,BOND,Other Domestic Bonds,All
229,2023-02-01,2,2023,Other_All,1334.172821,BOND,Other,All
97,2023-02-01,2,2023,Provincial Bonds_3-10 years,57300.904835,BOND,Provincial Bonds,3-10 years
217,2023-02-01,2,2023,Provincial Bonds_All,2262.081256,BOND,Provincial Bonds,All
109,2023-02-01,2,2023,Provincial Bonds_Over 10 years,38333.48238,BOND,Provincial Bonds,Over 10 years
85,2023-02-01,2,2023,Provincial Bonds_Under 3 years,10370.323835,BOND,Provincial Bonds,Under 3 years
182,2023-03-01,3,2023,Asset-Backed Securities_All,497.862281,BOND,Asset-Backed Securities,All
134,2023-03-01,3,2023,Corporate Bonds_3-10 years,27840.994547,BOND,Corporate Bonds,3-10 years
146,2023-03-01,3,2023,Corporate Bonds_Over 10 years,6923.309681,BOND,Corporate Bonds,Over 10 years
122,2023-03-01,3,2023,Corporate Bonds_Under 3 years,22610.639459,BOND,Corporate Bonds,Under 3 years
62,2023-03-01,3,2023,Federal Crown Corporation Bonds_3-10 years,56284.384075,BOND,Federal Crown Corporation Bonds,3-10 years
74,2023-03-01,3,2023,Federal Crown Corporation Bonds_Over 10 years,12743.870076,BOND,Federal Crown Corporation Bonds,Over 10 years
50,2023-03-01,3,2023,Federal Crown Corporation Bonds_Under 3 years,17141.415364,BOND,Federal Crown Corporation Bonds,Under 3 years
14,2023-03-01,3,2023,Government of Canada Bonds_3-10 years,631464.894844,BOND,Government of Canada Bonds,3-10 years
206,2023-03-01,3,2023,Government of Canada Bonds_All,295.470922,BOND,Government of Canada Bonds,All
26,2023-03-01,3,2023,Government of Canada Bonds_Over 10 years,107845.42328,BOND,Government of Canada Bonds,Over 10 years
38,2023-03-01,3,2023,Government of Canada Bonds_Real Return Bonds,1534.874337,BOND,Government of Canada Bonds,Real Return Bonds
2,2023-03-01,3,2023,Government of Canada Bonds_Under 3 years,385067.344946,BOND,Government of Canada Bonds,Under 3 years
170,2023-03-01,3,2023,Mortgage Backed Securities_All,6996.295114,BOND,Mortgage Backed Securities,All
158,2023-03-01,3,2023,Municipal Bonds_All,3217.422933,BOND,Municipal Bonds,All
194,2023-03-01,3,2023,Other Domestic Bonds_All,3238.159638,BOND,Other Domestic Bonds,All
230,2023-03-01,3,2023,Other_All,1897.057596,BOND,Other,All
98,2023-03-01,3,2023,Provincial Bonds_3-10 years,60086.230275,BOND,Provincial Bonds,3-10 years
218,2023-03-01,3,2023,Provincial Bonds_All,2964.772395,BOND,Provincial Bonds,All
110,2023-03-01,3,2023,Provincial Bonds_Over 10 years,41899.705343,BOND,Provincial Bonds,Over 10 years
86,2023-03-01,3,2023,Provincial Bonds_Under 3 years,15421.402395,BOND,Provincial Bonds,Under 3 years
183,2023-04-01,4,2023,Asset-Backed Securities_All,401.961281,BOND,Asset-Backed Securities,All
135,2023-04-01,4,2023,Corporate Bonds_3-10 years,19776.329575,BOND,Corporate Bonds,3-10 years
147,2023-04-01,4,2023,Corporate Bonds_Over 10 years,4814.007099,BOND,Corporate Bonds,Over 10 years
123,2023-04-01,4,2023,Corporate Bonds_Under 3 years,15691.467526,BOND,Corporate Bonds,Under 3 years
63,2023-04-01,4,2023,Federal Crown Corporation Bonds_3-10 years,16215.722919,BOND,Federal Crown Corporation Bonds,3-10 years
75,2023-04-01,4,2023,Federal Crown Corporation Bonds_Over 10 years,6472.727615,BOND,Federal Crown Corporation Bonds,Over 10 years
51,2023-04-01,4,2023,Federal Crown Corporation Bonds_Under 3 years,12913.246204,BOND,Federal Crown Corporation Bonds,Under 3 years
15,2023-04-01,4,2023,Government of Canada Bonds_3-10 years,390051.944342,BOND,Government of Canada Bonds,3-10 years
207,2023-04-01,4,2023,Government of Canada Bonds_All,127.149892,BOND,Government of Canada Bonds,All
27,2023-04-01,4,2023,Government of Canada Bonds_Over 10 years,69020.240615,BOND,Government of Canada Bonds,Over 10 years
39,2023-04-01,4,2023,Government of Canada Bonds_Real Return Bonds,815.878586,BOND,Government of Canada Bonds,Real Return Bonds
3,2023-04-01,4,2023,Government of Canada Bonds_Under 3 years,312634.979336,BOND,Government of Canada Bonds,Under 3 years
171,2023-04-01,4,2023,Mortgage Backed Securities_All,5208.003845,BOND,Mortgage Backed Securities,All
159,2023-04-01,4,2023,Municipal Bonds_All,3408.291035,BOND,Municipal Bonds,All
195,2023-04-01,4,2023,Other Domestic Bonds_All,2400.259548,BOND,Other Domestic Bonds,All
231,2023-04-01,4,2023,Other_All,1088.028615,BOND,Other,All
99,2023-04-01,4,2023,Provincial Bonds_3-10 years,42005.096151,BOND,Provincial Bonds,3-10 years
219,2023-04-01,4,2023,Provincial Bonds_All,1562.068488,BOND,Provincial Bonds,All
111,2023-04-01,4,2023,Provincial Bonds_Over 10 years,36176.059873,BOND,Provincial Bonds,Over 10 years
87,2023-04-01,4,2023,Provincial Bonds_Under 3 years,11309.943402,BOND,Provincial Bonds,Under 3 years
184,2023-05-01,5,2023,Asset-Backed Securities_All,603.821,BOND,Asset-Backed Securities,All
136,2023-05-01,5,2023,Corporate Bonds_3-10 years,26047.65675,BOND,Corporate Bonds,3-10 years
148,2023-05-01,5,2023,Corporate Bonds_Over 10 years,5709.489387,BOND,Corporate Bonds,Over 10 years
124,2023-05-01,5,2023,Corporate Bonds_Under 3 years,28154.16216,BOND,Corporate Bonds,Under 3 years
64,2023-05-01,5,2023,Federal Crown Corporation Bonds_3-10 years,22183.484129,BOND,Federal Crown Corporation Bonds,3-10 years
76,2023-05-01,5,2023,Federal Crown Corporation Bonds_Over 10 years,9838.857778,BOND,Federal Crown Corporation Bonds,Over 10 years
52,2023-05-01,5,2023,Federal Crown Corporation Bonds_Under 3 years,9979.174148,BOND,Federal Crown Corporation Bonds,Under 3 years
16,2023-05-01,5,2023,Government of Canada Bonds_3-10 years,504368.129558,BOND,Government of Canada Bonds,3-10 years
208,2023-05-01,5,2023,Government of Canada Bonds_All,255.9769,BOND,Government of Canada Bonds,All
28,2023-05-01,5,2023,Government of Canada Bonds_Over 10 years,118478.040749,BOND,Government of Canada Bonds,Over 10 years
40,2023-05-01,5,2023,Government of Canada Bonds_Real Return Bonds,1509.180503,BOND,Government of Canada Bonds,Real Return Bonds
4,2023-05-01,5,2023,Government of Canada Bonds_Under 3 years,413879.044087,BOND,Government of Canada Bonds,Under 3 years
172,2023-05-01,5,2023,Mortgage Backed Securities_All,3635.38252,BOND,Mortgage Backed Securities,All
160,2023-05-01,5,2023,Municipal Bonds_All,3155.902612,BOND,Municipal Bonds,All
196,2023-05-01,5,2023,Other Domestic Bonds_All,2378.237322,BOND,Other Domestic Bonds,All
232,2023-05-01,5,2023,Other_All,1295.367325,BOND,Other,All
100,2023-05-01,5,2023,Provincial Bonds_3-10 years,43245.02087,BOND,Provincial Bonds,3-10 years
220,2023-05-01,5,2023,Provincial Bonds_All,2527.264149,BOND,Provincial Bonds,All
112,2023-05-01,5,2023,Provincial Bonds_Over 10 years,43480.238103,BOND,Provincial Bonds,Over 10 years
88,2023-05-01,5,2023,Provincial Bonds_Under 3 years,15795.986071,BOND,Provincial Bonds,Under 3 years
185,2023-06-01,6,2023,Asset-Backed Securities_All,901.897336,BOND,Asset-Backed Securities,All
137,2023-06-01,6,2023,Corporate Bonds_3-10 years,24944.252891,BOND,Corporate Bonds,3-10 years
149,2023-06-01,6,2023,Corporate Bonds_Over 10 years,6675.358516,BOND,Corporate Bonds,Over 10 years
125,2023-06-01,6,2023,Corporate Bonds_Under 3 years,24638.947636,BOND,Corporate Bonds,Under 3 years
65,2023-06-01,6,2023,Federal Crown Corporation Bonds_3-10 years,39197.571125,BOND,Federal Crown Corporation Bonds,3-10 years
77,2023-06-01,6,2023,Federal Crown Corporation Bonds_Over 10 years,4285.618192,BOND,Federal Crown Corporation Bonds,Over 10 years
53,2023-06-01,6,2023,Federal Crown Corporation Bonds_Under 3 years,17473.638334,BOND,Federal Crown Corporation Bonds,Under 3 years
17,2023-06-01,6,2023,Government of Canada Bonds_3-10 years,535992.245298,BOND,Government of Canada Bonds,3-10 years
209,2023-06-01,6,2023,Government of Canada Bonds_All,171.739788,BOND,Government of Canada Bonds,All
29,2023-06-01,6,2023,Government of Canada Bonds_Over 10 years,103046.334401,BOND,Government of Canada Bonds,Over 10 years
41,2023-06-01,6,2023,Government of Canada Bonds_Real Return Bonds,843.483851,BOND,Government of Canada Bonds,Real Return Bonds
5,2023-06-01,6,2023,Government of Canada Bonds_Under 3 years,369240.616023,BOND,Government of Canada Bonds,Under 3 years
173,2023-06-01,6,2023,Mortgage Backed Securities_All,7278.332998,BOND,Mortgage Backed Securities,All
161,2023-06-01,6,2023,Municipal Bonds_All,3683.632519,BOND,Municipal Bonds,All
197,2023-06-01,6,2023,Other Domestic Bonds_All,1480.5007,BOND,Other Domestic Bonds,All
233,2023-06-01,6,2023,Other_All,1520.466678,BOND,Other,All
101,2023-06-01,6,2023,Provincial Bonds_3-10 years,52314.741783,BOND,Provincial Bonds,3-10 years
221,2023-06-01,6,2023,Provincial Bonds_All,3250.437368,BOND,Provincial Bonds,All
113,2023-06-01,6,2023,Provincial Bonds_Over 10 years,44903.985714,BOND,Provincial Bonds,Over 10 years
89,2023-06-01,6,2023,Provincial Bonds_Under 3 years,11221.25411,BOND,Provincial Bonds,Under 3 years
186,2023-07-01,7,2023,Asset-Backed Securities_All,579.05344,BOND,Asset-Backed Securities,All
138,2023-07-01,7,2023,Corporate Bonds_3-10 years,22415.319617,BOND,Corporate Bonds,3-10 years
150,2023-07-01,7,2023,Corporate Bonds_Over 10 years,4970.068149,BOND,Corporate Bonds,Over 10 years
126,2023-07-01,7,2023,Corporate Bonds_Under 3 years,22233.105113,BOND,Corporate Bonds,Under 3 years
66,2023-07-01,7,2023,Federal Crown Corporation Bonds_3-10 years,26647.408118,BOND,Federal Crown Corporation Bonds,3-10 years
78,2023-07-01,7,2023,Federal Crown Corporation Bonds_Over 10 years,7.438731,BOND,Federal Crown Corporation Bonds,Over 10 years
54,2023-07-01,7,2023,Federal Crown Corporation Bonds_Under 3 years,9075.723909,BOND,Federal Crown Corporation Bonds,Under 3 years
18,2023-07-01,7,2023,Government of Canada Bonds_3-10 years,367300.67666,BOND,Government of Canada Bonds,3-10 years
210,2023-07-01,7,2023,Government of Canada Bonds_All,105.96363,BOND,Government of Canada Bonds,All
30,2023-07-01,7,2023,Government of Canada Bonds_Over 10 years,58129.88675,BOND,Government of Canada Bonds,Over 10 years
42,2023-07-01,7,2023,Government of Canada Bonds_Real Return Bonds,851.341242,BOND,Government of Canada Bonds,Real Return Bonds
6,2023-07-01,7,2023,Government of Canada Bonds_Under 3 years,366441.289372,BOND,Government of Canada Bonds,Under 3 years
174,2023-07-01,7,2023,Mortgage Backed Securities_All,7670.69237,BOND,Mortgage Backed Securities,All
162,2023-07-01,7,2023,Municipal Bonds_All,2846.608728,BOND,Municipal Bonds,All
198,2023-07-01,7,2023,Other Domestic Bonds_All,442.088636,BOND,Other Domestic Bonds,All
234,2023-07-01,7,2023,Other_All,1093.555932,BOND,Other,All
102,2023-07-01,7,2023,Provincial Bonds_3-10 years,31660.639181,BOND,Provincial Bonds,3-10 years
222,2023-07-01,7,2023,Provincial Bonds_All,1365.760334,BOND,Provincial Bonds,All
114,2023-07-01,7,2023,Provincial Bonds_Over 10 years,27632.800482,BOND,Provincial Bonds,Over 10 years
90,2023-07-01,7,2023,Provincial Bonds_Under 3 years,11703.386587,BOND,Provincial Bonds,Under 3 years
187,2023-08-01,8,2023,Asset-Backed Securities_All,733.343,BOND,Asset-Backed Securities,All
139,2023-08-01,8,2023,Corporate Bonds_3-10 years,22038.190299,BOND,Corporate Bonds,3-10 years
151,2023-08-01,8,2023,Corporate Bonds_Over 10 years,6446.882187,BOND,Corporate Bonds,Over 10 years
127,2023-08-01,8,2023,Corporate Bonds_Under 3 years,21408.806186,BOND,Corporate Bonds,Under 3 years
67,2023-08-01,8,2023,Federal Crown Corporation Bonds_3-10 years,37175.296654,BOND,Federal Crown Corporation Bonds,3-10 years
79,2023-08-01,8,2023,Federal Crown Corporation Bonds_Over 10 years,65.6625,BOND,Federal Crown Corporation Bonds,Over 10 years
55,2023-08-01,8,2023,Federal Crown Corporation Bonds_Under 3 years,12023.33065,BOND,Federal Crown Corporation Bonds,Under 3 years
19,2023-08-01,8,2023,Government of Canada Bonds_3-10 years,485878.068389,BOND,Government of Canada Bonds,3-10 years
211,2023-08-01,8,2023,Government of Canada Bonds_All,102.738498,BOND,Government of Canada Bonds,All
31,2023-08-01,8,2023,Government of Canada Bonds_Over 10 years,87622.99961,BOND,Government of Canada Bonds,Over 10 years
43,2023-08-01,8,2023,Government of Canada Bonds_Real Return Bonds,1598.689264,BOND,Government of Canada Bonds,Real Return Bonds
7,2023-08-01,8,2023,Government of Canada Bonds_Under 3 years,347333.838884,BOND,Government of Canada Bonds,Under 3 years
175,2023-08-01,8,2023,Mortgage Backed Securities_All,10304.920205,BOND,Mortgage Backed Securities,All
163,2023-08-01,8,2023,Municipal Bonds_All,4502.112877,BOND,Municipal Bonds,All
199,2023-08-01,8,2023,Other Domestic Bonds_All,1020.924649,BOND,Other Domestic Bonds,All
235,2023-08-01,8,2023,Other_All,1159.480912,BOND,Other,All
103,2023-08-01,8,2023,Provincial Bonds_3-10 years,35378.18832,BOND,Provincial Bonds,3-10 years
223,2023-08-01,8,2023,Provincial Bonds_All,1584.288843,BOND,Provincial Bonds,All
115,2023-08-01,8,2023,Provincial Bonds_Over 10 years,38910.236799,BOND,Provincial Bonds,Over 10 years
91,2023-08-01,8,2023,Provincial Bonds_Under 3 years,12191.52049,BOND,Provincial Bonds,Under 3 years
188,2023-09-01,9,2023,Asset-Backed Securities_All,939.7567,BOND,Asset-Backed Securities,All
140,2023-09-01,9,2023,Corporate Bonds_3-10 years,30604.595979,BOND,Corporate Bonds,3-10 years
152,2023-09-01,9,2023,Corporate Bonds_Over 10 years,7999.549275,BOND,Corporate Bonds,Over 10 years
128,2023-09-01,9,2023,Corporate Bonds_Under 3 years,25850.419086,BOND,Corporate Bonds,Under 3 years
68,2023-09-01,9,2023,Federal Crown Corporation Bonds_3-10 years,43859.485714,BOND,Federal Crown Corporation Bonds,3-10 years
80,2023-09-01,9,2023,Federal Crown Corporation Bonds_Over 10 years,59.637077,BOND,Federal Crown Corporation Bonds,Over 10 years
56,2023-09-01,9,2023,Federal Crown Corporation Bonds_Under 3 years,18669.720873,BOND,Federal Crown Corporation Bonds,Under 3 years
20,2023-09-01,9,2023,Government of Canada Bonds_3-10 years,452728.179961,BOND,Government of Canada Bonds,3-10 years
212,2023-09-01,9,2023,Government of Canada Bonds_All,62.168278,BOND,Government of Canada Bonds,All
32,2023-09-01,9,2023,Government of Canada Bonds_Over 10 years,86822.648495,BOND,Government of Canada Bonds,Over 10 years
44,2023-09-01,9,2023,Government of Canada Bonds_Real Return Bonds,1825.778129,BOND,Government of Canada Bonds,Real Return Bonds
8,2023-09-01,9,2023,Government of Canada Bonds_Under 3 years,314981.167044,BOND,Government of Canada Bonds,Under 3 years
176,2023-09-01,9,2023,Mortgage Backed Securities_All,10662.330504,BOND,Mortgage Backed Securities,All
164,2023-09-01,9,2023,Municipal Bonds_All,4195.093354,BOND,Municipal Bonds,All
200,2023-09-01,9,2023,Other Domestic Bonds_All,1987.095462,BOND,Other Domestic Bonds,All
236,2023-09-01,9,2023,Other_All,1426.269291,BOND,Other,All
104,2023-09-01,9,2023,Provincial Bonds_3-10 years,61924.181947,BOND,Provincial Bonds,3-10 years
224,2023-09-01,9,2023,Provincial Bonds_All,2339.996394,BOND,Provincial Bonds,All
116,2023-09-01,9,2023,Provincial Bonds_Over 10 years,42447.099514,BOND,Provincial Bonds,Over 10 years
92,2023-09-01,9,2023,Provincial Bonds_Under 3 years,16522.857635,BOND,Provincial Bonds,Under 3 years
189,2023-10-01,10,2023,Asset-Backed Securities_All,797.6509,BOND,Asset-Backed Securities,All
141,2023-10-01,10,2023,Corporate Bonds_3-10 years,23758.552795,BOND,Corporate Bonds,3-10 years
153,2023-10-01,10,2023,Corporate Bonds_Over 10 years,6454.392134,BOND,Corporate Bonds,Over 10 years
129,2023-10-01,10,2023,Corporate Bonds_Under 3 years,23110.143531,BOND,Corporate Bonds,Under 3 years
69,2023-10-01,10,2023,Federal Crown Corporation Bonds_3-10 years,32572.651073,BOND,Federal Crown Corporation Bonds,3-10 years
81,2023-10-01,10,2023,Federal Crown Corporation Bonds_Over 10 years,37.938692,BOND,Federal Crown Corporation Bonds,Over 10 years
57,2023-10-01,10,2023,Federal Crown Corporation Bonds_Under 3 years,13343.808848,BOND,Federal Crown Corporation Bonds,Under 3 years
21,2023-10-01,10,2023,Government of Canada Bonds_3-10 years,556811.745051,BOND,Government of Canada Bonds,3-10 years
213,2023-10-01,10,2023,Government of Canada Bonds_All,212.759351,BOND,Government of Canada Bonds,All
33,2023-10-01,10,2023,Government of Canada Bonds_Over 10 years,192241.470975,BOND,Government of Canada Bonds,Over 10 years
45,2023-10-01,10,2023,Government of Canada Bonds_Real Return Bonds,1433.382728,BOND,Government of Canada Bonds,Real Return Bonds
9,2023-10-01,10,2023,Government of Canada Bonds_Under 3 years,501915.66949,BOND,Government of Canada Bonds,Under 3 years
177,2023-10-01,10,2023,Mortgage Backed Securities_All,7486.432489,BOND,Mortgage Backed Securities,All
165,2023-10-01,10,2023,Municipal Bonds_All,3437.197349,BOND,Municipal Bonds,All
201,2023-10-01,10,2023,Other Domestic Bonds_All,1651.032781,BOND,Other Domestic Bonds,All
237,2023-10-01,10,2023,Other_All,1659.783567,BOND,Other,All
105,2023-10-01,10,2023,Provincial Bonds_3-10 years,48552.158846,BOND,Provincial Bonds,3-10 years
225,2023-10-01,10,2023,Provincial Bonds_All,2416.276342,BOND,Provincial Bonds,All
117,2023-10-01,10,2023,Provincial Bonds_Over 10 years,43452.14359,BOND,Provincial Bonds,Over 10 years
93,2023-10-01,10,2023,Provincial Bonds_Under 3 years,15298.125611,BOND,Provincial Bonds,Under 3 years
190,2023-11-01,11,2023,Asset-Backed Securities_All,1411.86427,BOND,Asset-Backed Securities,All
142,2023-11-01,11,2023,Corporate Bonds_3-10 years,28790.881196,BOND,Corporate Bonds,3-10 years
154,2023-11-01,11,2023,Corporate Bonds_Over 10 years,9677.500816,BOND,Corporate Bonds,Over 10 years
130,2023-11-01,11,2023,Corporate Bonds_Under 3 years,26975.439908,BOND,Corporate Bonds,Under 3 years
70,2023-11-01,11,2023,Federal Crown Corporation Bonds_3-10 years,42187.535282,BOND,Federal Crown Corporation Bonds,3-10 years
82,2023-11-01,11,2023,Federal Crown Corporation Bonds_Over 10 years,11308.732416,BOND,Federal Crown Corporation Bonds,Over 10 years
58,2023-11-01,11,2023,Federal Crown Corporation Bonds_Under 3 years,18578.584984,BOND,Federal Crown Corporation Bonds,Under 3 years
22,2023-11-01,11,2023,Government of Canada Bonds_3-10 years,481669.371195,BOND,Government of Canada Bonds,3-10 years
214,2023-11-01,11,2023,Government of Canada Bonds_All,114.245821,BOND,Government of Canada Bonds,All
34,2023-11-01,11,2023,Government of Canada Bonds_Over 10 years,263930.208579,BOND,Government of Canada Bonds,Over 10 years
46,2023-11-01,11,2023,Government of Canada Bonds_Real Return Bonds,1273.864362,BOND,Government of Canada Bonds,Real Return Bonds
10,2023-11-01,11,2023,Government of Canada Bonds_Under 3 years,368198.336289,BOND,Government of Canada Bonds,Under 3 years
178,2023-11-01,11,2023,Mortgage Backed Securities_All,10845.7032,BOND,Mortgage Backed Securities,All
166,2023-11-01,11,2023,Municipal Bonds_All,4568.282784,BOND,Municipal Bonds,All
202,2023-11-01,11,2023,Other Domestic Bonds_All,1030.520354,BOND,Other Domestic Bonds,All
238,2023-11-01,11,2023,Other_All,2712.733232,BOND,Other,All
106,2023-11-01,11,2023,Provincial Bonds_3-10 years,47792.548625,BOND,Provincial Bonds,3-10 years
226,2023-11-01,11,2023,Provincial Bonds_All,2823.571066,BOND,Provincial Bonds,All
118,2023-11-01,11,2023,Provincial Bonds_Over 10 years,45435.527261,BOND,Provincial Bonds,Over 10 years
94,2023-11-01,11,2023,Provincial Bonds_Under 3 years,18363.201443,BOND,Provincial Bonds,Under 3 years
191,2023-12-01,12,2023,Asset-Backed Securities_All,881.660773,BOND,Asset-Backed Securities,All
143,2023-12-01,12,2023,Corporate Bonds_3-10 years,21657.638082,BOND,Corporate Bonds,3-10 years
155,2023-12-01,12,2023,Corporate Bonds_Over 10 years,6138.89665,BOND,Corporate Bonds,Over 10 years
131,2023-12-01,12,2023,Corporate Bonds_Under 3 years,19446.406494,BOND,Corporate Bonds,Under 3 years
71,2023-12-01,12,2023,Federal Crown Corporation Bonds_3-10 years,33075.247576,BOND,Federal Crown Corporation Bonds,3-10 years
83,2023-12-01,12,2023,Federal Crown Corporation Bonds_Over 10 years,6918.470231,BOND,Federal Crown Corporation Bonds,Over 10 years
59,2023-12-01,12,2023,Federal Crown Corporation Bonds_Under 3 years,20065.478637,BOND,Federal Crown Corporation Bonds,Under 3 years
23,2023-12-01,12,2023,Government of Canada Bonds_3-10 years,439554.359496,BOND,Government of Canada Bonds,3-10 years
215,2023-12-01,12,2023,Government of Canada Bonds_All,220.736796,BOND,Government of Canada Bonds,All
35,2023-12-01,12,2023,Government of Canada Bonds_Over 10 years,118742.405818,BOND,Government of Canada Bonds,Over 10 years
47,2023-12-01,12,2023,Government of Canada Bonds_Real Return Bonds,1958.628837,BOND,Government of Canada Bonds,Real Return Bonds
11,2023-12-01,12,2023,Government of Canada Bonds_Under 3 years,267676.836506,BOND,Government of Canada Bonds,Under 3 years
179,2023-12-01,12,2023,Mortgage Backed Securities_All,11586.475949,BOND,Mortgage Backed Securities,All
167,2023-12-01,12,2023,Municipal Bonds_All,3798.081943,BOND,Municipal Bonds,All
203,2023-12-01,12,2023,Other Domestic Bonds_All,1146.817246,BOND,Other Domestic Bonds,All
239,2023-12-01,12,2023,Other_All,1720.538254,BOND,Other,All
107,2023-12-01,12,2023,Provincial Bonds_3-10 years,47414.88792,BOND,Provincial Bonds,3-10 years
227,2023-12-01,12,2023,Provincial Bonds_All,3271.107489,BOND,Provincial Bonds,All
119,2023-12-01,12,2023,Provincial Bonds_Over 10 years,41029.033661,BOND,Provincial Bonds,Over 10 years
95,2023-12-01,12,2023,Provincial Bonds_Under 3 years,14788.524742,BOND,Provincial Bonds,Under 3 years
180,2024-01-01,1,2024,Asset-Backed Securities_All,1103.336562,BOND,Asset-Backed Securities,All
132,2024-01-01,1,2024,Corporate Bonds_3-10 years,30436.85883,BOND,Corporate Bonds,3-10 years
144,2024-01-01,1,2024,Corporate Bonds_Over 10 years,8139.98173,BOND,Corporate Bonds,Over 10 years
120,2024-01-01,1,2024,Corporate Bonds_Under 3 years,27238.180868,BOND,Corporate Bonds,Under 3 years
60,2024-01-01,1,2024,Federal Crown Corporation Bonds_3-10 years,40461.163803,BOND,Federal Crown Corporation Bonds,3-10 years
72,2024-01-01,1,2024,Federal Crown Corporation Bonds_Over 10 years,8857.037,BOND,Federal Crown Corporation Bonds,Over 10 years
48,2024-01-01,1,2024,Federal Crown Corporation Bonds_Under 3 years,14497.314428,BOND,Federal Crown Corporation Bonds,Under 3 years
12,2024-01-01,1,2024,Government of Canada Bonds_3-10 years,673252.683618,BOND,Government of Canada Bonds,3-10 years
204,2024-01-01,1,2024,Government of Canada Bonds_All,67.497241,BOND,Government of Canada Bonds,All
24,2024-01-01,1,2024,Government of Canada Bonds_Over 10 years,104283.592258,BOND,Government of Canada Bonds,Over 10 years
36,2024-01-01,1,2024,Government of Canada Bonds_Real Return Bonds,780.286386,BOND,Government of Canada Bonds,Real Return Bonds
0,2024-01-01,1,2024,Government of Canada Bonds_Under 3 years,563371.195433,BOND,Government of Canada Bonds,Under 3 years
168,2024-01-01,1,2024,Mortgage Backed Securities_All,10117.927417,BOND,Mortgage Backed Securities,All
156,2024-01-01,1,2024,Municipal Bonds_All,3437.772538,BOND,Municipal Bonds,All
192,2024-01-01,1,2024,Other Domestic Bonds_All,1120.459597,BOND,Other Domestic Bonds,All
228,2024-01-01,1,2024,Other_All,1177.088429,BOND,Other,All
96,2024-01-01,1,2024,Provincial Bonds_3-10 years,53947.800251,BOND,Provincial Bonds,3-10 years
216,2024-01-01,1,2024,Provincial Bonds_All,2370.414863,BOND,Provincial Bonds,All
108,2024-01-01,1,2024,Provincial Bonds_Over 10 years,52173.647388,BOND,Provincial Bonds,Over 10 years
84,2024-01-01,1,2024,Provincial Bonds_Under 3 years,16565.721612,BOND,Provincial Bonds,Under 3 years
181,2024-02-01,2,2024,Asset-Backed Securities_All,867.2535,BOND,Asset-Backed Securities,All
133,2024-02-01,2,2024,Corporate Bonds_3-10 years,28363.916767,BOND,Corporate Bonds,3-10 years
145,2024-02-01,2,2024,Corporate Bonds_Over 10 years,9362.410971,BOND,Corporate Bonds,Over 10 years
121,2024-02-01,2,2024,Corporate Bonds_Under 3 years,24399.55765,BOND,Corporate Bonds,Under 3 years
61,2024-02-01,2,2024,Federal Crown Corporation Bonds_3-10 years,32636.817974,BOND,Federal Crown Corporation Bonds,3-10 years
73,2024-02-01,2,2024,Federal Crown Corporation Bonds_Over 10 years,12458.767383,BOND,Federal Crown Corporation Bonds,Over 10 years
49,2024-02-01,2,2024,Federal Crown Corporation Bonds_Under 3 years,17393.787209,BOND,Federal Crown Corporation Bonds,Under 3 years
13,2024-02-01,2,2024,Government of Canada Bonds_3-10 years,596389.082551,BOND,Government of Canada Bonds,3-10 years
205,2024-02-01,2,2024,Government of Canada Bonds_All,371.010893,BOND,Government of Canada Bonds,All
25,2024-02-01,2,2024,Government of Canada Bonds_Over 10 years,109335.168998,BOND,Government of Canada Bonds,Over 10 years
37,2024-02-01,2,2024,Government of Canada Bonds_Real Return Bonds,1085.356144,BOND,Government of Canada Bonds,Real Return Bonds
1,2024-02-01,2,2024,Government of Canada Bonds_Under 3 years,559708.716687,BOND,Government of Canada Bonds,Under 3 years
169,2024-02-01,2,2024,Mortgage Backed Securities_All,9818.541108,BOND,Mortgage Backed Securities,All
157,2024-02-01,2,2024,Municipal Bonds_All,3955.690393,BOND,Municipal Bonds,All
193,2024-02-01,2,2024,Other Domestic Bonds_All,1771.179851,BOND,Other Domestic Bonds,All
229,2024-02-01,2,2024,Other_All,2153.930222,BOND,Other,All
97,2024-02-01,2,2024,Provincial Bonds_3-10 years,55982.189272,BOND,Provincial Bonds,3-10 years
217,2024-02-01,2,2024,Provincial Bonds_All,3494.008587,BOND,Provincial Bonds,All
109,2024-02-01,2,2024,Provincial Bonds_Over 10 years,60460.908843,BOND,Provincial Bonds,Over 10 years
85,2024-02-01,2,2024,Provincial Bonds_Under 3 years,17793.219884,BOND,Provincial Bonds,Under 3 years
182,2024-03-01,3,2024,Asset-Backed Securities_All,858.7616,BOND,Asset-Backed Securities,All
134,2024-03-01,3,2024,Corporate Bonds_3-10 years,28128.531979,BOND,Corporate Bonds,3-10 years
146,2024-03-01,3,2024,Corporate Bonds_Over 10 years,7373.975274,BOND,Corporate Bonds,Over 10 years
122,2024-03-01,3,2024,Corporate Bonds_Under 3 years,23974.590898,BOND,Corporate Bonds,Under 3 years
62,2024-03-01,3,2024,Federal Crown Corporation Bonds_3-10 years,45845.943325,BOND,Federal Crown Corporation Bonds,3-10 years
74,2024-03-01,3,2024,Federal Crown Corporation Bonds_Over 10 years,4654.908808,BOND,Federal Crown Corporation Bonds,Over 10 years
50,2024-03-01,3,2024,Federal Crown Corporation Bonds_Under 3 years,18170.142949,BOND,Federal Crown Corporation Bonds,Under 3 years
14,2024-03-01,3,2024,Government of Canada Bonds_3-10 years,529268.622549,BOND,Government of Canada Bonds,3-10 years
206,2024-03-01,3,2024,Government of Canada Bonds_All,221.453423,BOND,Government of Canada Bonds,All
26,2024-03-01,3,2024,Government of Canada Bonds_Over 10 years,123935.903806,BOND,Government of Canada Bonds,Over 10 years
38,2024-03-01,3,2024,Government of Canada Bonds_Real Return Bonds,1887.050748,BOND,Government of Canada Bonds,Real Return Bonds
2,2024-03-01,3,2024,Government of Canada Bonds_Under 3 years,467230.887057,BOND,Government of Canada Bonds,Under 3 years
170,2024-03-01,3,2024,Mortgage Backed Securities_All,6607.884967,BOND,Mortgage Backed Securities,All
158,2024-03-01,3,2024,Municipal Bonds_All,3929.793652,BOND,Municipal Bonds,All
194,2024-03-01,3,2024,Other Domestic Bonds_All,1175.568548,BOND,Other Domestic Bonds,All
230,2024-03-01,3,2024,Other_All,1166.064797,BOND,Other,All
98,2024-03-01,3,2024,Provincial Bonds_3-10 years,54345.512793,BOND,Provincial Bonds,3-10 years
218,2024-03-01,3,2024,Provincial Bonds_All,1828.224494,BOND,Provincial Bonds,All
110,2024-03-01,3,2024,Provincial Bonds_Over 10 years,52863.790714,BOND,Provincial Bonds,Over 10 years
86,2024-03-01,3,2024,Provincial Bonds_Under 3 years,10334.028515,BOND,Provincial Bonds,Under 3 years
183,2024-04-01,4,2024,Asset-Backed Securities_All,844.7848,BOND,Asset-Backed Securities,All
135,2024-04-01,4,2024,Corporate Bonds_3-10 years,29975.733649,BOND,Corporate Bonds,3-10 years
147,2024-04-01,4,2024,Corporate Bonds_Over 10 years,10621.899207,BOND,Corporate Bonds,Over 10 years
123,2024-04-01,4,2024,Corporate Bonds_Under 3 years,26208.128535,BOND,Corporate Bonds,Under 3 years
63,2024-04-01,4,2024,Federal Crown Corporation Bonds_3-10 years,49545.089742,BOND,Federal Crown Corporation Bonds,3-10 years
75,2024-04-01,4,2024,Federal Crown Corporation Bonds_Over 10 years,18.6125,BOND,Federal Crown Corporation Bonds,Over 10 years
51,2024-04-01,4,2024,Federal Crown Corporation Bonds_Under 3 years,16526.035275,BOND,Federal Crown Corporation Bonds,Under 3 years
15,2024-04-01,4,2024,Government of Canada Bonds_3-10 years,436000.730745,BOND,Government of Canada Bonds,3-10 years
207,2024-04-01,4,2024,Government of Canada Bonds_All,205.210955,BOND,Government of Canada Bonds,All
27,2024-04-01,4,2024,Government of Canada Bonds_Over 10 years,245153.376658,BOND,Government of Canada Bonds,Over 10 years
39,2024-04-01,4,2024,Government of Canada Bonds_Real Return Bonds,2547.51486,BOND,Government of Canada Bonds,Real Return Bonds
3,2024-04-01,4,2024,Government of Canada Bonds_Under 3 years,542819.788428,BOND,Government of Canada Bonds,Under 3 years
171,2024-04-01,4,2024,Mortgage Backed Securities_All,7685.472401,BOND,Mortgage Backed Securities,All
159,2024-04-01,4,2024,Municipal Bonds_All,4730.124278,BOND,Municipal Bonds,All
195,2024-04-01,4,2024,Other Domestic Bonds_All,1299.277802,BOND,Other Domestic Bonds,All
231,2024-04-01,4,2024,Other_All,1566.044443,BOND,Other,All
99,2024-04-01,4,2024,Provincial Bonds_3-10 years,51442.521226,BOND,Provincial Bonds,3-10 years
219,2024-04-01,4,2024,Provincial Bonds_All,2170.969111,BOND,Provincial Bonds,All
111,2024-04-01,4,2024,Provincial Bonds_Over 10 years,63359.167382,BOND,Provincial Bonds,Over 10 years
87,2024-04-01,4,2024,Provincial Bonds_Under 3 years,15501.861273,BOND,Provincial Bonds,Under 3 years
184,2024-05-01,5,2024,Asset-Backed Securities_All,732.777,BOND,Asset-Backed Securities,All
136,2024-05-01,5,2024,Corporate Bonds_3-10 years,31355.555915,BOND,Corporate Bonds,3-10 years
148,2024-05-01,5,2024,Corporate Bonds_Over 10 years,8550.730781,BOND,Corporate Bonds,Over 10 years
124,2024-05-01,5,2024,Corporate Bonds_Under 3 years,21621.665318,BOND,Corporate Bonds,Under 3 years
64,2024-05-01,5,2024,Federal Crown Corporation Bonds_3-10 years,54304.137271,BOND,Federal Crown Corporation Bonds,3-10 years
76,2024-05-01,5,2024,Federal Crown Corporation Bonds_Over 10 years,130.352292,BOND,Federal Crown Corporation Bonds,Over 10 years
52,2024-05-01,5,2024,Federal Crown Corporation Bonds_Under 3 years,20436.27284,BOND,Federal Crown Corporation Bonds,Under 3 years
16,2024-05-01,5,2024,Government of Canada Bonds_3-10 years,467934.856835,BOND,Government of Canada Bonds,3-10 years
208,2024-05-01,5,2024,Government of Canada Bonds_All,178.830948,BOND,Government of Canada Bonds,All
28,2024-05-01,5,2024,Government of Canada Bonds_Over 10 years,324125.5431,BOND,Government of Canada Bonds,Over 10 years
40,2024-05-01,5,2024,Government of Canada Bonds_Real Return Bonds,961.938974,BOND,Government of Canada Bonds,Real Return Bonds
4,2024-05-01,5,2024,Government of Canada Bonds_Under 3 years,525046.772445,BOND,Government of Canada Bonds,Under 3 years
172,2024-05-01,5,2024,Mortgage Backed Securities_All,8154.707333,BOND,Mortgage Backed Securities,All
160,2024-05-01,5,2024,Municipal Bonds_All,5248.799138,BOND,Municipal Bonds,All
196,2024-05-01,5,2024,Other Domestic Bonds_All,817.653134,BOND,Other Domestic Bonds,All
232,2024-05-01,5,2024,Other_All,1482.825446,BOND,Other,All
100,2024-05-01,5,2024,Provincial Bonds_3-10 years,45799.677398,BOND,Provincial Bonds,3-10 years
220,2024-05-01,5,2024,Provincial Bonds_All,4050.082607,BOND,Provincial Bonds,All
112,2024-05-01,5,2024,Provincial Bonds_Over 10 years,63511.481042,BOND,Provincial Bonds,Over 10 years
88,2024-05-01,5,2024,Provincial Bonds_Under 3 years,14949.454114,BOND,Provincial Bonds,Under 3 years
185,2024-06-01,6,2024,Asset-Backed Securities_All,1616.903531,BOND,Asset-Backed Securities,All
137,2024-06-01,6,2024,Corporate Bonds_3-10 years,36164.930823,BOND,Corporate Bonds,3-10 years
149,2024-06-01,6,2024,Corporate Bonds_Over 10 years,11478.266782,BOND,Corporate Bonds,Over 10 years
125,2024-06-01,6,2024,Corporate Bonds_Under 3 years,32016.739224,BOND,Corporate Bonds,Under 3 years
65,2024-06-01,6,2024,Federal Crown Corporation Bonds_3-10 years,47587.340919,BOND,Federal Crown Corporation Bonds,3-10 years
77,2024-06-01,6,2024,Federal Crown Corporation Bonds_Over 10 years,112.659889,BOND,Federal Crown Corporation Bonds,Over 10 years
53,2024-06-01,6,2024,Federal Crown Corporation Bonds_Under 3 years,26777.522362,BOND,Federal Crown Corporation Bonds,Under 3 years
17,2024-06-01,6,2024,Government of Canada Bonds_3-10 years,743618.184013,BOND,Government of Canada Bonds,3-10 years
209,2024-06-01,6,2024,Government of Canada Bonds_All,130.47725,BOND,Government of Canada Bonds,All
29,2024-06-01,6,2024,Government of Canada Bonds_Over 10 years,129167.076683,BOND,Government of Canada Bonds,Over 10 years
41,2024-06-01,6,2024,Government of Canada Bonds_Real Return Bonds,1085.753073,BOND,Government of Canada Bonds,Real Return Bonds
5,2024-06-01,6,2024,Government of Canada Bonds_Under 3 years,576612.108978,BOND,Government of Canada Bonds,Under 3 years
173,2024-06-01,6,2024,Mortgage Backed Securities_All,9286.307549,BOND,Mortgage Backed Securities,All
161,2024-06-01,6,2024,Municipal Bonds_All,4340.777208,BOND,Municipal Bonds,All
197,2024-06-01,6,2024,Other Domestic Bonds_All,1072.553918,BOND,Other Domestic Bonds,All
233,2024-06-01,6,2024,Other_All,2644.444097,BOND,Other,All
101,2024-06-01,6,2024,Provincial Bonds_3-10 years,62466.520822,BOND,Provincial Bonds,3-10 years
221,2024-06-01,6,2024,Provincial Bonds_All,3138.850368,BOND,Provincial Bonds,All
113,2024-06-01,6,2024,Provincial Bonds_Over 10 years,52974.066616,BOND,Provincial Bonds,Over 10 years
89,2024-06-01,6,2024,Provincial Bonds_Under 3 years,19090.827603,BOND,Provincial Bonds,Under 3 years
186,2024-07-01,7,2024,Asset-Backed Securities_All,905.7985,BOND,Asset-Backed Securities,All
138,2024-07-01,7,2024,Corporate Bonds_3-10 years,28269.862558,BOND,Corporate Bonds,3-10 years
150,2024-07-01,7,2024,Corporate Bonds_Over 10 years,7802.045655,BOND,Corporate Bonds,Over 10 years
126,2024-07-01,7,2024,Corporate Bonds_Under 3 years,26128.76233,BOND,Corporate Bonds,Under 3 years
66,2024-07-01,7,2024,Federal Crown Corporation Bonds_3-10 years,44821.692138,BOND,Federal Crown Corporation Bonds,3-10 years
78,2024-07-01,7,2024,Federal Crown Corporation Bonds_Over 10 years,13.629067,BOND,Federal Crown Corporation Bonds,Over 10 years
54,2024-07-01,7,2024,Federal Crown Corporation Bonds_Under 3 years,21556.846327,BOND,Federal Crown Corporation Bonds,Under 3 years
18,2024-07-01,7,2024,Government of Canada Bonds_3-10 years,649849.532126,BOND,Government of Canada Bonds,3-10 years
210,2024-07-01,7,2024,Government of Canada Bonds_All,243.62598500000001,BOND,Government of Canada Bonds,All
30,2024-07-01,7,2024,Government of Canada Bonds_Over 10 years,108930.681856,BOND,Government of Canada Bonds,Over 10 years
42,2024-07-01,7,2024,Government of Canada Bonds_Real Return Bonds,897.803138,BOND,Government of Canada Bonds,Real Return Bonds
6,2024-07-01,7,2024,Government of Canada Bonds_Under 3 years,587209.09724,BOND,Government of Canada Bonds,Under 3 years
174,2024-07-01,7,2024,Mortgage Backed Securities_All,9945.805886,BOND,Mortgage Backed Securities,All
162,2024-07-01,7,2024,Municipal Bonds_All,4586.735444,BOND,Municipal Bonds,All
198,2024-07-01,7,2024,Other Domestic Bonds_All,940.204162,BOND,Other Domestic Bonds,All
234,2024-07-01,7,2024,Other_All,914.90784,BOND,Other,All
102,2024-07-01,7,2024,Provincial Bonds_3-10 years,60651.978934,BOND,Provincial Bonds,3-10 years
222,2024-07-01,7,2024,Provincial Bonds_All,1801.409217,BOND,Provincial Bonds,All
114,2024-07-01,7,2024,Provincial Bonds_Over 10 years,52508.960382,BOND,Provincial Bonds,Over 10 years
90,2024-07-01,7,2024,Provincial Bonds_Under 3 years,15761.342565,BOND,Provincial Bonds,Under 3 years
187,2024-08-01,8,2024,Asset-Backed Securities_All,1174.366353,BOND,Asset-Backed Securities,All
139,2024-08-01,8,2024,Corporate Bonds_3-10 years,26314.597539,BOND,Corporate Bonds,3-10 years
151,2024-08-01,8,2024,Corporate Bonds_Over 10 years,7131.31731,BOND,Corporate Bonds,Over 10 years
127,2024-08-01,8,2024,Corporate Bonds_Under 3 years,26667.35519,BOND,Corporate Bonds,Under 3 years
67,2024-08-01,8,2024,Federal Crown Corporation Bonds_3-10 years,44274.672705,BOND,Federal Crown Corporation Bonds,3-10 years
79,2024-08-01,8,2024,Federal Crown Corporation Bonds_Over 10 years,10034.945634,BOND,Federal Crown Corporation Bonds,Over 10 years
55,2024-08-01,8,2024,Federal Crown Corporation Bonds_Under 3 years,15104.587081,BOND,Federal Crown Corporation Bonds,Under 3 years
19,2024-08-01,8,2024,Government of Canada Bonds_3-10 years,682977.699429,BOND,Government of Canada Bonds,3-10 years
211,2024-08-01,8,2024,Government of Canada Bonds_All,210.916271,BOND,Government of Canada Bonds,All
31,2024-08-01,8,2024,Government of Canada Bonds_Over 10 years,103480.316622,BOND,Government of Canada Bonds,Over 10 years
43,2024-08-01,8,2024,Government of Canada Bonds_Real Return Bonds,690.40815,BOND,Government of Canada Bonds,Real Return Bonds
7,2024-08-01,8,2024,Government of Canada Bonds_Under 3 years,607676.446228,BOND,Government of Canada Bonds,Under 3 years
175,2024-08-01,8,2024,Mortgage Backed Securities_All,11989.71266,BOND,Mortgage Backed Securities,All
163,2024-08-01,8,2024,Municipal Bonds_All,3523.931191,BOND,Municipal Bonds,All
199,2024-08-01,8,2024,Other Domestic Bonds_All,752.805567,BOND,Other Domestic Bonds,All
235,2024-08-01,8,2024,Other_All,1211.997017,BOND,Other,All
103,2024-08-01,8,2024,Provincial Bonds_3-10 years,46892.781281,BOND,Provincial Bonds,3-10 years
223,2024-08-01,8,2024,Provincial Bonds_All,2948.353256,BOND,Provincial Bonds,All
115,2024-08-01,8,2024,Provincial Bonds_Over 10 years,54060.01244,BOND,Provincial Bonds,Over 10 years
91,2024-08-01,8,2024,Provincial Bonds_Under 3 years,16766.227292,BOND,Provincial Bonds,Under 3 years
188,2024-09-01,9,2024,Asset-Backed Securities_All,847.136,BOND,Asset-Backed Securities,All
140,2024-09-01,9,2024,Corporate Bonds_3-10 years,27782.496624,BOND,Corporate Bonds,3-10 years
152,2024-09-01,9,2024,Corporate Bonds_Over 10 years,7421.516026,BOND,Corporate Bonds,Over 10 years
128,2024-09-01,9,2024,Corporate Bonds_Under 3 years,24624.848044,BOND,Corporate Bonds,Under 3 years
68,2024-09-01,9,2024,Federal Crown Corporation Bonds_3-10 years,58910.032852,BOND,Federal Crown Corporation Bonds,3-10 years
80,2024-09-01,9,2024,Federal Crown Corporation Bonds_Over 10 years,7962.870692,BOND,Federal Crown Corporation Bonds,Over 10 years
56,2024-09-01,9,2024,Federal Crown Corporation Bonds_Under 3 years,18669.25505,BOND,Federal Crown Corporation Bonds,Under 3 years
20,2024-09-01,9,2024,Government of Canada Bonds_3-10 years,654587.384654,BOND,Government of Canada Bonds,3-10 years
212,2024-09-01,9,2024,Government of Canada Bonds_All,269.225264,BOND,Government of Canada Bonds,All
32,2024-09-01,9,2024,Government of Canada Bonds_Over 10 years,106502.270011,BOND,Government of Canada Bonds,Over 10 years
44,2024-09-01,9,2024,Government of Canada Bonds_Real Return Bonds,1154.619628,BOND,Government of Canada Bonds,Real Return Bonds
8,2024-09-01,9,2024,Government of Canada Bonds_Under 3 years,888332.348133,BOND,Government of Canada Bonds,Under 3 years
176,2024-09-01,9,2024,Mortgage Backed Securities_All,12631.589123,BOND,Mortgage Backed Securities,All
164,2024-09-01,9,2024,Municipal Bonds_All,4612.602044,BOND,Municipal Bonds,All
200,2024-09-01,9,2024,Other Domestic Bonds_All,809.273465,BOND,Other Domestic Bonds,All
236,2024-09-01,9,2024,Other_All,1439.556284,BOND,Other,All
104,2024-09-01,9,2024,Provincial Bonds_3-10 years,62076.35016,BOND,Provincial Bonds,3-10 years
224,2024-09-01,9,2024,Provincial Bonds_All,4234.930637,BOND,Provincial Bonds,All
116,2024-09-01,9,2024,Provincial Bonds_Over 10 years,51671.754833,BOND,Provincial Bonds,Over 10 years
92,2024-09-01,9,2024,Provincial Bonds_Under 3 years,12696.735305,BOND,Provincial Bonds,Under 3 years
189,2024-10-01,10,2024,Asset-Backed Securities_All,916.906,BOND,Asset-Backed Securities,All
141,2024-10-01,10,2024,Corporate Bonds_3-10 years,33001.661615,BOND,Corporate Bonds,3-10 years
153,2024-10-01,10,2024,Corporate Bonds_Over 10 years,10487.085378,BOND,Corporate Bonds,Over 10 years
129,2024-10-01,10,2024,Corporate Bonds_Under 3 years,28594.685515,BOND,Corporate Bonds,Under 3 years
69,2024-10-01,10,2024,Federal Crown Corporation Bonds_3-10 years,37711.574221,BOND,Federal Crown Corporation Bonds,3-10 years
81,2024-10-01,10,2024,Federal Crown Corporation Bonds_Over 10 years,8340.707358,BOND,Federal Crown Corporation Bonds,Over 10 years
57,2024-10-01,10,2024,Federal Crown Corporation Bonds_Under 3 years,17956.00384,BOND,Federal Crown Corporation Bonds,Under 3 years
21,2024-10-01,10,2024,Government of Canada Bonds_3-10 years,677545.313104,BOND,Government of Canada Bonds,3-10 years
213,2024-10-01,10,2024,Government of Canada Bonds_All,96.042222,BOND,Government of Canada Bonds,All
33,2024-10-01,10,2024,Government of Canada Bonds_Over 10 years,122058.358406,BOND,Government of Canada Bonds,Over 10 years
45,2024-10-01,10,2024,Government of Canada Bonds_Real Return Bonds,1070.470599,BOND,Government of Canada Bonds,Real Return Bonds
9,2024-10-01,10,2024,Government of Canada Bonds_Under 3 years,907971.774355,BOND,Government of Canada Bonds,Under 3 years
177,2024-10-01,10,2024,Mortgage Backed Securities_All,10477.960897,BOND,Mortgage Backed Securities,All
165,2024-10-01,10,2024,Municipal Bonds_All,4918.470935,BOND,Municipal Bonds,All
201,2024-10-01,10,2024,Other Domestic Bonds_All,1423.08203,BOND,Other Domestic Bonds,All
237,2024-10-01,10,2024,Other_All,1011.520865,BOND,Other,All
105,2024-10-01,10,2024,Provincial Bonds_3-10 years,72362.480573,BOND,Provincial Bonds,3-10 years
225,2024-10-01,10,2024,Provincial Bonds_All,2379.421736,BOND,Provincial Bonds,All
117,2024-10-01,10,2024,Provincial Bonds_Over 10 years,62036.804575,BOND,Provincial Bonds,Over 10 years
93,2024-10-01,10,2024,Provincial Bonds_Under 3 years,14765.63576,BOND,Provincial Bonds,Under 3 years
190,2024-11-01,11,2024,Asset-Backed Securities_All,1319.13997,BOND,Asset-Backed Securities,All
142,2024-11-01,11,2024,Corporate Bonds_3-10 years,24831.250429,BOND,Corporate Bonds,3-10 years
154,2024-11-01,11,2024,Corporate Bonds_Over 10 years,9667.85069,BOND,Corporate Bonds,Over 10 years
130,2024-11-01,11,2024,Corporate Bonds_Under 3 years,23469.881306,BOND,Corporate Bonds,Under 3 years
70,2024-11-01,11,2024,Federal Crown Corporation Bonds_3-10 years,39400.750144,BOND,Federal Crown Corporation Bonds,3-10 years
82,2024-11-01,11,2024,Federal Crown Corporation Bonds_Over 10 years,15895.000352,BOND,Federal Crown Corporation Bonds,Over 10 years
58,2024-11-01,11,2024,Federal Crown Corporation Bonds_Under 3 years,22388.920748,BOND,Federal Crown Corporation Bonds,Under 3 years
22,2024-11-01,11,2024,Government of Canada Bonds_3-10 years,644294.892879,BOND,Government of Canada Bonds,3-10 years
214,2024-11-01,11,2024,Government of Canada Bonds_All,326.874036,BOND,Government of Canada Bonds,All
34,2024-11-01,11,2024,Government of Canada Bonds_Over 10 years,138141.255483,BOND,Government of Canada Bonds,Over 10 years
46,2024-11-01,11,2024,Government of Canada Bonds_Real Return Bonds,2035.411702,BOND,Government of Canada Bonds,Real Return Bonds
10,2024-11-01,11,2024,Government of Canada Bonds_Under 3 years,609503.908867,BOND,Government of Canada Bonds,Under 3 years
178,2024-11-01,11,2024,Mortgage Backed Securities_All,9981.369012,BOND,Mortgage Backed Securities,All
166,2024-11-01,11,2024,Municipal Bonds_All,4564.237435,BOND,Municipal Bonds,All
202,2024-11-01,11,2024,Other Domestic Bonds_All,691.176379,BOND,Other Domestic Bonds,All
238,2024-11-01,11,2024,Other_All,1438.029647,BOND,Other,All
106,2024-11-01,11,2024,Provincial Bonds_3-10 years,62135.933213,BOND,Provincial Bonds,3-10 years
226,2024-11-01,11,2024,Provincial Bonds_All,2498.032889,BOND,Provincial Bonds,All
118,2024-11-01,11,2024,Provincial Bonds_Over 10 years,55197.11317,BOND,Provincial Bonds,Over 10 years
94,2024-11-01,11,2024,Provincial Bonds_Under 3 years,14839.867813,BOND,Provincial Bonds,Under 3 years
191,2024-12-01,12,2024,Asset-Backed Securities_All,536.584092,BOND,Asset-Backed Securities,All
143,2024-12-01,12,2024,Corporate Bonds_3-10 years,23026.041205,BOND,Corporate Bonds,3-10 years
155,2024-12-01,12,2024,Corporate Bonds_Over 10 years,8576.763757,BOND,Corporate Bonds,Over 10 years
131,2024-12-01,12,2024,Corporate Bonds_Under 3 years,18296.759382,BOND,Corporate Bonds,Under 3 years
71,2024-12-01,12,2024,Federal Crown Corporation Bonds_3-10 years,53188.513935,BOND,Federal Crown Corporation Bonds,3-10 years
83,2024-12-01,12,2024,Federal Crown Corporation Bonds_Over 10 years,7223.216303,BOND,Federal Crown Corporation Bonds,Over 10 years
59,2024-12-01,12,2024,Federal Crown Corporation Bonds_Under 3 years,19331.432392,BOND,Federal Crown Corporation Bonds,Under 3 years
23,2024-12-01,12,2024,Government of Canada Bonds_3-10 years,634776.924411,BOND,Government of Canada Bonds,3-10 years
215,2024-12-01,12,2024,Government of Canada Bonds_All,93.248625,BOND,Government of Canada Bonds,All
35,2024-12-01,12,2024,Government of Canada Bonds_Over 10 years,92874.311164,BOND,Government of Canada Bonds,Over 10 years
47,2024-12-01,12,2024,Government of Canada Bonds_Real Return Bonds,1404.689,BOND,Government of Canada Bonds,Real Return Bonds
11,2024-12-01,12,2024,Government of Canada Bonds_Under 3 years,458086.57951,BOND,Government of Canada Bonds,Under 3 years
179,2024-12-01,12,2024,Mortgage Backed Securities_All,13266.180483,BOND,Mortgage Backed Securities,All
167,2024-12-01,12,2024,Municipal Bonds_All,3219.833714,BOND,Municipal Bonds,All
203,2024-12-01,12,2024,Other Domestic Bonds_All,371.247211,BOND,Other Domestic Bonds,All
239,2024-12-01,12,2024,Other_All,1764.630591,BOND,Other,All
107,2024-12-01,12,2024,Provincial Bonds_3-10 years,71318.317186,BOND,Provincial Bonds,3-10 years
227,2024-12-01,12,2024,Provincial Bonds_All,3767.323566,BOND,Provincial Bonds,All
119,2024-12-01,12,2024,Provincial Bonds_Over 10 years,45328.195854,BOND,Provincial Bonds,Over 10 years
95,2024-12-01,12,2024,Provincial Bonds_Under 3 years,10709.785376,BOND,Provincial Bonds,Under 3 years
180,2025-01-01,1,2025,Asset-Backed Securities_All,1358.32643,BOND,Asset-Backed Securities,All
132,2025-01-01,1,2025,Corporate Bonds_3-10 years,29812.527989,BOND,Corporate Bonds,3-10 years
144,2025-01-01,1,2025,Corporate Bonds_Over 10 years,12273.887646,BOND,Corporate Bonds,Over 10 years
120,2025-01-01,1,2025,Corporate Bonds_Under 3 years,25152.389442,BOND,Corporate Bonds,Under 3 years
60,2025-01-01,1,2025,Federal Crown Corporation Bonds_3-10 years,53236.318567,BOND,Federal Crown Corporation Bonds,3-10 years
72,2025-01-01,1,2025,Federal Crown Corporation Bonds_Over 10 years,199.933308,BOND,Federal Crown Corporation Bonds,Over 10 years
48,2025-01-01,1,2025,Federal Crown Corporation Bonds_Under 3 years,29151.081083,BOND,Federal Crown Corporation Bonds,Under 3 years
12,2025-01-01,1,2025,Government of Canada Bonds_3-10 years,776143.431325,BOND,Government of Canada Bonds,3-10 years
204,2025-01-01,1,2025,Government of Canada Bonds_All,139.998856,BOND,Government of Canada Bonds,All
24,2025-01-01,1,2025,Government of Canada Bonds_Over 10 years,116893.91283,BOND,Government of Canada Bonds,Over 10 years
36,2025-01-01,1,2025,Government of Canada Bonds_Real Return Bonds,834.547353,BOND,Government of Canada Bonds,Real Return Bonds
0,2025-01-01,1,2025,Government of Canada Bonds_Under 3 years,594930.22003,BOND,Government of Canada Bonds,Under 3 years
168,2025-01-01,1,2025,Mortgage Backed Securities_All,12312.058237,BOND,Mortgage Backed Securities,All
156,2025-01-01,1,2025,Municipal Bonds_All,4324.019241,BOND,Municipal Bonds,All
192,2025-01-01,1,2025,Other Domestic Bonds_All,541.484964,BOND,Other Domestic Bonds,All
228,2025-01-01,1,2025,Other_All,1598.525211,BOND,Other,All
96,2025-01-01,1,2025,Provincial Bonds_3-10 years,82135.952116,BOND,Provincial Bonds,3-10 years
216,2025-01-01,1,2025,Provincial Bonds_All,2019.345826,BOND,Provincial Bonds,All
108,2025-01-01,1,2025,Provincial Bonds_Over 10 years,51385.149356,BOND,Provincial Bonds,Over 10 years
84,2025-01-01,1,2025,Provincial Bonds_Under 3 years,11815.701832,BOND,Provincial Bonds,Under 3 years
181,2025-02-01,2,2025,Asset-Backed Securities_All,2506.0003,BOND,Asset-Backed Securities,All
133,2025-02-01,2,2025,Corporate Bonds_3-10 years,24298.583316,BOND,Corporate Bonds,3-10 years
145,2025-02-01,2,2025,Corporate Bonds_Over 10 years,9219.494911,BOND,Corporate Bonds,Over 10 years
121,2025-02-01,2,2025,Corporate Bonds_Under 3 years,21693.84889,BOND,Corporate Bonds,Under 3 years
61,2025-02-01,2,2025,Federal Crown Corporation Bonds_3-10 years,51393.625395,BOND,Federal Crown Corporation Bonds,3-10 years
73,2025-02-01,2,2025,Federal Crown Corporation Bonds_Over 10 years,8608.6497,BOND,Federal Crown Corporation Bonds,Over 10 years
49,2025-02-01,2,2025,Federal Crown Corporation Bonds_Under 3 years,16309.473935,BOND,Federal Crown Corporation Bonds,Under 3 years
13,2025-02-01,2,2025,Government of Canada Bonds_3-10 years,718197.487252,BOND,Government of Canada Bonds,3-10 years
205,2025-02-01,2,2025,Government of Canada Bonds_All,341.240623,BOND,Government of Canada Bonds,All
25,2025-02-01,2,2025,Government of Canada Bonds_Over 10 years,107220.372603,BOND,Government of Canada Bonds,Over 10 years
37,2025-02-01,2,2025,Government of Canada Bonds_Real Return Bonds,2044.18795,BOND,Government of Canada Bonds,Real Return Bonds
1,2025-02-01,2,2025,Government of Canada Bonds_Under 3 years,517518.00736,BOND,Government of Canada Bonds,Under 3 years
169,2025-02-01,2,2025,Mortgage Backed Securities_All,11177.148022,BOND,Mortgage Backed Securities,All
157,2025-02-01,2,2025,Municipal Bonds_All,3000.515743,BOND,Municipal Bonds,All
193,2025-02-01,2,2025,Other Domestic Bonds_All,368.42152,BOND,Other Domestic Bonds,All
229,2025-02-01,2,2025,Other_All,2152.666604,BOND,Other,All
97,2025-02-01,2,2025,Provincial Bonds_3-10 years,73537.243057,BOND,Provincial Bonds,3-10 years
217,2025-02-01,2,2025,Provincial Bonds_All,3532.502084,BOND,Provincial Bonds,All
109,2025-02-01,2,2025,Provincial Bonds_Over 10 years,47446.39328,BOND,Provincial Bonds,Over 10 years
85,2025-02-01,2,2025,Provincial Bonds_Under 3 years,10496.842648,BOND,Provincial Bonds,Under 3 years
182,2025-03-01,3,2025,Asset-Backed Securities_All,997.9842,BOND,Asset-Backed Securities,All
134,2025-03-01,3,2025,Corporate Bonds_3-10 years,30957.964369,BOND,Corporate Bonds,3-10 years
146,2025-03-01,3,2025,Corporate Bonds_Over 10 years,10957.448983,BOND,Corporate Bonds,Over 10 years
122,2025-03-01,3,2025,Corporate Bonds_Under 3 years,24261.44812,BOND,Corporate Bonds,Under 3 years
62,2025-03-01,3,2025,Federal Crown Corporation Bonds_3-10 years,71570.013898,BOND,Federal Crown Corporation Bonds,3-10 years
74,2025-03-01,3,2025,Federal Crown Corporation Bonds_Over 10 years,4568.883538,BOND,Federal Crown Corporation Bonds,Over 10 years
50,2025-03-01,3,2025,Federal Crown Corporation Bonds_Under 3 years,24572.187992,BOND,Federal Crown Corporation Bonds,Under 3 years
14,2025-03-01,3,2025,Government of Canada Bonds_3-10 years,814716.77068,BOND,Government of Canada Bonds,3-10 years
206,2025-03-01,3,2025,Government of Canada Bonds_All,244.930763,BOND,Government of Canada Bonds,All
26,2025-03-01,3,2025,Government of Canada Bonds_Over 10 years,128779.366563,BOND,Government of Canada Bonds,Over 10 years
38,2025-03-01,3,2025,Government of Canada Bonds_Real Return Bonds,705.845557,BOND,Government of Canada Bonds,Real Return Bonds
2,2025-03-01,3,2025,Government of Canada Bonds_Under 3 years,545450.487909,BOND,Government of Canada Bonds,Under 3 years
170,2025-03-01,3,2025,Mortgage Backed Securities_All,13314.26801,BOND,Mortgage Backed Securities,All
158,2025-03-01,3,2025,Municipal Bonds_All,3788.673191,BOND,Municipal Bonds,All
194,2025-03-01,3,2025,Other Domestic Bonds_All,630.407152,BOND,Other Domestic Bonds,All
230,2025-03-01,3,2025,Other_All,1834.212914,BOND,Other,All
98,2025-03-01,3,2025,Provincial Bonds_3-10 years,68621.664238,BOND,Provincial Bonds,3-10 years
218,2025-03-01,3,2025,Provincial Bonds_All,2911.51779,BOND,Provincial Bonds,All
110,2025-03-01,3,2025,Provincial Bonds_Over 10 years,49214.206907,BOND,Provincial Bonds,Over 10 years
86,2025-03-01,3,2025,Provincial Bonds_Under 3 years,13145.239713,BOND,Provincial Bonds,Under 3 years
183,2025-04-01,4,2025,Asset-Backed Securities_All,1010.8015,BOND,Asset-Backed Securities,All
135,2025-04-01,4,2025,Corporate Bonds_3-10 years,26207.493545,BOND,Corporate Bonds,3-10 years
147,2025-04-01,4,2025,Corporate Bonds_Over 10 years,9517.983228,BOND,Corporate Bonds,Over 10 years
123,2025-04-01,4,2025,Corporate Bonds_Under 3 years,24421.504987,BOND,Corporate Bonds,Under 3 years
63,2025-04-01,4,2025,Federal Crown Corporation Bonds_3-10 years,48994.472481,BOND,Federal Crown Corporation Bonds,3-10 years
75,2025-04-01,4,2025,Federal Crown Corporation Bonds_Over 10 years,96.7625,BOND,Federal Crown Corporation Bonds,Over 10 years
51,2025-04-01,4,2025,Federal Crown Corporation Bonds_Under 3 years,24870.386689,BOND,Federal Crown Corporation Bonds,Under 3 years
15,2025-04-01,4,2025,Government of Canada Bonds_3-10 years,783252.649765,BOND,Government of Canada Bonds,3-10 years
207,2025-04-01,4,2025,Government of Canada Bonds_All,233.188928,BOND,Government of Canada Bonds,All
27,2025-04-01,4,2025,Government of Canada Bonds_Over 10 years,145947.39151,BOND,Government of Canada Bonds,Over 10 years
39,2025-04-01,4,2025,Government of Canada Bonds_Real Return Bonds,1019.521412,BOND,Government of Canada Bonds,Real Return Bonds
3,2025-04-01,4,2025,Government of Canada Bonds_Under 3 years,599302.635087,BOND,Government of Canada Bonds,Under 3 years
171,2025-04-01,4,2025,Mortgage Backed Securities_All,7256.008471,BOND,Mortgage Backed Securities,All
159,2025-04-01,4,2025,Municipal Bonds_All,5733.153713,BOND,Municipal Bonds,All
195,2025-04-01,4,2025,Other Domestic Bonds_All,1018.77193,BOND,Other Domestic Bonds,All
231,2025-04-01,4,2025,Other_All,1876.761057,BOND,Other,All
99,2025-04-01,4,2025,Provincial Bonds_3-10 years,68507.050509,BOND,Provincial Bonds,3-10 years
219,2025-04-01,4,2025,Provincial Bonds_All,2651.988261,BOND,Provincial Bonds,All
111,2025-04-01,4,2025,Provincial Bonds_Over 10 years,65664.686124,BOND,Provincial Bonds,Over 10 years
87,2025-04-01,4,2025,Provincial Bonds_Under 3 years,12918.796716,BOND,Provincial Bonds,Under 3 years
184,2025-05-01,5,2025,Asset-Backed Securities_All,1003.643734,BOND,Asset-Backed Securities,All
136,2025-05-01,5,2025,Corporate Bonds_3-10 years,25724.670753,BOND,Corporate Bonds,3-10 years
148,2025-05-01,5,2025,Corporate Bonds_Over 10 years,10242.175055,BOND,Corporate Bonds,Over 10 years
124,2025-05-01,5,2025,Corporate Bonds_Under 3 years,25406.152356,BOND,Corporate Bonds,Under 3 years
64,2025-05-01,5,2025,Federal Crown Corporation Bonds_3-10 years,57790.339513,BOND,Federal Crown Corporation Bonds,3-10 years
76,2025-05-01,5,2025,Federal Crown Corporation Bonds_Over 10 years,7482.2365,BOND,Federal Crown Corporation Bonds,Over 10 years
52,2025-05-01,5,2025,Federal Crown Corporation Bonds_Under 3 years,21201.941522,BOND,Federal Crown Corporation Bonds,Under 3 years
16,2025-05-01,5,2025,Government of Canada Bonds_3-10 years,780544.911044,BOND,Government of Canada Bonds,3-10 years
208,2025-05-01,5,2025,Government of Canada Bonds_All,187.574663,BOND,Government of Canada Bonds,All
28,2025-05-01,5,2025,Government of Canada Bonds_Over 10 years,160082.435107,BOND,Government of Canada Bonds,Over 10 years
40,2025-05-01,5,2025,Government of Canada Bonds_Real Return Bonds,642.612575,BOND,Government of Canada Bonds,Real Return Bonds
4,2025-05-01,5,2025,Government of Canada Bonds_Under 3 years,590988.365918,BOND,Government of Canada Bonds,Under 3 years
172,2025-05-01,5,2025,Mortgage Backed Securities_All,10305.290529,BOND,Mortgage Backed Securities,All
160,2025-05-01,5,2025,Municipal Bonds_All,5274.43986,BOND,Municipal Bonds,All
196,2025-05-01,5,2025,Other Domestic Bonds_All,1015.892223,BOND,Other Domestic Bonds,All
232,2025-05-01,5,2025,Other_All,2735.279437,BOND,Other,All
100,2025-05-01,5,2025,Provincial Bonds_3-10 years,58391.260184,BOND,Provincial Bonds,3-10 years
220,2025-05-01,5,2025,Provincial Bonds_All,4023.46931,BOND,Provincial Bonds,All
112,2025-05-01,5,2025,Provincial Bonds_Over 10 years,69177.409734,BOND,Provincial Bonds,Over 10 years
88,2025-05-01,5,2025,Provincial Bonds_Under 3 years,23682.307912,BOND,Provincial Bonds,Under 3 years
185,2025-06-01,6,2025,Asset-Backed Securities_All,831.976,BOND,Asset-Backed Securities,All
137,2025-06-01,6,2025,Corporate Bonds_3-10 years,28103.543255,BOND,Corporate Bonds,3-10 years
149,2025-06-01,6,2025,Corporate Bonds_Over 10 years,10774.425856,BOND,Corporate Bonds,Over 10 years
125,2025-06-01,6,2025,Corporate Bonds_Under 3 years,24758.567071,BOND,Corporate Bonds,Under 3 years
65,2025-06-01,6,2025,Federal Crown Corporation Bonds_3-10 years,57158.966565,BOND,Federal Crown Corporation Bonds,3-10 years
77,2025-06-01,6,2025,Federal Crown Corporation Bonds_Over 10 years,5352.502599,BOND,Federal Crown Corporation Bonds,Over 10 years
53,2025-06-01,6,2025,Federal Crown Corporation Bonds_Under 3 years,28562.146966,BOND,Federal Crown Corporation Bonds,Under 3 years
17,2025-06-01,6,2025,Government of Canada Bonds_3-10 years,834091.477883,BOND,Government of Canada Bonds,3-10 years
209,2025-06-01,6,2025,Government of Canada Bonds_All,224.611734,BOND,Government of Canada Bonds,All
29,2025-06-01,6,2025,Government of Canada Bonds_Over 10 years,122268.008413,BOND,Government of Canada Bonds,Over 10 years
41,2025-06-01,6,2025,Government of Canada Bonds_Real Return Bonds,516.180484,BOND,Government of Canada Bonds,Real Return Bonds
5,2025-06-01,6,2025,Government of Canada Bonds_Under 3 years,498121.933392,BOND,Government of Canada Bonds,Under 3 years
173,2025-06-01,6,2025,Mortgage Backed Securities_All,23143.703729,BOND,Mortgage Backed Securities,All
161,2025-06-01,6,2025,Municipal Bonds_All,4828.65657,BOND,Municipal Bonds,All
197,2025-06-01,6,2025,Other Domestic Bonds_All,714.0565,BOND,Other Domestic Bonds,All
233,2025-06-01,6,2025,Other_All,2485.952938,BOND,Other,All
101,2025-06-01,6,2025,Provincial Bonds_3-10 years,80105.813371,BOND,Provincial Bonds,3-10 years
221,2025-06-01,6,2025,Provincial Bonds_All,5747.165177,BOND,Provincial Bonds,All
113,2025-06-01,6,2025,Provincial Bonds_Over 10 years,55686.741599,BOND,Provincial Bonds,Over 10 years
89,2025-06-01,6,2025,Provincial Bonds_Under 3 years,19020.842357,BOND,Provincial Bonds,Under 3 years
186,2025-07-01,7,2025,Asset-Backed Securities_All,451.1825,BOND,Asset-Backed Securities,All
138,2025-07-01,7,2025,Corporate Bonds_3-10 years,26337.644931,BOND,Corporate Bonds,3-10 years
150,2025-07-01,7,2025,Corporate Bonds_Over 10 years,10335.824735,BOND,Corporate Bonds,Over 10 years
126,2025-07-01,7,2025,Corporate Bonds_Under 3 years,24012.698655,BOND,Corporate Bonds,Under 3 years
66,2025-07-01,7,2025,Federal Crown Corporation Bonds_3-10 years,36974.594106,BOND,Federal Crown Corporation Bonds,3-10 years
78,2025-07-01,7,2025,Federal Crown Corporation Bonds_Over 10 years,5738.133703,BOND,Federal Crown Corporation Bonds,Over 10 years
54,2025-07-01,7,2025,Federal Crown Corporation Bonds_Under 3 years,25921.530775,BOND,Federal Crown Corporation Bonds,Under 3 years
18,2025-07-01,7,2025,Government of Canada Bonds_3-10 years,603437.022403,BOND,Government of Canada Bonds,3-10 years
210,2025-07-01,7,2025,Government of Canada Bonds_All,241.846082,BOND,Government of Canada Bonds,All
30,2025-07-01,7,2025,Government of Canada Bonds_Over 10 years,114058.280929,BOND,Government of Canada Bonds,Over 10 years
42,2025-07-01,7,2025,Government of Canada Bonds_Real Return Bonds,825.738468,BOND,Government of Canada Bonds,Real Return Bonds
6,2025-07-01,7,2025,Government of Canada Bonds_Under 3 years,703278.109134,BOND,Government of Canada Bonds,Under 3 years
174,2025-07-01,7,2025,Mortgage Backed Securities_All,16601.834334,BOND,Mortgage Backed Securities,All
162,2025-07-01,7,2025,Municipal Bonds_All,3200.970082,BOND,Municipal Bonds,All
198,2025-07-01,7,2025,Other Domestic Bonds_All,421.0059,BOND,Other Domestic Bonds,All
234,2025-07-01,7,2025,Other_All,2154.740466,BOND,Other,All
102,2025-07-01,7,2025,Provincial Bonds_3-10 years,61559.594247,BOND,Provincial Bonds,3-10 years
222,2025-07-01,7,2025,Provincial Bonds_All,3228.01501,BOND,Provincial Bonds,All
114,2025-07-01,7,2025,Provincial Bonds_Over 10 years,47245.11516,BOND,Provincial Bonds,Over 10 years
90,2025-07-01,7,2025,Provincial Bonds_Under 3 years,20907.524171,BOND,Provincial Bonds,Under 3 years
187,2025-08-01,8,2025,Asset-Backed Securities_All,887.1803,BOND,Asset-Backed Securities,All
139,2025-08-01,8,2025,Corporate Bonds_3-10 years,22294.438549,BOND,Corporate Bonds,3-10 years
151,2025-08-01,8,2025,Corporate Bonds_Over 10 years,8853.573572,BOND,Corporate Bonds,Over 10 years
127,2025-08-01,8,2025,Corporate Bonds_Under 3 years,17509.869408,BOND,Corporate Bonds,Under 3 years
67,2025-08-01,8,2025,Federal Crown Corporation Bonds_3-10 years,45684.095447,BOND,Federal Crown Corporation Bonds,3-10 years
79,2025-08-01,8,2025,Federal Crown Corporation Bonds_Over 10 years,13842.725123,BOND,Federal Crown Corporation Bonds,Over 10 years
55,2025-08-01,8,2025,Federal Crown Corporation Bonds_Under 3 years,30411.426819,BOND,Federal Crown Corporation Bonds,Under 3 years
19,2025-08-01,8,2025,Government of Canada Bonds_3-10 years,626634.367664,BOND,Government of Canada Bonds,3-10 years
211,2025-08-01,8,2025,Government of Canada Bonds_All,256.631585,BOND,Government of Canada Bonds,All
31,2025-08-01,8,2025,Government of Canada Bonds_Over 10 years,97245.847471,BOND,Government of Canada Bonds,Over 10 years
43,2025-08-01,8,2025,Government of Canada Bonds_Real Return Bonds,633.913175,BOND,Government of Canada Bonds,Real Return Bonds
7,2025-08-01,8,2025,Government of Canada Bonds_Under 3 years,554264.971747,BOND,Government of Canada Bonds,Under 3 years
175,2025-08-01,8,2025,Mortgage Backed Securities_All,11551.146819,BOND,Mortgage Backed Securities,All
163,2025-08-01,8,2025,Municipal Bonds_All,2721.451673,BOND,Municipal Bonds,All
199,2025-08-01,8,2025,Other Domestic Bonds_All,368.151732,BOND,Other Domestic Bonds,All
235,2025-08-01,8,2025,Other_All,1883.925061,BOND,Other,All
103,2025-08-01,8,2025,Provincial Bonds_3-10 years,49415.21275,BOND,Provincial Bonds,3-10 years
223,2025-08-01,8,2025,Provincial Bonds_All,4050.590564,BOND,Provincial Bonds,All
115,2025-08-01,8,2025,Provincial Bonds_Over 10 years,48340.138642,BOND,Provincial Bonds,Over 10 years
91,2025-08-01,8,2025,Provincial Bonds_Under 3 years,15353.610904,BOND,Provincial Bonds,Under 3 years
188,2025-09-01,9,2025,Asset-Backed Securities_All,814.553464,BOND,Asset-Backed Securities,All
140,2025-09-01,9,2025,Corporate Bonds_3-10 years,31977.830305,BOND,Corporate Bonds,3-10 years
152,2025-09-01,9,2025,Corporate Bonds_Over 10 years,15238.392958,BOND,Corporate Bonds,Over 10 years
128,2025-09-01,9,2025,Corporate Bonds_Under 3 years,27179.51138,BOND,Corporate Bonds,Under 3 years
68,2025-09-01,9,2025,Federal Crown Corporation Bonds_3-10 years,99763.202282,BOND,Federal Crown Corporation Bonds,3-10 years
80,2025-09-01,9,2025,Federal Crown Corporation Bonds_Over 10 years,3337.089659,BOND,Federal Crown Corporation Bonds,Over 10 years
56,2025-09-01,9,2025,Federal Crown Corporation Bonds_Under 3 years,41751.90141,BOND,Federal Crown Corporation Bonds,Under 3 years
20,2025-09-01,9,2025,Government of Canada Bonds_3-10 years,810273.779668,BOND,Government of Canada Bonds,3-10 years
212,2025-09-01,9,2025,Government of Canada Bonds_All,75.443683,BOND,Government of Canada Bonds,All
32,2025-09-01,9,2025,Government of Canada Bonds_Over 10 years,123628.197343,BOND,Government of Canada Bonds,Over 10 years
44,2025-09-01,9,2025,Government of Canada Bonds_Real Return Bonds,953.763872,BOND,Government of Canada Bonds,Real Return Bonds
8,2025-09-01,9,2025,Government of Canada Bonds_Under 3 years,454503.743467,BOND,Government of Canada Bonds,Under 3 years
176,2025-09-01,9,2025,Mortgage Backed Securities_All,18112.873173,BOND,Mortgage Backed Securities,All
164,2025-09-01,9,2025,Municipal Bonds_All,3507.811127,BOND,Municipal Bonds,All
200,2025-09-01,9,2025,Other Domestic Bonds_All,307.58289,BOND,Other Domestic Bonds,All
236,2025-09-01,9,2025,Other_All,1545.696487,BOND,Other,All
104,2025-09-01,9,2025,Provincial Bonds_3-10 years,67200.66195,BOND,Provincial Bonds,3-10 years
224,2025-09-01,9,2025,Provincial Bonds_All,3521.183718,BOND,Provincial Bonds,All
116,2025-09-01,9,2025,Provincial Bonds_Over 10 years,53654.91837,BOND,Provincial Bonds,Over 10 years
92,2025-09-01,9,2025,Provincial Bonds_Under 3 years,23956.972018,BOND,Provincial Bonds,Under 3 years
189,2025-10-01,10,2025,Asset-Backed Securities_All,1493.62814,BOND,Asset-Backed Securities,All
141,2025-10-01,10,2025,Corporate Bonds_3-10 years,30899.491505,BOND,Corporate Bonds,3-10 years
153,2025-10-01,10,2025,Corporate Bonds_Over 10 years,9774.440938,BOND,Corporate Bonds,Over 10 years
129,2025-10-01,10,2025,Corporate Bonds_Under 3 years,26311.022895,BOND,Corporate Bonds,Under 3 years
69,2025-10-01,10,2025,Federal Crown Corporation Bonds_3-10 years,65238.690682,BOND,Federal Crown Corporation Bonds,3-10 years
81,2025-10-01,10,2025,Federal Crown Corporation Bonds_Over 10 years,81.995461,BOND,Federal Crown Corporation Bonds,Over 10 years
57,2025-10-01,10,2025,Federal Crown Corporation Bonds_Under 3 years,29865.301189,BOND,Federal Crown Corporation Bonds,Under 3 years
21,2025-10-01,10,2025,Government of Canada Bonds_3-10 years,728660.506054,BOND,Government of Canada Bonds,3-10 years
213,2025-10-01,10,2025,Government of Canada Bonds_All,278.47595,BOND,Government of Canada Bonds,All
33,2025-10-01,10,2025,Government of Canada Bonds_Over 10 years,150795.018795,BOND,Government of Canada Bonds,Over 10 years
45,2025-10-01,10,2025,Government of Canada Bonds_Real Return Bonds,760.361359,BOND,Government of Canada Bonds,Real Return Bonds
9,2025-10-01,10,2025,Government of Canada Bonds_Under 3 years,646844.701403,BOND,Government of Canada Bonds,Under 3 years
177,2025-10-01,10,2025,Mortgage Backed Securities_All,10785.516183,BOND,Mortgage Backed Securities,All
165,2025-10-01,10,2025,Municipal Bonds_All,4108.464579,BOND,Municipal Bonds,All
201,2025-10-01,10,2025,Other Domestic Bonds_All,349.117494,BOND,Other Domestic Bonds,All
237,2025-10-01,10,2025,Other_All,1643.73008,BOND,Other,All
105,2025-10-01,10,2025,Provincial Bonds_3-10 years,65560.585705,BOND,Provincial Bonds,3-10 years
225,2025-10-01,10,2025,Provincial Bonds_All,4429.518851,BOND,Provincial Bonds,All
117,2025-10-01,10,2025,Provincial Bonds_Over 10 years,74057.252143,BOND,Provincial Bonds,Over 10 years
93,2025-10-01,10,2025,Provincial Bonds_Under 3 years,21397.957893,BOND,Provincial Bonds,Under 3 years
190,2025-11-01,11,2025,Asset-Backed Securities_All,469.780996,BOND,Asset-Backed Securities,All
142,2025-11-01,11,2025,Corporate Bonds_3-10 years,23355.390743,BOND,Corporate Bonds,3-10 years
154,2025-11-01,11,2025,Corporate Bonds_Over 10 years,8651.231751,BOND,Corporate Bonds,Over 10 years
130,2025-11-01,11,2025,Corporate Bonds_Under 3 years,19794.853634,BOND,Corporate Bonds,Under 3 years
70,2025-11-01,11,2025,Federal Crown Corporation Bonds_3-10 years,70999.034837,BOND,Federal Crown Corporation Bonds,3-10 years
82,2025-11-01,11,2025,Federal Crown Corporation Bonds_Over 10 years,6135.493244,BOND,Federal Crown Corporation Bonds,Over 10 years
58,2025-11-01,11,2025,Federal Crown Corporation Bonds_Under 3 years,42190.349866,BOND,Federal Crown Corporation Bonds,Under 3 years
22,2025-11-01,11,2025,Government of Canada Bonds_3-10 years,758395.238612,BOND,Government of Canada Bonds,3-10 years
214,2025-11-01,11,2025,Government of Canada Bonds_All,337.408316,BOND,Government of Canada Bonds,All
34,2025-11-01,11,2025,Government of Canada Bonds_Over 10 years,128765.577488,BOND,Government of Canada Bonds,Over 10 years
46,2025-11-01,11,2025,Government of Canada Bonds_Real Return Bonds,1052.19172,BOND,Government of Canada Bonds,Real Return Bonds
10,2025-11-01,11,2025,Government of Canada Bonds_Under 3 years,622300.719317,BOND,Government of Canada Bonds,Under 3 years
178,2025-11-01,11,2025,Mortgage Backed Securities_All,17030.174994,BOND,Mortgage Backed Securities,All
166,2025-11-01,11,2025,Municipal Bonds_All,3177.779897,BOND,Municipal Bonds,All
202,2025-11-01,11,2025,Other Domestic Bonds_All,254.747471,BOND,Other Domestic Bonds,All
238,2025-11-01,11,2025,Other_All,1460.023646,BOND,Other,All
106,2025-11-01,11,2025,Provincial Bonds_3-10 years,60238.14046,BOND,Provincial Bonds,3-10 years
226,2025-11-01,11,2025,Provincial Bonds_All,3465.801577,BOND,Provincial Bonds,All
118,2025-11-01,11,2025,Provincial Bonds_Over 10 years,57073.243286,BOND,Provincial Bonds,Over 10 years
94,2025-11-01,11,2025,Provincial Bonds_Under 3 years,17023.201815,BOND,Provincial Bonds,Under 3 years
191,2025-12-01,12,2025,Asset-Backed Securities_All,723.7905,BOND,Asset-Backed Securities,All
143,2025-12-01,12,2025,Corporate Bonds_3-10 years,26518.168034,BOND,Corporate Bonds,3-10 years
155,2025-12-01,12,2025,Corporate Bonds_Over 10 years,9711.82375,BOND,Corporate Bonds,Over 10 years
131,2025-12-01,12,2025,Corporate Bonds_Under 3 years,27430.74142,BOND,Corporate Bonds,Under 3 years
71,2025-12-01,12,2025,Federal Crown Corporation Bonds_3-10 years,73555.474283,BOND,Federal Crown Corporation Bonds,3-10 years
83,2025-12-01,12,2025,Federal Crown Corporation Bonds_Over 10 years,6540.549385,BOND,Federal Crown Corporation Bonds,Over 10 years
59,2025-12-01,12,2025,Federal Crown Corporation Bonds_Under 3 years,25642.299064,BOND,Federal Crown Corporation Bonds,Under 3 years
23,2025-12-01,12,2025,Government of Canada Bonds_3-10 years,875108.240136,BOND,Government of Canada Bonds,3-10 years
215,2025-12-01,12,2025,Government of Canada Bonds_All,302.132196,BOND,Government of Canada Bonds,All
35,2025-12-01,12,2025,Government of Canada Bonds_Over 10 years,128421.35349,BOND,Government of Canada Bonds,Over 10 years
47,2025-12-01,12,2025,Government of Canada Bonds_Real Return Bonds,2222.98,BOND,Government of Canada Bonds,Real Return Bonds
11,2025-12-01,12,2025,Government of Canada Bonds_Under 3 years,429087.748647,BOND,Government of Canada Bonds,Under 3 years
179,2025-12-01,12,2025,Mortgage Backed Securities_All,17674.98511,BOND,Mortgage Backed Securities,All
167,2025-12-01,12,2025,Municipal Bonds_All,2612.193836,BOND,Municipal Bonds,All
203,2025-12-01,12,2025,Other Domestic Bonds_All,216.3667,BOND,Other Domestic Bonds,All
239,2025-12-01,12,2025,Other_All,2137.576112,BOND,Other,All
107,2025-12-01,12,2025,Provincial Bonds_3-10 years,69436.837504,BOND,Provincial Bonds,3-10 years
227,2025-12-01,12,2025,Provincial Bonds_All,6152.231977,BOND,Provincial Bonds,All
119,2025-12-01,12,2025,Provincial Bonds_Over 10 years,52542.960157,BOND,Provincial Bonds,Over 10 years
95,2025-12-01,12,2025,Provincial Bonds_Under 3 years,12899.895387,BOND,Provincial Bonds,Under 3 years
