,date,month,year,instruments,volume,Segment,AssetClass,Duration
12,2018-01-01,1,2018,Corporate Bonds_Anonymous Systems: IDBBs and ATSs,3623,CORP,Corporate Bonds,Anonymous Systems: IDBBs and ATSs
24,2018-01-01,1,2018,Corporate Bonds_Banks,2027,CORP,Corporate Bonds,Banks
36,2018-01-01,1,2018,Corporate Bonds_Institutional Clients,38740,CORP,Corporate Bonds,Institutional Clients
0,2018-01-01,1,2018,Corporate Bonds_Investment Dealers,3650,CORP,Corporate Bonds,Investment Dealers
72,2018-01-01,1,2018,Corporate Bonds_Issuer,16,CORP,Corporate Bonds,Issuer
60,2018-01-01,1,2018,Corporate Bonds_Non-Residents,8038,CORP,Corporate Bonds,Non-Residents
48,2018-01-01,1,2018,Corporate Bonds_Retail Clients,1446,CORP,Corporate Bonds,Retail Clients
96,2018-01-01,1,2018,Other Domestic Bonds_Anonymous Systems: IDBBs and ATSs,0,CORP,Other Domestic Bonds,Anonymous Systems: IDBBs and ATSs
108,2018-01-01,1,2018,Other Domestic Bonds_Banks,23,CORP,Other Domestic Bonds,Banks
120,2018-01-01,1,2018,Other Domestic Bonds_Institutional Clients,715,CORP,Other Domestic Bonds,Institutional Clients
84,2018-01-01,1,2018,Other Domestic Bonds_Investment Dealers,9,CORP,Other Domestic Bonds,Investment Dealers
156,2018-01-01,1,2018,Other Domestic Bonds_Issuer,0.0,CORP,Other Domestic Bonds,Issuer
144,2018-01-01,1,2018,Other Domestic Bonds_Non-Residents,663,CORP,Other Domestic Bonds,Non-Residents
132,2018-01-01,1,2018,Other Domestic Bonds_Retail Clients,6,CORP,Other Domestic Bonds,Retail Clients
13,2018-02-01,2,2018,Corporate Bonds_Anonymous Systems: IDBBs and ATSs,2664,CORP,Corporate Bonds,Anonymous Systems: IDBBs and ATSs
25,2018-02-01,2,2018,Corporate Bonds_Banks,1221,CORP,Corporate Bonds,Banks
37,2018-02-01,2,2018,Corporate Bonds_Institutional Clients,32972,CORP,Corporate Bonds,Institutional Clients
1,2018-02-01,2,2018,Corporate Bonds_Investment Dealers,2381,CORP,Corporate Bonds,Investment Dealers
73,2018-02-01,2,2018,Corporate Bonds_Issuer,21,CORP,Corporate Bonds,Issuer
61,2018-02-01,2,2018,Corporate Bonds_Non-Residents,3758,CORP,Corporate Bonds,Non-Residents
49,2018-02-01,2,2018,Corporate Bonds_Retail Clients,1153,CORP,Corporate Bonds,Retail Clients
97,2018-02-01,2,2018,Other Domestic Bonds_Anonymous Systems: IDBBs and ATSs,0,CORP,Other Domestic Bonds,Anonymous Systems: IDBBs and ATSs
109,2018-02-01,2,2018,Other Domestic Bonds_Banks,0,CORP,Other Domestic Bonds,Banks
121,2018-02-01,2,2018,Other Domestic Bonds_Institutional Clients,29,CORP,Other Domestic Bonds,Institutional Clients
85,2018-02-01,2,2018,Other Domestic Bonds_Investment Dealers,10,CORP,Other Domestic Bonds,Investment Dealers
157,2018-02-01,2,2018,Other Domestic Bonds_Issuer,810.0,CORP,Other Domestic Bonds,Issuer
145,2018-02-01,2,2018,Other Domestic Bonds_Non-Residents,287,CORP,Other Domestic Bonds,Non-Residents
133,2018-02-01,2,2018,Other Domestic Bonds_Retail Clients,2,CORP,Other Domestic Bonds,Retail Clients
14,2018-03-01,3,2018,Corporate Bonds_Anonymous Systems: IDBBs and ATSs,2455,CORP,Corporate Bonds,Anonymous Systems: IDBBs and ATSs
26,2018-03-01,3,2018,Corporate Bonds_Banks,869,CORP,Corporate Bonds,Banks
38,2018-03-01,3,2018,Corporate Bonds_Institutional Clients,35330,CORP,Corporate Bonds,Institutional Clients
2,2018-03-01,3,2018,Corporate Bonds_Investment Dealers,2610,CORP,Corporate Bonds,Investment Dealers
74,2018-03-01,3,2018,Corporate Bonds_Issuer,184,CORP,Corporate Bonds,Issuer
62,2018-03-01,3,2018,Corporate Bonds_Non-Residents,5742,CORP,Corporate Bonds,Non-Residents
50,2018-03-01,3,2018,Corporate Bonds_Retail Clients,1573,CORP,Corporate Bonds,Retail Clients
98,2018-03-01,3,2018,Other Domestic Bonds_Anonymous Systems: IDBBs and ATSs,0,CORP,Other Domestic Bonds,Anonymous Systems: IDBBs and ATSs
110,2018-03-01,3,2018,Other Domestic Bonds_Banks,2,CORP,Other Domestic Bonds,Banks
122,2018-03-01,3,2018,Other Domestic Bonds_Institutional Clients,72,CORP,Other Domestic Bonds,Institutional Clients
86,2018-03-01,3,2018,Other Domestic Bonds_Investment Dealers,1,CORP,Other Domestic Bonds,Investment Dealers
158,2018-03-01,3,2018,Other Domestic Bonds_Issuer,0.0,CORP,Other Domestic Bonds,Issuer
146,2018-03-01,3,2018,Other Domestic Bonds_Non-Residents,261,CORP,Other Domestic Bonds,Non-Residents
134,2018-03-01,3,2018,Other Domestic Bonds_Retail Clients,3,CORP,Other Domestic Bonds,Retail Clients
15,2018-04-01,4,2018,Corporate Bonds_Anonymous Systems: IDBBs and ATSs,2109,CORP,Corporate Bonds,Anonymous Systems: IDBBs and ATSs
27,2018-04-01,4,2018,Corporate Bonds_Banks,1600,CORP,Corporate Bonds,Banks
39,2018-04-01,4,2018,Corporate Bonds_Institutional Clients,34293,CORP,Corporate Bonds,Institutional Clients
3,2018-04-01,4,2018,Corporate Bonds_Investment Dealers,2566,CORP,Corporate Bonds,Investment Dealers
75,2018-04-01,4,2018,Corporate Bonds_Issuer,45,CORP,Corporate Bonds,Issuer
63,2018-04-01,4,2018,Corporate Bonds_Non-Residents,5699,CORP,Corporate Bonds,Non-Residents
51,2018-04-01,4,2018,Corporate Bonds_Retail Clients,1370,CORP,Corporate Bonds,Retail Clients
99,2018-04-01,4,2018,Other Domestic Bonds_Anonymous Systems: IDBBs and ATSs,0,CORP,Other Domestic Bonds,Anonymous Systems: IDBBs and ATSs
111,2018-04-01,4,2018,Other Domestic Bonds_Banks,26,CORP,Other Domestic Bonds,Banks
123,2018-04-01,4,2018,Other Domestic Bonds_Institutional Clients,215,CORP,Other Domestic Bonds,Institutional Clients
87,2018-04-01,4,2018,Other Domestic Bonds_Investment Dealers,27,CORP,Other Domestic Bonds,Investment Dealers
159,2018-04-01,4,2018,Other Domestic Bonds_Issuer,0.0,CORP,Other Domestic Bonds,Issuer
147,2018-04-01,4,2018,Other Domestic Bonds_Non-Residents,891,CORP,Other Domestic Bonds,Non-Residents
135,2018-04-01,4,2018,Other Domestic Bonds_Retail Clients,1,CORP,Other Domestic Bonds,Retail Clients
16,2018-05-01,5,2018,Corporate Bonds_Anonymous Systems: IDBBs and ATSs,2157,CORP,Corporate Bonds,Anonymous Systems: IDBBs and ATSs
28,2018-05-01,5,2018,Corporate Bonds_Banks,1440,CORP,Corporate Bonds,Banks
40,2018-05-01,5,2018,Corporate Bonds_Institutional Clients,42201,CORP,Corporate Bonds,Institutional Clients
4,2018-05-01,5,2018,Corporate Bonds_Investment Dealers,3211,CORP,Corporate Bonds,Investment Dealers
76,2018-05-01,5,2018,Corporate Bonds_Issuer,27,CORP,Corporate Bonds,Issuer
64,2018-05-01,5,2018,Corporate Bonds_Non-Residents,4722,CORP,Corporate Bonds,Non-Residents
52,2018-05-01,5,2018,Corporate Bonds_Retail Clients,1706,CORP,Corporate Bonds,Retail Clients
100,2018-05-01,5,2018,Other Domestic Bonds_Anonymous Systems: IDBBs and ATSs,0,CORP,Other Domestic Bonds,Anonymous Systems: IDBBs and ATSs
112,2018-05-01,5,2018,Other Domestic Bonds_Banks,23,CORP,Other Domestic Bonds,Banks
124,2018-05-01,5,2018,Other Domestic Bonds_Institutional Clients,53,CORP,Other Domestic Bonds,Institutional Clients
88,2018-05-01,5,2018,Other Domestic Bonds_Investment Dealers,31,CORP,Other Domestic Bonds,Investment Dealers
160,2018-05-01,5,2018,Other Domestic Bonds_Issuer,7032.0,CORP,Other Domestic Bonds,Issuer
148,2018-05-01,5,2018,Other Domestic Bonds_Non-Residents,398,CORP,Other Domestic Bonds,Non-Residents
136,2018-05-01,5,2018,Other Domestic Bonds_Retail Clients,5,CORP,Other Domestic Bonds,Retail Clients
17,2018-06-01,6,2018,Corporate Bonds_Anonymous Systems: IDBBs and ATSs,1815,CORP,Corporate Bonds,Anonymous Systems: IDBBs and ATSs
29,2018-06-01,6,2018,Corporate Bonds_Banks,1715,CORP,Corporate Bonds,Banks
41,2018-06-01,6,2018,Corporate Bonds_Institutional Clients,37841,CORP,Corporate Bonds,Institutional Clients
5,2018-06-01,6,2018,Corporate Bonds_Investment Dealers,3347,CORP,Corporate Bonds,Investment Dealers
77,2018-06-01,6,2018,Corporate Bonds_Issuer,13,CORP,Corporate Bonds,Issuer
65,2018-06-01,6,2018,Corporate Bonds_Non-Residents,7422,CORP,Corporate Bonds,Non-Residents
53,2018-06-01,6,2018,Corporate Bonds_Retail Clients,1545,CORP,Corporate Bonds,Retail Clients
101,2018-06-01,6,2018,Other Domestic Bonds_Anonymous Systems: IDBBs and ATSs,3,CORP,Other Domestic Bonds,Anonymous Systems: IDBBs and ATSs
113,2018-06-01,6,2018,Other Domestic Bonds_Banks,67,CORP,Other Domestic Bonds,Banks
125,2018-06-01,6,2018,Other Domestic Bonds_Institutional Clients,1225,CORP,Other Domestic Bonds,Institutional Clients
89,2018-06-01,6,2018,Other Domestic Bonds_Investment Dealers,57,CORP,Other Domestic Bonds,Investment Dealers
161,2018-06-01,6,2018,Other Domestic Bonds_Issuer,12469.0,CORP,Other Domestic Bonds,Issuer
149,2018-06-01,6,2018,Other Domestic Bonds_Non-Residents,251,CORP,Other Domestic Bonds,Non-Residents
137,2018-06-01,6,2018,Other Domestic Bonds_Retail Clients,6,CORP,Other Domestic Bonds,Retail Clients
18,2018-07-01,7,2018,Corporate Bonds_Anonymous Systems: IDBBs and ATSs,1729,CORP,Corporate Bonds,Anonymous Systems: IDBBs and ATSs
30,2018-07-01,7,2018,Corporate Bonds_Banks,1358,CORP,Corporate Bonds,Banks
42,2018-07-01,7,2018,Corporate Bonds_Institutional Clients,35499,CORP,Corporate Bonds,Institutional Clients
6,2018-07-01,7,2018,Corporate Bonds_Investment Dealers,2805,CORP,Corporate Bonds,Investment Dealers
78,2018-07-01,7,2018,Corporate Bonds_Issuer,64,CORP,Corporate Bonds,Issuer
66,2018-07-01,7,2018,Corporate Bonds_Non-Residents,7910,CORP,Corporate Bonds,Non-Residents
54,2018-07-01,7,2018,Corporate Bonds_Retail Clients,1487,CORP,Corporate Bonds,Retail Clients
102,2018-07-01,7,2018,Other Domestic Bonds_Anonymous Systems: IDBBs and ATSs,0,CORP,Other Domestic Bonds,Anonymous Systems: IDBBs and ATSs
114,2018-07-01,7,2018,Other Domestic Bonds_Banks,24,CORP,Other Domestic Bonds,Banks
126,2018-07-01,7,2018,Other Domestic Bonds_Institutional Clients,90,CORP,Other Domestic Bonds,Institutional Clients
90,2018-07-01,7,2018,Other Domestic Bonds_Investment Dealers,23,CORP,Other Domestic Bonds,Investment Dealers
162,2018-07-01,7,2018,Other Domestic Bonds_Issuer,0.0,CORP,Other Domestic Bonds,Issuer
150,2018-07-01,7,2018,Other Domestic Bonds_Non-Residents,112,CORP,Other Domestic Bonds,Non-Residents
138,2018-07-01,7,2018,Other Domestic Bonds_Retail Clients,11,CORP,Other Domestic Bonds,Retail Clients
19,2018-08-01,8,2018,Corporate Bonds_Anonymous Systems: IDBBs and ATSs,1613,CORP,Corporate Bonds,Anonymous Systems: IDBBs and ATSs
31,2018-08-01,8,2018,Corporate Bonds_Banks,1118,CORP,Corporate Bonds,Banks
43,2018-08-01,8,2018,Corporate Bonds_Institutional Clients,33531,CORP,Corporate Bonds,Institutional Clients
7,2018-08-01,8,2018,Corporate Bonds_Investment Dealers,2304,CORP,Corporate Bonds,Investment Dealers
79,2018-08-01,8,2018,Corporate Bonds_Issuer,565,CORP,Corporate Bonds,Issuer
67,2018-08-01,8,2018,Corporate Bonds_Non-Residents,5923,CORP,Corporate Bonds,Non-Residents
55,2018-08-01,8,2018,Corporate Bonds_Retail Clients,1491,CORP,Corporate Bonds,Retail Clients
103,2018-08-01,8,2018,Other Domestic Bonds_Anonymous Systems: IDBBs and ATSs,0,CORP,Other Domestic Bonds,Anonymous Systems: IDBBs and ATSs
115,2018-08-01,8,2018,Other Domestic Bonds_Banks,9,CORP,Other Domestic Bonds,Banks
127,2018-08-01,8,2018,Other Domestic Bonds_Institutional Clients,31,CORP,Other Domestic Bonds,Institutional Clients
91,2018-08-01,8,2018,Other Domestic Bonds_Investment Dealers,2,CORP,Other Domestic Bonds,Investment Dealers
163,2018-08-01,8,2018,Other Domestic Bonds_Issuer,0.0,CORP,Other Domestic Bonds,Issuer
151,2018-08-01,8,2018,Other Domestic Bonds_Non-Residents,150,CORP,Other Domestic Bonds,Non-Residents
139,2018-08-01,8,2018,Other Domestic Bonds_Retail Clients,5,CORP,Other Domestic Bonds,Retail Clients
20,2018-09-01,9,2018,Corporate Bonds_Anonymous Systems: IDBBs and ATSs,5008,CORP,Corporate Bonds,Anonymous Systems: IDBBs and ATSs
32,2018-09-01,9,2018,Corporate Bonds_Banks,1081,CORP,Corporate Bonds,Banks
44,2018-09-01,9,2018,Corporate Bonds_Institutional Clients,35094,CORP,Corporate Bonds,Institutional Clients
8,2018-09-01,9,2018,Corporate Bonds_Investment Dealers,2335,CORP,Corporate Bonds,Investment Dealers
80,2018-09-01,9,2018,Corporate Bonds_Issuer,14,CORP,Corporate Bonds,Issuer
68,2018-09-01,9,2018,Corporate Bonds_Non-Residents,5457,CORP,Corporate Bonds,Non-Residents
56,2018-09-01,9,2018,Corporate Bonds_Retail Clients,1464,CORP,Corporate Bonds,Retail Clients
104,2018-09-01,9,2018,Other Domestic Bonds_Anonymous Systems: IDBBs and ATSs,0,CORP,Other Domestic Bonds,Anonymous Systems: IDBBs and ATSs
116,2018-09-01,9,2018,Other Domestic Bonds_Banks,20,CORP,Other Domestic Bonds,Banks
128,2018-09-01,9,2018,Other Domestic Bonds_Institutional Clients,355,CORP,Other Domestic Bonds,Institutional Clients
92,2018-09-01,9,2018,Other Domestic Bonds_Investment Dealers,10,CORP,Other Domestic Bonds,Investment Dealers
164,2018-09-01,9,2018,Other Domestic Bonds_Issuer,0.0,CORP,Other Domestic Bonds,Issuer
152,2018-09-01,9,2018,Other Domestic Bonds_Non-Residents,227,CORP,Other Domestic Bonds,Non-Residents
140,2018-09-01,9,2018,Other Domestic Bonds_Retail Clients,105,CORP,Other Domestic Bonds,Retail Clients
21,2018-10-01,10,2018,Corporate Bonds_Anonymous Systems: IDBBs and ATSs,2659,CORP,Corporate Bonds,Anonymous Systems: IDBBs and ATSs
33,2018-10-01,10,2018,Corporate Bonds_Banks,1585,CORP,Corporate Bonds,Banks
45,2018-10-01,10,2018,Corporate Bonds_Institutional Clients,35077,CORP,Corporate Bonds,Institutional Clients
9,2018-10-01,10,2018,Corporate Bonds_Investment Dealers,3515,CORP,Corporate Bonds,Investment Dealers
81,2018-10-01,10,2018,Corporate Bonds_Issuer,10,CORP,Corporate Bonds,Issuer
69,2018-10-01,10,2018,Corporate Bonds_Non-Residents,5503,CORP,Corporate Bonds,Non-Residents
57,2018-10-01,10,2018,Corporate Bonds_Retail Clients,1458,CORP,Corporate Bonds,Retail Clients
105,2018-10-01,10,2018,Other Domestic Bonds_Anonymous Systems: IDBBs and ATSs,0,CORP,Other Domestic Bonds,Anonymous Systems: IDBBs and ATSs
117,2018-10-01,10,2018,Other Domestic Bonds_Banks,57,CORP,Other Domestic Bonds,Banks
129,2018-10-01,10,2018,Other Domestic Bonds_Institutional Clients,176,CORP,Other Domestic Bonds,Institutional Clients
93,2018-10-01,10,2018,Other Domestic Bonds_Investment Dealers,63,CORP,Other Domestic Bonds,Investment Dealers
165,2018-10-01,10,2018,Other Domestic Bonds_Issuer,0.0,CORP,Other Domestic Bonds,Issuer
153,2018-10-01,10,2018,Other Domestic Bonds_Non-Residents,399,CORP,Other Domestic Bonds,Non-Residents
141,2018-10-01,10,2018,Other Domestic Bonds_Retail Clients,79,CORP,Other Domestic Bonds,Retail Clients
22,2018-11-01,11,2018,Corporate Bonds_Anonymous Systems: IDBBs and ATSs,2038,CORP,Corporate Bonds,Anonymous Systems: IDBBs and ATSs
34,2018-11-01,11,2018,Corporate Bonds_Banks,907,CORP,Corporate Bonds,Banks
46,2018-11-01,11,2018,Corporate Bonds_Institutional Clients,27546,CORP,Corporate Bonds,Institutional Clients
10,2018-11-01,11,2018,Corporate Bonds_Investment Dealers,2201,CORP,Corporate Bonds,Investment Dealers
82,2018-11-01,11,2018,Corporate Bonds_Issuer,82,CORP,Corporate Bonds,Issuer
70,2018-11-01,11,2018,Corporate Bonds_Non-Residents,4134,CORP,Corporate Bonds,Non-Residents
58,2018-11-01,11,2018,Corporate Bonds_Retail Clients,1430,CORP,Corporate Bonds,Retail Clients
106,2018-11-01,11,2018,Other Domestic Bonds_Anonymous Systems: IDBBs and ATSs,0,CORP,Other Domestic Bonds,Anonymous Systems: IDBBs and ATSs
118,2018-11-01,11,2018,Other Domestic Bonds_Banks,27,CORP,Other Domestic Bonds,Banks
130,2018-11-01,11,2018,Other Domestic Bonds_Institutional Clients,96,CORP,Other Domestic Bonds,Institutional Clients
94,2018-11-01,11,2018,Other Domestic Bonds_Investment Dealers,95,CORP,Other Domestic Bonds,Investment Dealers
166,2018-11-01,11,2018,Other Domestic Bonds_Issuer,0.0,CORP,Other Domestic Bonds,Issuer
154,2018-11-01,11,2018,Other Domestic Bonds_Non-Residents,135,CORP,Other Domestic Bonds,Non-Residents
142,2018-11-01,11,2018,Other Domestic Bonds_Retail Clients,78,CORP,Other Domestic Bonds,Retail Clients
23,2018-12-01,12,2018,Corporate Bonds_Anonymous Systems: IDBBs and ATSs,1324,CORP,Corporate Bonds,Anonymous Systems: IDBBs and ATSs
35,2018-12-01,12,2018,Corporate Bonds_Banks,1168,CORP,Corporate Bonds,Banks
47,2018-12-01,12,2018,Corporate Bonds_Institutional Clients,26512,CORP,Corporate Bonds,Institutional Clients
11,2018-12-01,12,2018,Corporate Bonds_Investment Dealers,2039,CORP,Corporate Bonds,Investment Dealers
83,2018-12-01,12,2018,Corporate Bonds_Issuer,1,CORP,Corporate Bonds,Issuer
71,2018-12-01,12,2018,Corporate Bonds_Non-Residents,4487,CORP,Corporate Bonds,Non-Residents
59,2018-12-01,12,2018,Corporate Bonds_Retail Clients,1401,CORP,Corporate Bonds,Retail Clients
107,2018-12-01,12,2018,Other Domestic Bonds_Anonymous Systems: IDBBs and ATSs,0,CORP,Other Domestic Bonds,Anonymous Systems: IDBBs and ATSs
119,2018-12-01,12,2018,Other Domestic Bonds_Banks,16,CORP,Other Domestic Bonds,Banks
131,2018-12-01,12,2018,Other Domestic Bonds_Institutional Clients,15,CORP,Other Domestic Bonds,Institutional Clients
95,2018-12-01,12,2018,Other Domestic Bonds_Investment Dealers,17,CORP,Other Domestic Bonds,Investment Dealers
167,2018-12-01,12,2018,Other Domestic Bonds_Issuer,0.0,CORP,Other Domestic Bonds,Issuer
155,2018-12-01,12,2018,Other Domestic Bonds_Non-Residents,106,CORP,Other Domestic Bonds,Non-Residents
143,2018-12-01,12,2018,Other Domestic Bonds_Retail Clients,67,CORP,Other Domestic Bonds,Retail Clients
12,2019-01-01,1,2019,Corporate Bonds_Anonymous Systems: IDBBs and ATSs,5730,CORP,Corporate Bonds,Anonymous Systems: IDBBs and ATSs
24,2019-01-01,1,2019,Corporate Bonds_Banks,3606,CORP,Corporate Bonds,Banks
36,2019-01-01,1,2019,Corporate Bonds_Institutional Clients,37944,CORP,Corporate Bonds,Institutional Clients
0,2019-01-01,1,2019,Corporate Bonds_Investment Dealers,4579,CORP,Corporate Bonds,Investment Dealers
72,2019-01-01,1,2019,Corporate Bonds_Issuer,14,CORP,Corporate Bonds,Issuer
60,2019-01-01,1,2019,Corporate Bonds_Non-Residents,9387,CORP,Corporate Bonds,Non-Residents
48,2019-01-01,1,2019,Corporate Bonds_Retail Clients,1650,CORP,Corporate Bonds,Retail Clients
96,2019-01-01,1,2019,Other Domestic Bonds_Anonymous Systems: IDBBs and ATSs,0,CORP,Other Domestic Bonds,Anonymous Systems: IDBBs and ATSs
108,2019-01-01,1,2019,Other Domestic Bonds_Banks,211,CORP,Other Domestic Bonds,Banks
120,2019-01-01,1,2019,Other Domestic Bonds_Institutional Clients,130,CORP,Other Domestic Bonds,Institutional Clients
84,2019-01-01,1,2019,Other Domestic Bonds_Investment Dealers,257,CORP,Other Domestic Bonds,Investment Dealers
156,2019-01-01,1,2019,Other Domestic Bonds_Issuer,0.0,CORP,Other Domestic Bonds,Issuer
144,2019-01-01,1,2019,Other Domestic Bonds_Non-Residents,1523,CORP,Other Domestic Bonds,Non-Residents
132,2019-01-01,1,2019,Other Domestic Bonds_Retail Clients,10,CORP,Other Domestic Bonds,Retail Clients
13,2019-02-01,2,2019,Corporate Bonds_Anonymous Systems: IDBBs and ATSs,3458,CORP,Corporate Bonds,Anonymous Systems: IDBBs and ATSs
25,2019-02-01,2,2019,Corporate Bonds_Banks,2825,CORP,Corporate Bonds,Banks
37,2019-02-01,2,2019,Corporate Bonds_Institutional Clients,33909,CORP,Corporate Bonds,Institutional Clients
1,2019-02-01,2,2019,Corporate Bonds_Investment Dealers,3779,CORP,Corporate Bonds,Investment Dealers
73,2019-02-01,2,2019,Corporate Bonds_Issuer,41,CORP,Corporate Bonds,Issuer
61,2019-02-01,2,2019,Corporate Bonds_Non-Residents,7068,CORP,Corporate Bonds,Non-Residents
49,2019-02-01,2,2019,Corporate Bonds_Retail Clients,1299,CORP,Corporate Bonds,Retail Clients
97,2019-02-01,2,2019,Other Domestic Bonds_Anonymous Systems: IDBBs and ATSs,0,CORP,Other Domestic Bonds,Anonymous Systems: IDBBs and ATSs
109,2019-02-01,2,2019,Other Domestic Bonds_Banks,99,CORP,Other Domestic Bonds,Banks
121,2019-02-01,2,2019,Other Domestic Bonds_Institutional Clients,604,CORP,Other Domestic Bonds,Institutional Clients
85,2019-02-01,2,2019,Other Domestic Bonds_Investment Dealers,566,CORP,Other Domestic Bonds,Investment Dealers
157,2019-02-01,2,2019,Other Domestic Bonds_Issuer,0.0,CORP,Other Domestic Bonds,Issuer
145,2019-02-01,2,2019,Other Domestic Bonds_Non-Residents,3685,CORP,Other Domestic Bonds,Non-Residents
133,2019-02-01,2,2019,Other Domestic Bonds_Retail Clients,11,CORP,Other Domestic Bonds,Retail Clients
14,2019-03-01,3,2019,Corporate Bonds_Anonymous Systems: IDBBs and ATSs,2445,CORP,Corporate Bonds,Anonymous Systems: IDBBs and ATSs
26,2019-03-01,3,2019,Corporate Bonds_Banks,2729,CORP,Corporate Bonds,Banks
38,2019-03-01,3,2019,Corporate Bonds_Institutional Clients,37941,CORP,Corporate Bonds,Institutional Clients
2,2019-03-01,3,2019,Corporate Bonds_Investment Dealers,3575,CORP,Corporate Bonds,Investment Dealers
74,2019-03-01,3,2019,Corporate Bonds_Issuer,21,CORP,Corporate Bonds,Issuer
62,2019-03-01,3,2019,Corporate Bonds_Non-Residents,6669,CORP,Corporate Bonds,Non-Residents
50,2019-03-01,3,2019,Corporate Bonds_Retail Clients,1710,CORP,Corporate Bonds,Retail Clients
98,2019-03-01,3,2019,Other Domestic Bonds_Anonymous Systems: IDBBs and ATSs,0,CORP,Other Domestic Bonds,Anonymous Systems: IDBBs and ATSs
110,2019-03-01,3,2019,Other Domestic Bonds_Banks,80,CORP,Other Domestic Bonds,Banks
122,2019-03-01,3,2019,Other Domestic Bonds_Institutional Clients,215,CORP,Other Domestic Bonds,Institutional Clients
86,2019-03-01,3,2019,Other Domestic Bonds_Investment Dealers,28,CORP,Other Domestic Bonds,Investment Dealers
158,2019-03-01,3,2019,Other Domestic Bonds_Issuer,27.0,CORP,Other Domestic Bonds,Issuer
146,2019-03-01,3,2019,Other Domestic Bonds_Non-Residents,502,CORP,Other Domestic Bonds,Non-Residents
134,2019-03-01,3,2019,Other Domestic Bonds_Retail Clients,28,CORP,Other Domestic Bonds,Retail Clients
15,2019-04-01,4,2019,Corporate Bonds_Anonymous Systems: IDBBs and ATSs,1726,CORP,Corporate Bonds,Anonymous Systems: IDBBs and ATSs
27,2019-04-01,4,2019,Corporate Bonds_Banks,1333,CORP,Corporate Bonds,Banks
39,2019-04-01,4,2019,Corporate Bonds_Institutional Clients,35248,CORP,Corporate Bonds,Institutional Clients
3,2019-04-01,4,2019,Corporate Bonds_Investment Dealers,3319,CORP,Corporate Bonds,Investment Dealers
75,2019-04-01,4,2019,Corporate Bonds_Issuer,42,CORP,Corporate Bonds,Issuer
63,2019-04-01,4,2019,Corporate Bonds_Non-Residents,5221,CORP,Corporate Bonds,Non-Residents
51,2019-04-01,4,2019,Corporate Bonds_Retail Clients,1497,CORP,Corporate Bonds,Retail Clients
99,2019-04-01,4,2019,Other Domestic Bonds_Anonymous Systems: IDBBs and ATSs,0,CORP,Other Domestic Bonds,Anonymous Systems: IDBBs and ATSs
111,2019-04-01,4,2019,Other Domestic Bonds_Banks,8,CORP,Other Domestic Bonds,Banks
123,2019-04-01,4,2019,Other Domestic Bonds_Institutional Clients,478,CORP,Other Domestic Bonds,Institutional Clients
87,2019-04-01,4,2019,Other Domestic Bonds_Investment Dealers,115,CORP,Other Domestic Bonds,Investment Dealers
159,2019-04-01,4,2019,Other Domestic Bonds_Issuer,55.0,CORP,Other Domestic Bonds,Issuer
147,2019-04-01,4,2019,Other Domestic Bonds_Non-Residents,213,CORP,Other Domestic Bonds,Non-Residents
135,2019-04-01,4,2019,Other Domestic Bonds_Retail Clients,83,CORP,Other Domestic Bonds,Retail Clients
16,2019-05-01,5,2019,Corporate Bonds_Anonymous Systems: IDBBs and ATSs,1492,CORP,Corporate Bonds,Anonymous Systems: IDBBs and ATSs
28,2019-05-01,5,2019,Corporate Bonds_Banks,1386,CORP,Corporate Bonds,Banks
40,2019-05-01,5,2019,Corporate Bonds_Institutional Clients,32315,CORP,Corporate Bonds,Institutional Clients
4,2019-05-01,5,2019,Corporate Bonds_Investment Dealers,3528,CORP,Corporate Bonds,Investment Dealers
76,2019-05-01,5,2019,Corporate Bonds_Issuer,37,CORP,Corporate Bonds,Issuer
64,2019-05-01,5,2019,Corporate Bonds_Non-Residents,4686,CORP,Corporate Bonds,Non-Residents
52,2019-05-01,5,2019,Corporate Bonds_Retail Clients,1336,CORP,Corporate Bonds,Retail Clients
100,2019-05-01,5,2019,Other Domestic Bonds_Anonymous Systems: IDBBs and ATSs,0,CORP,Other Domestic Bonds,Anonymous Systems: IDBBs and ATSs
112,2019-05-01,5,2019,Other Domestic Bonds_Banks,43,CORP,Other Domestic Bonds,Banks
124,2019-05-01,5,2019,Other Domestic Bonds_Institutional Clients,214,CORP,Other Domestic Bonds,Institutional Clients
88,2019-05-01,5,2019,Other Domestic Bonds_Investment Dealers,186,CORP,Other Domestic Bonds,Investment Dealers
160,2019-05-01,5,2019,Other Domestic Bonds_Issuer,0.0,CORP,Other Domestic Bonds,Issuer
148,2019-05-01,5,2019,Other Domestic Bonds_Non-Residents,727,CORP,Other Domestic Bonds,Non-Residents
136,2019-05-01,5,2019,Other Domestic Bonds_Retail Clients,29,CORP,Other Domestic Bonds,Retail Clients
17,2019-06-01,6,2019,Corporate Bonds_Anonymous Systems: IDBBs and ATSs,1100,CORP,Corporate Bonds,Anonymous Systems: IDBBs and ATSs
29,2019-06-01,6,2019,Corporate Bonds_Banks,6473,CORP,Corporate Bonds,Banks
41,2019-06-01,6,2019,Corporate Bonds_Institutional Clients,38279,CORP,Corporate Bonds,Institutional Clients
5,2019-06-01,6,2019,Corporate Bonds_Investment Dealers,4331,CORP,Corporate Bonds,Investment Dealers
77,2019-06-01,6,2019,Corporate Bonds_Issuer,49,CORP,Corporate Bonds,Issuer
65,2019-06-01,6,2019,Corporate Bonds_Non-Residents,6650,CORP,Corporate Bonds,Non-Residents
53,2019-06-01,6,2019,Corporate Bonds_Retail Clients,1731,CORP,Corporate Bonds,Retail Clients
101,2019-06-01,6,2019,Other Domestic Bonds_Anonymous Systems: IDBBs and ATSs,0,CORP,Other Domestic Bonds,Anonymous Systems: IDBBs and ATSs
113,2019-06-01,6,2019,Other Domestic Bonds_Banks,23,CORP,Other Domestic Bonds,Banks
125,2019-06-01,6,2019,Other Domestic Bonds_Institutional Clients,339,CORP,Other Domestic Bonds,Institutional Clients
89,2019-06-01,6,2019,Other Domestic Bonds_Investment Dealers,87,CORP,Other Domestic Bonds,Investment Dealers
161,2019-06-01,6,2019,Other Domestic Bonds_Issuer,0.0,CORP,Other Domestic Bonds,Issuer
149,2019-06-01,6,2019,Other Domestic Bonds_Non-Residents,668,CORP,Other Domestic Bonds,Non-Residents
137,2019-06-01,6,2019,Other Domestic Bonds_Retail Clients,69,CORP,Other Domestic Bonds,Retail Clients
18,2019-07-01,7,2019,Corporate Bonds_Anonymous Systems: IDBBs and ATSs,1476,CORP,Corporate Bonds,Anonymous Systems: IDBBs and ATSs
30,2019-07-01,7,2019,Corporate Bonds_Banks,1225,CORP,Corporate Bonds,Banks
42,2019-07-01,7,2019,Corporate Bonds_Institutional Clients,34381,CORP,Corporate Bonds,Institutional Clients
6,2019-07-01,7,2019,Corporate Bonds_Investment Dealers,3339,CORP,Corporate Bonds,Investment Dealers
78,2019-07-01,7,2019,Corporate Bonds_Issuer,0,CORP,Corporate Bonds,Issuer
66,2019-07-01,7,2019,Corporate Bonds_Non-Residents,4512,CORP,Corporate Bonds,Non-Residents
54,2019-07-01,7,2019,Corporate Bonds_Retail Clients,1371,CORP,Corporate Bonds,Retail Clients
102,2019-07-01,7,2019,Other Domestic Bonds_Anonymous Systems: IDBBs and ATSs,0,CORP,Other Domestic Bonds,Anonymous Systems: IDBBs and ATSs
114,2019-07-01,7,2019,Other Domestic Bonds_Banks,48,CORP,Other Domestic Bonds,Banks
126,2019-07-01,7,2019,Other Domestic Bonds_Institutional Clients,191,CORP,Other Domestic Bonds,Institutional Clients
90,2019-07-01,7,2019,Other Domestic Bonds_Investment Dealers,33,CORP,Other Domestic Bonds,Investment Dealers
162,2019-07-01,7,2019,Other Domestic Bonds_Issuer,1.0,CORP,Other Domestic Bonds,Issuer
150,2019-07-01,7,2019,Other Domestic Bonds_Non-Residents,311,CORP,Other Domestic Bonds,Non-Residents
138,2019-07-01,7,2019,Other Domestic Bonds_Retail Clients,26,CORP,Other Domestic Bonds,Retail Clients
19,2019-08-01,8,2019,Corporate Bonds_Anonymous Systems: IDBBs and ATSs,1060,CORP,Corporate Bonds,Anonymous Systems: IDBBs and ATSs
31,2019-08-01,8,2019,Corporate Bonds_Banks,1317,CORP,Corporate Bonds,Banks
43,2019-08-01,8,2019,Corporate Bonds_Institutional Clients,30467,CORP,Corporate Bonds,Institutional Clients
7,2019-08-01,8,2019,Corporate Bonds_Investment Dealers,2664,CORP,Corporate Bonds,Investment Dealers
79,2019-08-01,8,2019,Corporate Bonds_Issuer,186,CORP,Corporate Bonds,Issuer
67,2019-08-01,8,2019,Corporate Bonds_Non-Residents,3919,CORP,Corporate Bonds,Non-Residents
55,2019-08-01,8,2019,Corporate Bonds_Retail Clients,1085,CORP,Corporate Bonds,Retail Clients
103,2019-08-01,8,2019,Other Domestic Bonds_Anonymous Systems: IDBBs and ATSs,0,CORP,Other Domestic Bonds,Anonymous Systems: IDBBs and ATSs
115,2019-08-01,8,2019,Other Domestic Bonds_Banks,67,CORP,Other Domestic Bonds,Banks
127,2019-08-01,8,2019,Other Domestic Bonds_Institutional Clients,131,CORP,Other Domestic Bonds,Institutional Clients
91,2019-08-01,8,2019,Other Domestic Bonds_Investment Dealers,51,CORP,Other Domestic Bonds,Investment Dealers
163,2019-08-01,8,2019,Other Domestic Bonds_Issuer,28.0,CORP,Other Domestic Bonds,Issuer
151,2019-08-01,8,2019,Other Domestic Bonds_Non-Residents,367,CORP,Other Domestic Bonds,Non-Residents
139,2019-08-01,8,2019,Other Domestic Bonds_Retail Clients,119,CORP,Other Domestic Bonds,Retail Clients
20,2019-09-01,9,2019,Corporate Bonds_Anonymous Systems: IDBBs and ATSs,1627,CORP,Corporate Bonds,Anonymous Systems: IDBBs and ATSs
32,2019-09-01,9,2019,Corporate Bonds_Banks,2465,CORP,Corporate Bonds,Banks
44,2019-09-01,9,2019,Corporate Bonds_Institutional Clients,37846,CORP,Corporate Bonds,Institutional Clients
8,2019-09-01,9,2019,Corporate Bonds_Investment Dealers,2756,CORP,Corporate Bonds,Investment Dealers
80,2019-09-01,9,2019,Corporate Bonds_Issuer,147,CORP,Corporate Bonds,Issuer
68,2019-09-01,9,2019,Corporate Bonds_Non-Residents,4645,CORP,Corporate Bonds,Non-Residents
56,2019-09-01,9,2019,Corporate Bonds_Retail Clients,1419,CORP,Corporate Bonds,Retail Clients
104,2019-09-01,9,2019,Other Domestic Bonds_Anonymous Systems: IDBBs and ATSs,0,CORP,Other Domestic Bonds,Anonymous Systems: IDBBs and ATSs
116,2019-09-01,9,2019,Other Domestic Bonds_Banks,120,CORP,Other Domestic Bonds,Banks
128,2019-09-01,9,2019,Other Domestic Bonds_Institutional Clients,325,CORP,Other Domestic Bonds,Institutional Clients
92,2019-09-01,9,2019,Other Domestic Bonds_Investment Dealers,52,CORP,Other Domestic Bonds,Investment Dealers
164,2019-09-01,9,2019,Other Domestic Bonds_Issuer,0.0,CORP,Other Domestic Bonds,Issuer
152,2019-09-01,9,2019,Other Domestic Bonds_Non-Residents,605,CORP,Other Domestic Bonds,Non-Residents
140,2019-09-01,9,2019,Other Domestic Bonds_Retail Clients,30,CORP,Other Domestic Bonds,Retail Clients
21,2019-10-01,10,2019,Corporate Bonds_Anonymous Systems: IDBBs and ATSs,2572,CORP,Corporate Bonds,Anonymous Systems: IDBBs and ATSs
33,2019-10-01,10,2019,Corporate Bonds_Banks,2071,CORP,Corporate Bonds,Banks
45,2019-10-01,10,2019,Corporate Bonds_Institutional Clients,34409,CORP,Corporate Bonds,Institutional Clients
9,2019-10-01,10,2019,Corporate Bonds_Investment Dealers,3059,CORP,Corporate Bonds,Investment Dealers
81,2019-10-01,10,2019,Corporate Bonds_Issuer,53,CORP,Corporate Bonds,Issuer
69,2019-10-01,10,2019,Corporate Bonds_Non-Residents,4063,CORP,Corporate Bonds,Non-Residents
57,2019-10-01,10,2019,Corporate Bonds_Retail Clients,1508,CORP,Corporate Bonds,Retail Clients
105,2019-10-01,10,2019,Other Domestic Bonds_Anonymous Systems: IDBBs and ATSs,0,CORP,Other Domestic Bonds,Anonymous Systems: IDBBs and ATSs
117,2019-10-01,10,2019,Other Domestic Bonds_Banks,13,CORP,Other Domestic Bonds,Banks
129,2019-10-01,10,2019,Other Domestic Bonds_Institutional Clients,15,CORP,Other Domestic Bonds,Institutional Clients
93,2019-10-01,10,2019,Other Domestic Bonds_Investment Dealers,15,CORP,Other Domestic Bonds,Investment Dealers
165,2019-10-01,10,2019,Other Domestic Bonds_Issuer,0.0,CORP,Other Domestic Bonds,Issuer
153,2019-10-01,10,2019,Other Domestic Bonds_Non-Residents,192,CORP,Other Domestic Bonds,Non-Residents
141,2019-10-01,10,2019,Other Domestic Bonds_Retail Clients,6,CORP,Other Domestic Bonds,Retail Clients
22,2019-11-01,11,2019,Corporate Bonds_Anonymous Systems: IDBBs and ATSs,1526,CORP,Corporate Bonds,Anonymous Systems: IDBBs and ATSs
34,2019-11-01,11,2019,Corporate Bonds_Banks,2197,CORP,Corporate Bonds,Banks
46,2019-11-01,11,2019,Corporate Bonds_Institutional Clients,31444,CORP,Corporate Bonds,Institutional Clients
10,2019-11-01,11,2019,Corporate Bonds_Investment Dealers,3045,CORP,Corporate Bonds,Investment Dealers
82,2019-11-01,11,2019,Corporate Bonds_Issuer,93,CORP,Corporate Bonds,Issuer
70,2019-11-01,11,2019,Corporate Bonds_Non-Residents,3087,CORP,Corporate Bonds,Non-Residents
58,2019-11-01,11,2019,Corporate Bonds_Retail Clients,1994,CORP,Corporate Bonds,Retail Clients
106,2019-11-01,11,2019,Other Domestic Bonds_Anonymous Systems: IDBBs and ATSs,10,CORP,Other Domestic Bonds,Anonymous Systems: IDBBs and ATSs
118,2019-11-01,11,2019,Other Domestic Bonds_Banks,38,CORP,Other Domestic Bonds,Banks
130,2019-11-01,11,2019,Other Domestic Bonds_Institutional Clients,152,CORP,Other Domestic Bonds,Institutional Clients
94,2019-11-01,11,2019,Other Domestic Bonds_Investment Dealers,40,CORP,Other Domestic Bonds,Investment Dealers
166,2019-11-01,11,2019,Other Domestic Bonds_Issuer,0.0,CORP,Other Domestic Bonds,Issuer
154,2019-11-01,11,2019,Other Domestic Bonds_Non-Residents,221,CORP,Other Domestic Bonds,Non-Residents
142,2019-11-01,11,2019,Other Domestic Bonds_Retail Clients,9,CORP,Other Domestic Bonds,Retail Clients
23,2019-12-01,12,2019,Corporate Bonds_Anonymous Systems: IDBBs and ATSs,2262,CORP,Corporate Bonds,Anonymous Systems: IDBBs and ATSs
35,2019-12-01,12,2019,Corporate Bonds_Banks,2649,CORP,Corporate Bonds,Banks
47,2019-12-01,12,2019,Corporate Bonds_Institutional Clients,27944,CORP,Corporate Bonds,Institutional Clients
11,2019-12-01,12,2019,Corporate Bonds_Investment Dealers,2604,CORP,Corporate Bonds,Investment Dealers
83,2019-12-01,12,2019,Corporate Bonds_Issuer,136,CORP,Corporate Bonds,Issuer
71,2019-12-01,12,2019,Corporate Bonds_Non-Residents,2601,CORP,Corporate Bonds,Non-Residents
59,2019-12-01,12,2019,Corporate Bonds_Retail Clients,2039,CORP,Corporate Bonds,Retail Clients
107,2019-12-01,12,2019,Other Domestic Bonds_Anonymous Systems: IDBBs and ATSs,0,CORP,Other Domestic Bonds,Anonymous Systems: IDBBs and ATSs
119,2019-12-01,12,2019,Other Domestic Bonds_Banks,40,CORP,Other Domestic Bonds,Banks
131,2019-12-01,12,2019,Other Domestic Bonds_Institutional Clients,59,CORP,Other Domestic Bonds,Institutional Clients
95,2019-12-01,12,2019,Other Domestic Bonds_Investment Dealers,6,CORP,Other Domestic Bonds,Investment Dealers
167,2019-12-01,12,2019,Other Domestic Bonds_Issuer,0.0,CORP,Other Domestic Bonds,Issuer
155,2019-12-01,12,2019,Other Domestic Bonds_Non-Residents,134,CORP,Other Domestic Bonds,Non-Residents
143,2019-12-01,12,2019,Other Domestic Bonds_Retail Clients,8,CORP,Other Domestic Bonds,Retail Clients
12,2020-01-01,1,2020,Corporate Bonds_Anonymous Systems: IDBBs and ATSs,2843.8095,CORP,Corporate Bonds,Anonymous Systems: IDBBs and ATSs
24,2020-01-01,1,2020,Corporate Bonds_Banks,2432.967437,CORP,Corporate Bonds,Banks
36,2020-01-01,1,2020,Corporate Bonds_Institutional Clients,36886.06898,CORP,Corporate Bonds,Institutional Clients
0,2020-01-01,1,2020,Corporate Bonds_Investment Dealers,2869.28531,CORP,Corporate Bonds,Investment Dealers
72,2020-01-01,1,2020,Corporate Bonds_Issuer,33.108204,CORP,Corporate Bonds,Issuer
60,2020-01-01,1,2020,Corporate Bonds_Non-Residents,7606.329127,CORP,Corporate Bonds,Non-Residents
48,2020-01-01,1,2020,Corporate Bonds_Retail Clients,1920.513918,CORP,Corporate Bonds,Retail Clients
96,2020-01-01,1,2020,Other Domestic Bonds_Anonymous Systems: IDBBs and ATSs,6.4,CORP,Other Domestic Bonds,Anonymous Systems: IDBBs and ATSs
108,2020-01-01,1,2020,Other Domestic Bonds_Banks,53.316,CORP,Other Domestic Bonds,Banks
120,2020-01-01,1,2020,Other Domestic Bonds_Institutional Clients,63.837685,CORP,Other Domestic Bonds,Institutional Clients
84,2020-01-01,1,2020,Other Domestic Bonds_Investment Dealers,54.295614,CORP,Other Domestic Bonds,Investment Dealers
156,2020-01-01,1,2020,Other Domestic Bonds_Issuer,0.0,CORP,Other Domestic Bonds,Issuer
144,2020-01-01,1,2020,Other Domestic Bonds_Non-Residents,188.8605,CORP,Other Domestic Bonds,Non-Residents
132,2020-01-01,1,2020,Other Domestic Bonds_Retail Clients,100.286334,CORP,Other Domestic Bonds,Retail Clients
13,2020-02-01,2,2020,Corporate Bonds_Anonymous Systems: IDBBs and ATSs,1861.139,CORP,Corporate Bonds,Anonymous Systems: IDBBs and ATSs
25,2020-02-01,2,2020,Corporate Bonds_Banks,1217.800852,CORP,Corporate Bonds,Banks
37,2020-02-01,2,2020,Corporate Bonds_Institutional Clients,33675.934143,CORP,Corporate Bonds,Institutional Clients
1,2020-02-01,2,2020,Corporate Bonds_Investment Dealers,1906.654664,CORP,Corporate Bonds,Investment Dealers
73,2020-02-01,2,2020,Corporate Bonds_Issuer,35.963674,CORP,Corporate Bonds,Issuer
61,2020-02-01,2,2020,Corporate Bonds_Non-Residents,4681.813701,CORP,Corporate Bonds,Non-Residents
49,2020-02-01,2,2020,Corporate Bonds_Retail Clients,1774.537185,CORP,Corporate Bonds,Retail Clients
97,2020-02-01,2,2020,Other Domestic Bonds_Anonymous Systems: IDBBs and ATSs,0,CORP,Other Domestic Bonds,Anonymous Systems: IDBBs and ATSs
109,2020-02-01,2,2020,Other Domestic Bonds_Banks,1.544,CORP,Other Domestic Bonds,Banks
121,2020-02-01,2,2020,Other Domestic Bonds_Institutional Clients,50.8668,CORP,Other Domestic Bonds,Institutional Clients
85,2020-02-01,2,2020,Other Domestic Bonds_Investment Dealers,5.5943,CORP,Other Domestic Bonds,Investment Dealers
157,2020-02-01,2,2020,Other Domestic Bonds_Issuer,0.0,CORP,Other Domestic Bonds,Issuer
145,2020-02-01,2,2020,Other Domestic Bonds_Non-Residents,261.593,CORP,Other Domestic Bonds,Non-Residents
133,2020-02-01,2,2020,Other Domestic Bonds_Retail Clients,21.798133,CORP,Other Domestic Bonds,Retail Clients
14,2020-03-01,3,2020,Corporate Bonds_Anonymous Systems: IDBBs and ATSs,977.5465,CORP,Corporate Bonds,Anonymous Systems: IDBBs and ATSs
26,2020-03-01,3,2020,Corporate Bonds_Banks,6907.643912,CORP,Corporate Bonds,Banks
38,2020-03-01,3,2020,Corporate Bonds_Institutional Clients,45409.452495,CORP,Corporate Bonds,Institutional Clients
2,2020-03-01,3,2020,Corporate Bonds_Investment Dealers,5373.004479,CORP,Corporate Bonds,Investment Dealers
74,2020-03-01,3,2020,Corporate Bonds_Issuer,50.232521,CORP,Corporate Bonds,Issuer
62,2020-03-01,3,2020,Corporate Bonds_Non-Residents,4956.915509,CORP,Corporate Bonds,Non-Residents
50,2020-03-01,3,2020,Corporate Bonds_Retail Clients,1672.348434,CORP,Corporate Bonds,Retail Clients
98,2020-03-01,3,2020,Other Domestic Bonds_Anonymous Systems: IDBBs and ATSs,0,CORP,Other Domestic Bonds,Anonymous Systems: IDBBs and ATSs
110,2020-03-01,3,2020,Other Domestic Bonds_Banks,91.457647,CORP,Other Domestic Bonds,Banks
122,2020-03-01,3,2020,Other Domestic Bonds_Institutional Clients,185.1456,CORP,Other Domestic Bonds,Institutional Clients
86,2020-03-01,3,2020,Other Domestic Bonds_Investment Dealers,2.5011,CORP,Other Domestic Bonds,Investment Dealers
158,2020-03-01,3,2020,Other Domestic Bonds_Issuer,0.0,CORP,Other Domestic Bonds,Issuer
146,2020-03-01,3,2020,Other Domestic Bonds_Non-Residents,294.027,CORP,Other Domestic Bonds,Non-Residents
134,2020-03-01,3,2020,Other Domestic Bonds_Retail Clients,9.23338,CORP,Other Domestic Bonds,Retail Clients
15,2020-04-01,4,2020,Corporate Bonds_Anonymous Systems: IDBBs and ATSs,723.7945,CORP,Corporate Bonds,Anonymous Systems: IDBBs and ATSs
27,2020-04-01,4,2020,Corporate Bonds_Banks,4650.077485,CORP,Corporate Bonds,Banks
39,2020-04-01,4,2020,Corporate Bonds_Institutional Clients,48487.238742,CORP,Corporate Bonds,Institutional Clients
3,2020-04-01,4,2020,Corporate Bonds_Investment Dealers,3159.37235,CORP,Corporate Bonds,Investment Dealers
75,2020-04-01,4,2020,Corporate Bonds_Issuer,224.999742,CORP,Corporate Bonds,Issuer
63,2020-04-01,4,2020,Corporate Bonds_Non-Residents,5475.436396,CORP,Corporate Bonds,Non-Residents
51,2020-04-01,4,2020,Corporate Bonds_Retail Clients,1609.487094,CORP,Corporate Bonds,Retail Clients
99,2020-04-01,4,2020,Other Domestic Bonds_Anonymous Systems: IDBBs and ATSs,0,CORP,Other Domestic Bonds,Anonymous Systems: IDBBs and ATSs
111,2020-04-01,4,2020,Other Domestic Bonds_Banks,13.175733,CORP,Other Domestic Bonds,Banks
123,2020-04-01,4,2020,Other Domestic Bonds_Institutional Clients,94.213,CORP,Other Domestic Bonds,Institutional Clients
87,2020-04-01,4,2020,Other Domestic Bonds_Investment Dealers,58.0375,CORP,Other Domestic Bonds,Investment Dealers
159,2020-04-01,4,2020,Other Domestic Bonds_Issuer,0.0,CORP,Other Domestic Bonds,Issuer
147,2020-04-01,4,2020,Other Domestic Bonds_Non-Residents,65.038,CORP,Other Domestic Bonds,Non-Residents
135,2020-04-01,4,2020,Other Domestic Bonds_Retail Clients,0.9702,CORP,Other Domestic Bonds,Retail Clients
16,2020-05-01,5,2020,Corporate Bonds_Anonymous Systems: IDBBs and ATSs,1194.6165,CORP,Corporate Bonds,Anonymous Systems: IDBBs and ATSs
28,2020-05-01,5,2020,Corporate Bonds_Banks,1440.794574,CORP,Corporate Bonds,Banks
40,2020-05-01,5,2020,Corporate Bonds_Institutional Clients,41892.419416,CORP,Corporate Bonds,Institutional Clients
4,2020-05-01,5,2020,Corporate Bonds_Investment Dealers,2257.062501,CORP,Corporate Bonds,Investment Dealers
76,2020-05-01,5,2020,Corporate Bonds_Issuer,230.498408,CORP,Corporate Bonds,Issuer
64,2020-05-01,5,2020,Corporate Bonds_Non-Residents,4051.30567,CORP,Corporate Bonds,Non-Residents
52,2020-05-01,5,2020,Corporate Bonds_Retail Clients,1510.499039,CORP,Corporate Bonds,Retail Clients
100,2020-05-01,5,2020,Other Domestic Bonds_Anonymous Systems: IDBBs and ATSs,0,CORP,Other Domestic Bonds,Anonymous Systems: IDBBs and ATSs
112,2020-05-01,5,2020,Other Domestic Bonds_Banks,52.367555,CORP,Other Domestic Bonds,Banks
124,2020-05-01,5,2020,Other Domestic Bonds_Institutional Clients,98.391,CORP,Other Domestic Bonds,Institutional Clients
88,2020-05-01,5,2020,Other Domestic Bonds_Investment Dealers,4.784,CORP,Other Domestic Bonds,Investment Dealers
160,2020-05-01,5,2020,Other Domestic Bonds_Issuer,0.0,CORP,Other Domestic Bonds,Issuer
148,2020-05-01,5,2020,Other Domestic Bonds_Non-Residents,65.221,CORP,Other Domestic Bonds,Non-Residents
136,2020-05-01,5,2020,Other Domestic Bonds_Retail Clients,0.627925,CORP,Other Domestic Bonds,Retail Clients
17,2020-06-01,6,2020,Corporate Bonds_Anonymous Systems: IDBBs and ATSs,945.054,CORP,Corporate Bonds,Anonymous Systems: IDBBs and ATSs
29,2020-06-01,6,2020,Corporate Bonds_Banks,1134.458258,CORP,Corporate Bonds,Banks
41,2020-06-01,6,2020,Corporate Bonds_Institutional Clients,44680.198126,CORP,Corporate Bonds,Institutional Clients
5,2020-06-01,6,2020,Corporate Bonds_Investment Dealers,2480.66673,CORP,Corporate Bonds,Investment Dealers
77,2020-06-01,6,2020,Corporate Bonds_Issuer,61.539037,CORP,Corporate Bonds,Issuer
65,2020-06-01,6,2020,Corporate Bonds_Non-Residents,5170.008503,CORP,Corporate Bonds,Non-Residents
53,2020-06-01,6,2020,Corporate Bonds_Retail Clients,1596.777098,CORP,Corporate Bonds,Retail Clients
101,2020-06-01,6,2020,Other Domestic Bonds_Anonymous Systems: IDBBs and ATSs,42.2,CORP,Other Domestic Bonds,Anonymous Systems: IDBBs and ATSs
113,2020-06-01,6,2020,Other Domestic Bonds_Banks,0.560513,CORP,Other Domestic Bonds,Banks
125,2020-06-01,6,2020,Other Domestic Bonds_Institutional Clients,29.566,CORP,Other Domestic Bonds,Institutional Clients
89,2020-06-01,6,2020,Other Domestic Bonds_Investment Dealers,3.2045,CORP,Other Domestic Bonds,Investment Dealers
161,2020-06-01,6,2020,Other Domestic Bonds_Issuer,0.0,CORP,Other Domestic Bonds,Issuer
149,2020-06-01,6,2020,Other Domestic Bonds_Non-Residents,53.603,CORP,Other Domestic Bonds,Non-Residents
137,2020-06-01,6,2020,Other Domestic Bonds_Retail Clients,1.151097,CORP,Other Domestic Bonds,Retail Clients
18,2020-07-01,7,2020,Corporate Bonds_Anonymous Systems: IDBBs and ATSs,1173.476,CORP,Corporate Bonds,Anonymous Systems: IDBBs and ATSs
30,2020-07-01,7,2020,Corporate Bonds_Banks,950.919251,CORP,Corporate Bonds,Banks
42,2020-07-01,7,2020,Corporate Bonds_Institutional Clients,28693.632514,CORP,Corporate Bonds,Institutional Clients
6,2020-07-01,7,2020,Corporate Bonds_Investment Dealers,1526.660144,CORP,Corporate Bonds,Investment Dealers
78,2020-07-01,7,2020,Corporate Bonds_Issuer,108.778039,CORP,Corporate Bonds,Issuer
66,2020-07-01,7,2020,Corporate Bonds_Non-Residents,5013.922345,CORP,Corporate Bonds,Non-Residents
54,2020-07-01,7,2020,Corporate Bonds_Retail Clients,1110.797651,CORP,Corporate Bonds,Retail Clients
102,2020-07-01,7,2020,Other Domestic Bonds_Anonymous Systems: IDBBs and ATSs,14,CORP,Other Domestic Bonds,Anonymous Systems: IDBBs and ATSs
114,2020-07-01,7,2020,Other Domestic Bonds_Banks,4.280208,CORP,Other Domestic Bonds,Banks
126,2020-07-01,7,2020,Other Domestic Bonds_Institutional Clients,117.801,CORP,Other Domestic Bonds,Institutional Clients
90,2020-07-01,7,2020,Other Domestic Bonds_Investment Dealers,4.5295,CORP,Other Domestic Bonds,Investment Dealers
162,2020-07-01,7,2020,Other Domestic Bonds_Issuer,0.0,CORP,Other Domestic Bonds,Issuer
150,2020-07-01,7,2020,Other Domestic Bonds_Non-Residents,83.239,CORP,Other Domestic Bonds,Non-Residents
138,2020-07-01,7,2020,Other Domestic Bonds_Retail Clients,3.035742,CORP,Other Domestic Bonds,Retail Clients
19,2020-08-01,8,2020,Corporate Bonds_Anonymous Systems: IDBBs and ATSs,660.8545,CORP,Corporate Bonds,Anonymous Systems: IDBBs and ATSs
31,2020-08-01,8,2020,Corporate Bonds_Banks,1066.826182,CORP,Corporate Bonds,Banks
43,2020-08-01,8,2020,Corporate Bonds_Institutional Clients,29431.781177,CORP,Corporate Bonds,Institutional Clients
7,2020-08-01,8,2020,Corporate Bonds_Investment Dealers,2079.135902,CORP,Corporate Bonds,Investment Dealers
79,2020-08-01,8,2020,Corporate Bonds_Issuer,249.845137,CORP,Corporate Bonds,Issuer
67,2020-08-01,8,2020,Corporate Bonds_Non-Residents,5718.986242,CORP,Corporate Bonds,Non-Residents
55,2020-08-01,8,2020,Corporate Bonds_Retail Clients,692.138259,CORP,Corporate Bonds,Retail Clients
103,2020-08-01,8,2020,Other Domestic Bonds_Anonymous Systems: IDBBs and ATSs,4,CORP,Other Domestic Bonds,Anonymous Systems: IDBBs and ATSs
115,2020-08-01,8,2020,Other Domestic Bonds_Banks,12.925,CORP,Other Domestic Bonds,Banks
127,2020-08-01,8,2020,Other Domestic Bonds_Institutional Clients,52.042,CORP,Other Domestic Bonds,Institutional Clients
91,2020-08-01,8,2020,Other Domestic Bonds_Investment Dealers,2.575,CORP,Other Domestic Bonds,Investment Dealers
163,2020-08-01,8,2020,Other Domestic Bonds_Issuer,0.0,CORP,Other Domestic Bonds,Issuer
151,2020-08-01,8,2020,Other Domestic Bonds_Non-Residents,29.27,CORP,Other Domestic Bonds,Non-Residents
139,2020-08-01,8,2020,Other Domestic Bonds_Retail Clients,0.654465,CORP,Other Domestic Bonds,Retail Clients
20,2020-09-01,9,2020,Corporate Bonds_Anonymous Systems: IDBBs and ATSs,1304.714,CORP,Corporate Bonds,Anonymous Systems: IDBBs and ATSs
32,2020-09-01,9,2020,Corporate Bonds_Banks,1444.059229,CORP,Corporate Bonds,Banks
44,2020-09-01,9,2020,Corporate Bonds_Institutional Clients,38244.168289,CORP,Corporate Bonds,Institutional Clients
8,2020-09-01,9,2020,Corporate Bonds_Investment Dealers,3495.56619,CORP,Corporate Bonds,Investment Dealers
80,2020-09-01,9,2020,Corporate Bonds_Issuer,144.563847,CORP,Corporate Bonds,Issuer
68,2020-09-01,9,2020,Corporate Bonds_Non-Residents,8284.814102,CORP,Corporate Bonds,Non-Residents
56,2020-09-01,9,2020,Corporate Bonds_Retail Clients,1173.686823,CORP,Corporate Bonds,Retail Clients
104,2020-09-01,9,2020,Other Domestic Bonds_Anonymous Systems: IDBBs and ATSs,0,CORP,Other Domestic Bonds,Anonymous Systems: IDBBs and ATSs
116,2020-09-01,9,2020,Other Domestic Bonds_Banks,240.373628,CORP,Other Domestic Bonds,Banks
128,2020-09-01,9,2020,Other Domestic Bonds_Institutional Clients,36.644,CORP,Other Domestic Bonds,Institutional Clients
92,2020-09-01,9,2020,Other Domestic Bonds_Investment Dealers,24.3,CORP,Other Domestic Bonds,Investment Dealers
164,2020-09-01,9,2020,Other Domestic Bonds_Issuer,0.0,CORP,Other Domestic Bonds,Issuer
152,2020-09-01,9,2020,Other Domestic Bonds_Non-Residents,72.03,CORP,Other Domestic Bonds,Non-Residents
140,2020-09-01,9,2020,Other Domestic Bonds_Retail Clients,0.362408,CORP,Other Domestic Bonds,Retail Clients
21,2020-10-01,10,2020,Corporate Bonds_Anonymous Systems: IDBBs and ATSs,1577.635,CORP,Corporate Bonds,Anonymous Systems: IDBBs and ATSs
33,2020-10-01,10,2020,Corporate Bonds_Banks,830.762764,CORP,Corporate Bonds,Banks
45,2020-10-01,10,2020,Corporate Bonds_Institutional Clients,38352.794895,CORP,Corporate Bonds,Institutional Clients
9,2020-10-01,10,2020,Corporate Bonds_Investment Dealers,2367.894856,CORP,Corporate Bonds,Investment Dealers
81,2020-10-01,10,2020,Corporate Bonds_Issuer,182.809317,CORP,Corporate Bonds,Issuer
69,2020-10-01,10,2020,Corporate Bonds_Non-Residents,8481.325648,CORP,Corporate Bonds,Non-Residents
57,2020-10-01,10,2020,Corporate Bonds_Retail Clients,1117.815746,CORP,Corporate Bonds,Retail Clients
105,2020-10-01,10,2020,Other Domestic Bonds_Anonymous Systems: IDBBs and ATSs,0,CORP,Other Domestic Bonds,Anonymous Systems: IDBBs and ATSs
117,2020-10-01,10,2020,Other Domestic Bonds_Banks,22.375,CORP,Other Domestic Bonds,Banks
129,2020-10-01,10,2020,Other Domestic Bonds_Institutional Clients,267.576,CORP,Other Domestic Bonds,Institutional Clients
93,2020-10-01,10,2020,Other Domestic Bonds_Investment Dealers,46.915,CORP,Other Domestic Bonds,Investment Dealers
165,2020-10-01,10,2020,Other Domestic Bonds_Issuer,0.0,CORP,Other Domestic Bonds,Issuer
153,2020-10-01,10,2020,Other Domestic Bonds_Non-Residents,216.504,CORP,Other Domestic Bonds,Non-Residents
141,2020-10-01,10,2020,Other Domestic Bonds_Retail Clients,1.864794,CORP,Other Domestic Bonds,Retail Clients
22,2020-11-01,11,2020,Corporate Bonds_Anonymous Systems: IDBBs and ATSs,1801.706,CORP,Corporate Bonds,Anonymous Systems: IDBBs and ATSs
34,2020-11-01,11,2020,Corporate Bonds_Banks,1526.962195,CORP,Corporate Bonds,Banks
46,2020-11-01,11,2020,Corporate Bonds_Institutional Clients,32591.391363,CORP,Corporate Bonds,Institutional Clients
10,2020-11-01,11,2020,Corporate Bonds_Investment Dealers,1925.874082,CORP,Corporate Bonds,Investment Dealers
82,2020-11-01,11,2020,Corporate Bonds_Issuer,249.074105,CORP,Corporate Bonds,Issuer
70,2020-11-01,11,2020,Corporate Bonds_Non-Residents,6305.777294,CORP,Corporate Bonds,Non-Residents
58,2020-11-01,11,2020,Corporate Bonds_Retail Clients,858.365254,CORP,Corporate Bonds,Retail Clients
106,2020-11-01,11,2020,Other Domestic Bonds_Anonymous Systems: IDBBs and ATSs,0,CORP,Other Domestic Bonds,Anonymous Systems: IDBBs and ATSs
118,2020-11-01,11,2020,Other Domestic Bonds_Banks,57.580002,CORP,Other Domestic Bonds,Banks
130,2020-11-01,11,2020,Other Domestic Bonds_Institutional Clients,218.814858,CORP,Other Domestic Bonds,Institutional Clients
94,2020-11-01,11,2020,Other Domestic Bonds_Investment Dealers,3.092182,CORP,Other Domestic Bonds,Investment Dealers
166,2020-11-01,11,2020,Other Domestic Bonds_Issuer,25.005,CORP,Other Domestic Bonds,Issuer
154,2020-11-01,11,2020,Other Domestic Bonds_Non-Residents,4.58,CORP,Other Domestic Bonds,Non-Residents
142,2020-11-01,11,2020,Other Domestic Bonds_Retail Clients,8.989884,CORP,Other Domestic Bonds,Retail Clients
23,2020-12-01,12,2020,Corporate Bonds_Anonymous Systems: IDBBs and ATSs,1419.675,CORP,Corporate Bonds,Anonymous Systems: IDBBs and ATSs
35,2020-12-01,12,2020,Corporate Bonds_Banks,1465.489135,CORP,Corporate Bonds,Banks
47,2020-12-01,12,2020,Corporate Bonds_Institutional Clients,32794.696024,CORP,Corporate Bonds,Institutional Clients
11,2020-12-01,12,2020,Corporate Bonds_Investment Dealers,2186.864348,CORP,Corporate Bonds,Investment Dealers
83,2020-12-01,12,2020,Corporate Bonds_Issuer,187.84135,CORP,Corporate Bonds,Issuer
71,2020-12-01,12,2020,Corporate Bonds_Non-Residents,6791.654605,CORP,Corporate Bonds,Non-Residents
59,2020-12-01,12,2020,Corporate Bonds_Retail Clients,1026.246366,CORP,Corporate Bonds,Retail Clients
107,2020-12-01,12,2020,Other Domestic Bonds_Anonymous Systems: IDBBs and ATSs,0,CORP,Other Domestic Bonds,Anonymous Systems: IDBBs and ATSs
119,2020-12-01,12,2020,Other Domestic Bonds_Banks,85.560383,CORP,Other Domestic Bonds,Banks
131,2020-12-01,12,2020,Other Domestic Bonds_Institutional Clients,752.760833,CORP,Other Domestic Bonds,Institutional Clients
95,2020-12-01,12,2020,Other Domestic Bonds_Investment Dealers,13.350493,CORP,Other Domestic Bonds,Investment Dealers
167,2020-12-01,12,2020,Other Domestic Bonds_Issuer,0.4,CORP,Other Domestic Bonds,Issuer
155,2020-12-01,12,2020,Other Domestic Bonds_Non-Residents,63.9679,CORP,Other Domestic Bonds,Non-Residents
143,2020-12-01,12,2020,Other Domestic Bonds_Retail Clients,15.284522,CORP,Other Domestic Bonds,Retail Clients
12,2021-01-01,1,2021,Corporate Bonds_Anonymous Systems: IDBBs and ATSs,2385.992,CORP,Corporate Bonds,Anonymous Systems: IDBBs and ATSs
24,2021-01-01,1,2021,Corporate Bonds_Banks,1573.256893,CORP,Corporate Bonds,Banks
36,2021-01-01,1,2021,Corporate Bonds_Institutional Clients,36665.659065,CORP,Corporate Bonds,Institutional Clients
0,2021-01-01,1,2021,Corporate Bonds_Investment Dealers,2501.467116,CORP,Corporate Bonds,Investment Dealers
72,2021-01-01,1,2021,Corporate Bonds_Issuer,99.17545,CORP,Corporate Bonds,Issuer
60,2021-01-01,1,2021,Corporate Bonds_Non-Residents,9370.517591,CORP,Corporate Bonds,Non-Residents
48,2021-01-01,1,2021,Corporate Bonds_Retail Clients,1313.97159,CORP,Corporate Bonds,Retail Clients
96,2021-01-01,1,2021,Other Domestic Bonds_Anonymous Systems: IDBBs and ATSs,2,CORP,Other Domestic Bonds,Anonymous Systems: IDBBs and ATSs
108,2021-01-01,1,2021,Other Domestic Bonds_Banks,90.705253,CORP,Other Domestic Bonds,Banks
120,2021-01-01,1,2021,Other Domestic Bonds_Institutional Clients,296.973816,CORP,Other Domestic Bonds,Institutional Clients
84,2021-01-01,1,2021,Other Domestic Bonds_Investment Dealers,10.573213,CORP,Other Domestic Bonds,Investment Dealers
156,2021-01-01,1,2021,Other Domestic Bonds_Issuer,20.378,CORP,Other Domestic Bonds,Issuer
144,2021-01-01,1,2021,Other Domestic Bonds_Non-Residents,202.968,CORP,Other Domestic Bonds,Non-Residents
132,2021-01-01,1,2021,Other Domestic Bonds_Retail Clients,9.584234,CORP,Other Domestic Bonds,Retail Clients
13,2021-02-01,2,2021,Corporate Bonds_Anonymous Systems: IDBBs and ATSs,2225.937,CORP,Corporate Bonds,Anonymous Systems: IDBBs and ATSs
25,2021-02-01,2,2021,Corporate Bonds_Banks,1253.067489,CORP,Corporate Bonds,Banks
37,2021-02-01,2,2021,Corporate Bonds_Institutional Clients,38927.205154,CORP,Corporate Bonds,Institutional Clients
1,2021-02-01,2,2021,Corporate Bonds_Investment Dealers,2442.143057,CORP,Corporate Bonds,Investment Dealers
73,2021-02-01,2,2021,Corporate Bonds_Issuer,232.1045,CORP,Corporate Bonds,Issuer
61,2021-02-01,2,2021,Corporate Bonds_Non-Residents,6970.386216,CORP,Corporate Bonds,Non-Residents
49,2021-02-01,2,2021,Corporate Bonds_Retail Clients,1004.448246,CORP,Corporate Bonds,Retail Clients
97,2021-02-01,2,2021,Other Domestic Bonds_Anonymous Systems: IDBBs and ATSs,40.5,CORP,Other Domestic Bonds,Anonymous Systems: IDBBs and ATSs
109,2021-02-01,2,2021,Other Domestic Bonds_Banks,378.586525,CORP,Other Domestic Bonds,Banks
121,2021-02-01,2,2021,Other Domestic Bonds_Institutional Clients,1177.762429,CORP,Other Domestic Bonds,Institutional Clients
85,2021-02-01,2,2021,Other Domestic Bonds_Investment Dealers,299.835732,CORP,Other Domestic Bonds,Investment Dealers
157,2021-02-01,2,2021,Other Domestic Bonds_Issuer,7.393,CORP,Other Domestic Bonds,Issuer
145,2021-02-01,2,2021,Other Domestic Bonds_Non-Residents,1038.378,CORP,Other Domestic Bonds,Non-Residents
133,2021-02-01,2,2021,Other Domestic Bonds_Retail Clients,14.864417,CORP,Other Domestic Bonds,Retail Clients
14,2021-03-01,3,2021,Corporate Bonds_Anonymous Systems: IDBBs and ATSs,2067.9015,CORP,Corporate Bonds,Anonymous Systems: IDBBs and ATSs
26,2021-03-01,3,2021,Corporate Bonds_Banks,1486.109164,CORP,Corporate Bonds,Banks
38,2021-03-01,3,2021,Corporate Bonds_Institutional Clients,49137.380044,CORP,Corporate Bonds,Institutional Clients
2,2021-03-01,3,2021,Corporate Bonds_Investment Dealers,2563.574183,CORP,Corporate Bonds,Investment Dealers
74,2021-03-01,3,2021,Corporate Bonds_Issuer,131.461653,CORP,Corporate Bonds,Issuer
62,2021-03-01,3,2021,Corporate Bonds_Non-Residents,9231.523366,CORP,Corporate Bonds,Non-Residents
50,2021-03-01,3,2021,Corporate Bonds_Retail Clients,1907.845586,CORP,Corporate Bonds,Retail Clients
98,2021-03-01,3,2021,Other Domestic Bonds_Anonymous Systems: IDBBs and ATSs,0,CORP,Other Domestic Bonds,Anonymous Systems: IDBBs and ATSs
110,2021-03-01,3,2021,Other Domestic Bonds_Banks,129.862,CORP,Other Domestic Bonds,Banks
122,2021-03-01,3,2021,Other Domestic Bonds_Institutional Clients,127.73,CORP,Other Domestic Bonds,Institutional Clients
86,2021-03-01,3,2021,Other Domestic Bonds_Investment Dealers,117.4302,CORP,Other Domestic Bonds,Investment Dealers
158,2021-03-01,3,2021,Other Domestic Bonds_Issuer,0.0,CORP,Other Domestic Bonds,Issuer
146,2021-03-01,3,2021,Other Domestic Bonds_Non-Residents,533.476,CORP,Other Domestic Bonds,Non-Residents
134,2021-03-01,3,2021,Other Domestic Bonds_Retail Clients,0.87306,CORP,Other Domestic Bonds,Retail Clients
15,2021-04-01,4,2021,Corporate Bonds_Anonymous Systems: IDBBs and ATSs,1785.66094,CORP,Corporate Bonds,Anonymous Systems: IDBBs and ATSs
27,2021-04-01,4,2021,Corporate Bonds_Banks,1128.262871,CORP,Corporate Bonds,Banks
39,2021-04-01,4,2021,Corporate Bonds_Institutional Clients,33864.575135,CORP,Corporate Bonds,Institutional Clients
3,2021-04-01,4,2021,Corporate Bonds_Investment Dealers,2318.717163,CORP,Corporate Bonds,Investment Dealers
75,2021-04-01,4,2021,Corporate Bonds_Issuer,37.874793,CORP,Corporate Bonds,Issuer
63,2021-04-01,4,2021,Corporate Bonds_Non-Residents,7840.106957,CORP,Corporate Bonds,Non-Residents
51,2021-04-01,4,2021,Corporate Bonds_Retail Clients,1225.873917,CORP,Corporate Bonds,Retail Clients
99,2021-04-01,4,2021,Other Domestic Bonds_Anonymous Systems: IDBBs and ATSs,6,CORP,Other Domestic Bonds,Anonymous Systems: IDBBs and ATSs
111,2021-04-01,4,2021,Other Domestic Bonds_Banks,36.5875,CORP,Other Domestic Bonds,Banks
123,2021-04-01,4,2021,Other Domestic Bonds_Institutional Clients,9.422,CORP,Other Domestic Bonds,Institutional Clients
87,2021-04-01,4,2021,Other Domestic Bonds_Investment Dealers,0.178,CORP,Other Domestic Bonds,Investment Dealers
159,2021-04-01,4,2021,Other Domestic Bonds_Issuer,0.0,CORP,Other Domestic Bonds,Issuer
147,2021-04-01,4,2021,Other Domestic Bonds_Non-Residents,59.538,CORP,Other Domestic Bonds,Non-Residents
135,2021-04-01,4,2021,Other Domestic Bonds_Retail Clients,0.815296,CORP,Other Domestic Bonds,Retail Clients
16,2021-05-01,5,2021,Corporate Bonds_Anonymous Systems: IDBBs and ATSs,1629.337,CORP,Corporate Bonds,Anonymous Systems: IDBBs and ATSs
28,2021-05-01,5,2021,Corporate Bonds_Banks,1061.429606,CORP,Corporate Bonds,Banks
40,2021-05-01,5,2021,Corporate Bonds_Institutional Clients,32287.700718,CORP,Corporate Bonds,Institutional Clients
4,2021-05-01,5,2021,Corporate Bonds_Investment Dealers,2264.766519,CORP,Corporate Bonds,Investment Dealers
76,2021-05-01,5,2021,Corporate Bonds_Issuer,191.765393,CORP,Corporate Bonds,Issuer
64,2021-05-01,5,2021,Corporate Bonds_Non-Residents,7049.323084,CORP,Corporate Bonds,Non-Residents
52,2021-05-01,5,2021,Corporate Bonds_Retail Clients,1546.635854,CORP,Corporate Bonds,Retail Clients
100,2021-05-01,5,2021,Other Domestic Bonds_Anonymous Systems: IDBBs and ATSs,0,CORP,Other Domestic Bonds,Anonymous Systems: IDBBs and ATSs
112,2021-05-01,5,2021,Other Domestic Bonds_Banks,447.162,CORP,Other Domestic Bonds,Banks
124,2021-05-01,5,2021,Other Domestic Bonds_Institutional Clients,67.778,CORP,Other Domestic Bonds,Institutional Clients
88,2021-05-01,5,2021,Other Domestic Bonds_Investment Dealers,34.6065,CORP,Other Domestic Bonds,Investment Dealers
160,2021-05-01,5,2021,Other Domestic Bonds_Issuer,0.0,CORP,Other Domestic Bonds,Issuer
148,2021-05-01,5,2021,Other Domestic Bonds_Non-Residents,1285.839,CORP,Other Domestic Bonds,Non-Residents
136,2021-05-01,5,2021,Other Domestic Bonds_Retail Clients,0.785814,CORP,Other Domestic Bonds,Retail Clients
17,2021-06-01,6,2021,Corporate Bonds_Anonymous Systems: IDBBs and ATSs,1356.963,CORP,Corporate Bonds,Anonymous Systems: IDBBs and ATSs
29,2021-06-01,6,2021,Corporate Bonds_Banks,1388.057025,CORP,Corporate Bonds,Banks
41,2021-06-01,6,2021,Corporate Bonds_Institutional Clients,37799.486331,CORP,Corporate Bonds,Institutional Clients
5,2021-06-01,6,2021,Corporate Bonds_Investment Dealers,3270.179416,CORP,Corporate Bonds,Investment Dealers
77,2021-06-01,6,2021,Corporate Bonds_Issuer,116.164311,CORP,Corporate Bonds,Issuer
65,2021-06-01,6,2021,Corporate Bonds_Non-Residents,9581.496733,CORP,Corporate Bonds,Non-Residents
53,2021-06-01,6,2021,Corporate Bonds_Retail Clients,1629.88318,CORP,Corporate Bonds,Retail Clients
101,2021-06-01,6,2021,Other Domestic Bonds_Anonymous Systems: IDBBs and ATSs,5,CORP,Other Domestic Bonds,Anonymous Systems: IDBBs and ATSs
113,2021-06-01,6,2021,Other Domestic Bonds_Banks,18.0255,CORP,Other Domestic Bonds,Banks
125,2021-06-01,6,2021,Other Domestic Bonds_Institutional Clients,49.533,CORP,Other Domestic Bonds,Institutional Clients
89,2021-06-01,6,2021,Other Domestic Bonds_Investment Dealers,128.2145,CORP,Other Domestic Bonds,Investment Dealers
161,2021-06-01,6,2021,Other Domestic Bonds_Issuer,0.0,CORP,Other Domestic Bonds,Issuer
149,2021-06-01,6,2021,Other Domestic Bonds_Non-Residents,671.614,CORP,Other Domestic Bonds,Non-Residents
137,2021-06-01,6,2021,Other Domestic Bonds_Retail Clients,6.193703,CORP,Other Domestic Bonds,Retail Clients
18,2021-07-01,7,2021,Corporate Bonds_Anonymous Systems: IDBBs and ATSs,1329.9255,CORP,Corporate Bonds,Anonymous Systems: IDBBs and ATSs
30,2021-07-01,7,2021,Corporate Bonds_Banks,857.865089,CORP,Corporate Bonds,Banks
42,2021-07-01,7,2021,Corporate Bonds_Institutional Clients,27902.478296,CORP,Corporate Bonds,Institutional Clients
6,2021-07-01,7,2021,Corporate Bonds_Investment Dealers,2207.713213,CORP,Corporate Bonds,Investment Dealers
78,2021-07-01,7,2021,Corporate Bonds_Issuer,57.336099,CORP,Corporate Bonds,Issuer
66,2021-07-01,7,2021,Corporate Bonds_Non-Residents,10435.711899,CORP,Corporate Bonds,Non-Residents
54,2021-07-01,7,2021,Corporate Bonds_Retail Clients,1343.283626,CORP,Corporate Bonds,Retail Clients
102,2021-07-01,7,2021,Other Domestic Bonds_Anonymous Systems: IDBBs and ATSs,0,CORP,Other Domestic Bonds,Anonymous Systems: IDBBs and ATSs
114,2021-07-01,7,2021,Other Domestic Bonds_Banks,36.25,CORP,Other Domestic Bonds,Banks
126,2021-07-01,7,2021,Other Domestic Bonds_Institutional Clients,271.087256,CORP,Other Domestic Bonds,Institutional Clients
90,2021-07-01,7,2021,Other Domestic Bonds_Investment Dealers,106.392,CORP,Other Domestic Bonds,Investment Dealers
162,2021-07-01,7,2021,Other Domestic Bonds_Issuer,0.475915,CORP,Other Domestic Bonds,Issuer
150,2021-07-01,7,2021,Other Domestic Bonds_Non-Residents,536.828,CORP,Other Domestic Bonds,Non-Residents
138,2021-07-01,7,2021,Other Domestic Bonds_Retail Clients,26.821588,CORP,Other Domestic Bonds,Retail Clients
19,2021-08-01,8,2021,Corporate Bonds_Anonymous Systems: IDBBs and ATSs,1616.8895,CORP,Corporate Bonds,Anonymous Systems: IDBBs and ATSs
31,2021-08-01,8,2021,Corporate Bonds_Banks,910.16576,CORP,Corporate Bonds,Banks
43,2021-08-01,8,2021,Corporate Bonds_Institutional Clients,24742.099317,CORP,Corporate Bonds,Institutional Clients
7,2021-08-01,8,2021,Corporate Bonds_Investment Dealers,1985.449215,CORP,Corporate Bonds,Investment Dealers
79,2021-08-01,8,2021,Corporate Bonds_Issuer,81.704896,CORP,Corporate Bonds,Issuer
67,2021-08-01,8,2021,Corporate Bonds_Non-Residents,7407.111776,CORP,Corporate Bonds,Non-Residents
55,2021-08-01,8,2021,Corporate Bonds_Retail Clients,1184.031207,CORP,Corporate Bonds,Retail Clients
103,2021-08-01,8,2021,Other Domestic Bonds_Anonymous Systems: IDBBs and ATSs,0,CORP,Other Domestic Bonds,Anonymous Systems: IDBBs and ATSs
115,2021-08-01,8,2021,Other Domestic Bonds_Banks,40.42633,CORP,Other Domestic Bonds,Banks
127,2021-08-01,8,2021,Other Domestic Bonds_Institutional Clients,375.168752,CORP,Other Domestic Bonds,Institutional Clients
91,2021-08-01,8,2021,Other Domestic Bonds_Investment Dealers,58.735549,CORP,Other Domestic Bonds,Investment Dealers
163,2021-08-01,8,2021,Other Domestic Bonds_Issuer,9.81228,CORP,Other Domestic Bonds,Issuer
151,2021-08-01,8,2021,Other Domestic Bonds_Non-Residents,94.696,CORP,Other Domestic Bonds,Non-Residents
139,2021-08-01,8,2021,Other Domestic Bonds_Retail Clients,9.651031,CORP,Other Domestic Bonds,Retail Clients
20,2021-09-01,9,2021,Corporate Bonds_Anonymous Systems: IDBBs and ATSs,1944.271,CORP,Corporate Bonds,Anonymous Systems: IDBBs and ATSs
32,2021-09-01,9,2021,Corporate Bonds_Banks,1045.078756,CORP,Corporate Bonds,Banks
44,2021-09-01,9,2021,Corporate Bonds_Institutional Clients,32348.40013,CORP,Corporate Bonds,Institutional Clients
8,2021-09-01,9,2021,Corporate Bonds_Investment Dealers,2534.10596,CORP,Corporate Bonds,Investment Dealers
80,2021-09-01,9,2021,Corporate Bonds_Issuer,125.438312,CORP,Corporate Bonds,Issuer
68,2021-09-01,9,2021,Corporate Bonds_Non-Residents,6972.428249,CORP,Corporate Bonds,Non-Residents
56,2021-09-01,9,2021,Corporate Bonds_Retail Clients,1256.341833,CORP,Corporate Bonds,Retail Clients
104,2021-09-01,9,2021,Other Domestic Bonds_Anonymous Systems: IDBBs and ATSs,40,CORP,Other Domestic Bonds,Anonymous Systems: IDBBs and ATSs
116,2021-09-01,9,2021,Other Domestic Bonds_Banks,8.766263,CORP,Other Domestic Bonds,Banks
128,2021-09-01,9,2021,Other Domestic Bonds_Institutional Clients,312.610135,CORP,Other Domestic Bonds,Institutional Clients
92,2021-09-01,9,2021,Other Domestic Bonds_Investment Dealers,130.2765,CORP,Other Domestic Bonds,Investment Dealers
164,2021-09-01,9,2021,Other Domestic Bonds_Issuer,23.088961,CORP,Other Domestic Bonds,Issuer
152,2021-09-01,9,2021,Other Domestic Bonds_Non-Residents,500.342,CORP,Other Domestic Bonds,Non-Residents
140,2021-09-01,9,2021,Other Domestic Bonds_Retail Clients,11.159423,CORP,Other Domestic Bonds,Retail Clients
21,2021-10-01,10,2021,Corporate Bonds_Anonymous Systems: IDBBs and ATSs,1918.123,CORP,Corporate Bonds,Anonymous Systems: IDBBs and ATSs
33,2021-10-01,10,2021,Corporate Bonds_Banks,1388.729764,CORP,Corporate Bonds,Banks
45,2021-10-01,10,2021,Corporate Bonds_Institutional Clients,33178.700728,CORP,Corporate Bonds,Institutional Clients
9,2021-10-01,10,2021,Corporate Bonds_Investment Dealers,2530.25552,CORP,Corporate Bonds,Investment Dealers
81,2021-10-01,10,2021,Corporate Bonds_Issuer,34.8327,CORP,Corporate Bonds,Issuer
69,2021-10-01,10,2021,Corporate Bonds_Non-Residents,6070.190678,CORP,Corporate Bonds,Non-Residents
57,2021-10-01,10,2021,Corporate Bonds_Retail Clients,1138.386411,CORP,Corporate Bonds,Retail Clients
105,2021-10-01,10,2021,Other Domestic Bonds_Anonymous Systems: IDBBs and ATSs,4,CORP,Other Domestic Bonds,Anonymous Systems: IDBBs and ATSs
117,2021-10-01,10,2021,Other Domestic Bonds_Banks,55.495,CORP,Other Domestic Bonds,Banks
129,2021-10-01,10,2021,Other Domestic Bonds_Institutional Clients,507.963,CORP,Other Domestic Bonds,Institutional Clients
93,2021-10-01,10,2021,Other Domestic Bonds_Investment Dealers,106.6975,CORP,Other Domestic Bonds,Investment Dealers
165,2021-10-01,10,2021,Other Domestic Bonds_Issuer,49.069259,CORP,Other Domestic Bonds,Issuer
153,2021-10-01,10,2021,Other Domestic Bonds_Non-Residents,104.5405,CORP,Other Domestic Bonds,Non-Residents
141,2021-10-01,10,2021,Other Domestic Bonds_Retail Clients,33.362,CORP,Other Domestic Bonds,Retail Clients
22,2021-11-01,11,2021,Corporate Bonds_Anonymous Systems: IDBBs and ATSs,1002.3885,CORP,Corporate Bonds,Anonymous Systems: IDBBs and ATSs
34,2021-11-01,11,2021,Corporate Bonds_Banks,1186.246289,CORP,Corporate Bonds,Banks
46,2021-11-01,11,2021,Corporate Bonds_Institutional Clients,37378.061336,CORP,Corporate Bonds,Institutional Clients
10,2021-11-01,11,2021,Corporate Bonds_Investment Dealers,2581.426554,CORP,Corporate Bonds,Investment Dealers
82,2021-11-01,11,2021,Corporate Bonds_Issuer,111.659649,CORP,Corporate Bonds,Issuer
70,2021-11-01,11,2021,Corporate Bonds_Non-Residents,5917.760603,CORP,Corporate Bonds,Non-Residents
58,2021-11-01,11,2021,Corporate Bonds_Retail Clients,1067.245027,CORP,Corporate Bonds,Retail Clients
106,2021-11-01,11,2021,Other Domestic Bonds_Anonymous Systems: IDBBs and ATSs,0,CORP,Other Domestic Bonds,Anonymous Systems: IDBBs and ATSs
118,2021-11-01,11,2021,Other Domestic Bonds_Banks,56.58202,CORP,Other Domestic Bonds,Banks
130,2021-11-01,11,2021,Other Domestic Bonds_Institutional Clients,348.585355,CORP,Other Domestic Bonds,Institutional Clients
94,2021-11-01,11,2021,Other Domestic Bonds_Investment Dealers,62.805223,CORP,Other Domestic Bonds,Investment Dealers
166,2021-11-01,11,2021,Other Domestic Bonds_Issuer,9.367042,CORP,Other Domestic Bonds,Issuer
154,2021-11-01,11,2021,Other Domestic Bonds_Non-Residents,188.729,CORP,Other Domestic Bonds,Non-Residents
142,2021-11-01,11,2021,Other Domestic Bonds_Retail Clients,35.367405,CORP,Other Domestic Bonds,Retail Clients
23,2021-12-01,12,2021,Corporate Bonds_Anonymous Systems: IDBBs and ATSs,964.3585,CORP,Corporate Bonds,Anonymous Systems: IDBBs and ATSs
35,2021-12-01,12,2021,Corporate Bonds_Banks,1290.658841,CORP,Corporate Bonds,Banks
47,2021-12-01,12,2021,Corporate Bonds_Institutional Clients,27642.997892,CORP,Corporate Bonds,Institutional Clients
11,2021-12-01,12,2021,Corporate Bonds_Investment Dealers,1739.046338,CORP,Corporate Bonds,Investment Dealers
83,2021-12-01,12,2021,Corporate Bonds_Issuer,91.408653,CORP,Corporate Bonds,Issuer
71,2021-12-01,12,2021,Corporate Bonds_Non-Residents,5396.844944,CORP,Corporate Bonds,Non-Residents
59,2021-12-01,12,2021,Corporate Bonds_Retail Clients,1043.534127,CORP,Corporate Bonds,Retail Clients
107,2021-12-01,12,2021,Other Domestic Bonds_Anonymous Systems: IDBBs and ATSs,4,CORP,Other Domestic Bonds,Anonymous Systems: IDBBs and ATSs
119,2021-12-01,12,2021,Other Domestic Bonds_Banks,79.426245,CORP,Other Domestic Bonds,Banks
131,2021-12-01,12,2021,Other Domestic Bonds_Institutional Clients,767.040337,CORP,Other Domestic Bonds,Institutional Clients
95,2021-12-01,12,2021,Other Domestic Bonds_Investment Dealers,69.09904,CORP,Other Domestic Bonds,Investment Dealers
167,2021-12-01,12,2021,Other Domestic Bonds_Issuer,69.875339,CORP,Other Domestic Bonds,Issuer
155,2021-12-01,12,2021,Other Domestic Bonds_Non-Residents,312.927,CORP,Other Domestic Bonds,Non-Residents
143,2021-12-01,12,2021,Other Domestic Bonds_Retail Clients,10.815708,CORP,Other Domestic Bonds,Retail Clients
12,2022-01-01,1,2022,Corporate Bonds_Anonymous Systems: IDBBs and ATSs,2348.9135,CORP,Corporate Bonds,Anonymous Systems: IDBBs and ATSs
24,2022-01-01,1,2022,Corporate Bonds_Banks,1317.288748,CORP,Corporate Bonds,Banks
36,2022-01-01,1,2022,Corporate Bonds_Institutional Clients,34699.179395,CORP,Corporate Bonds,Institutional Clients
0,2022-01-01,1,2022,Corporate Bonds_Investment Dealers,1989.780915,CORP,Corporate Bonds,Investment Dealers
72,2022-01-01,1,2022,Corporate Bonds_Issuer,37.284683,CORP,Corporate Bonds,Issuer
60,2022-01-01,1,2022,Corporate Bonds_Non-Residents,12469.756638,CORP,Corporate Bonds,Non-Residents
48,2022-01-01,1,2022,Corporate Bonds_Retail Clients,1224.739899,CORP,Corporate Bonds,Retail Clients
96,2022-01-01,1,2022,Other Domestic Bonds_Anonymous Systems: IDBBs and ATSs,0,CORP,Other Domestic Bonds,Anonymous Systems: IDBBs and ATSs
108,2022-01-01,1,2022,Other Domestic Bonds_Banks,147.749198,CORP,Other Domestic Bonds,Banks
120,2022-01-01,1,2022,Other Domestic Bonds_Institutional Clients,154.4534,CORP,Other Domestic Bonds,Institutional Clients
84,2022-01-01,1,2022,Other Domestic Bonds_Investment Dealers,253.22437,CORP,Other Domestic Bonds,Investment Dealers
156,2022-01-01,1,2022,Other Domestic Bonds_Issuer,52.21952,CORP,Other Domestic Bonds,Issuer
144,2022-01-01,1,2022,Other Domestic Bonds_Non-Residents,268.223,CORP,Other Domestic Bonds,Non-Residents
132,2022-01-01,1,2022,Other Domestic Bonds_Retail Clients,10.112113,CORP,Other Domestic Bonds,Retail Clients
13,2022-02-01,2,2022,Corporate Bonds_Anonymous Systems: IDBBs and ATSs,1025.4435,CORP,Corporate Bonds,Anonymous Systems: IDBBs and ATSs
25,2022-02-01,2,2022,Corporate Bonds_Banks,1205.619568,CORP,Corporate Bonds,Banks
37,2022-02-01,2,2022,Corporate Bonds_Institutional Clients,29240.293827,CORP,Corporate Bonds,Institutional Clients
1,2022-02-01,2,2022,Corporate Bonds_Investment Dealers,2868.353347,CORP,Corporate Bonds,Investment Dealers
73,2022-02-01,2,2022,Corporate Bonds_Issuer,10.5575,CORP,Corporate Bonds,Issuer
61,2022-02-01,2,2022,Corporate Bonds_Non-Residents,5300.688456,CORP,Corporate Bonds,Non-Residents
49,2022-02-01,2,2022,Corporate Bonds_Retail Clients,1297.579895,CORP,Corporate Bonds,Retail Clients
97,2022-02-01,2,2022,Other Domestic Bonds_Anonymous Systems: IDBBs and ATSs,0,CORP,Other Domestic Bonds,Anonymous Systems: IDBBs and ATSs
109,2022-02-01,2,2022,Other Domestic Bonds_Banks,389.766249,CORP,Other Domestic Bonds,Banks
121,2022-02-01,2,2022,Other Domestic Bonds_Institutional Clients,370.201869,CORP,Other Domestic Bonds,Institutional Clients
85,2022-02-01,2,2022,Other Domestic Bonds_Investment Dealers,267.836131,CORP,Other Domestic Bonds,Investment Dealers
157,2022-02-01,2,2022,Other Domestic Bonds_Issuer,15.983,CORP,Other Domestic Bonds,Issuer
145,2022-02-01,2,2022,Other Domestic Bonds_Non-Residents,868.584,CORP,Other Domestic Bonds,Non-Residents
133,2022-02-01,2,2022,Other Domestic Bonds_Retail Clients,6.828121,CORP,Other Domestic Bonds,Retail Clients
14,2022-03-01,3,2022,Corporate Bonds_Anonymous Systems: IDBBs and ATSs,711.573,CORP,Corporate Bonds,Anonymous Systems: IDBBs and ATSs
26,2022-03-01,3,2022,Corporate Bonds_Banks,1346.43606,CORP,Corporate Bonds,Banks
38,2022-03-01,3,2022,Corporate Bonds_Institutional Clients,52515.222567,CORP,Corporate Bonds,Institutional Clients
2,2022-03-01,3,2022,Corporate Bonds_Investment Dealers,3632.118942,CORP,Corporate Bonds,Investment Dealers
74,2022-03-01,3,2022,Corporate Bonds_Issuer,113.5805,CORP,Corporate Bonds,Issuer
62,2022-03-01,3,2022,Corporate Bonds_Non-Residents,9048.612284,CORP,Corporate Bonds,Non-Residents
50,2022-03-01,3,2022,Corporate Bonds_Retail Clients,2419.597507,CORP,Corporate Bonds,Retail Clients
98,2022-03-01,3,2022,Other Domestic Bonds_Anonymous Systems: IDBBs and ATSs,0,CORP,Other Domestic Bonds,Anonymous Systems: IDBBs and ATSs
110,2022-03-01,3,2022,Other Domestic Bonds_Banks,218.491936,CORP,Other Domestic Bonds,Banks
122,2022-03-01,3,2022,Other Domestic Bonds_Institutional Clients,785.806577,CORP,Other Domestic Bonds,Institutional Clients
86,2022-03-01,3,2022,Other Domestic Bonds_Investment Dealers,489.23382,CORP,Other Domestic Bonds,Investment Dealers
158,2022-03-01,3,2022,Other Domestic Bonds_Issuer,88.911,CORP,Other Domestic Bonds,Issuer
146,2022-03-01,3,2022,Other Domestic Bonds_Non-Residents,610.220097,CORP,Other Domestic Bonds,Non-Residents
134,2022-03-01,3,2022,Other Domestic Bonds_Retail Clients,16.936398,CORP,Other Domestic Bonds,Retail Clients
15,2022-04-01,4,2022,Corporate Bonds_Anonymous Systems: IDBBs and ATSs,1186.489,CORP,Corporate Bonds,Anonymous Systems: IDBBs and ATSs
27,2022-04-01,4,2022,Corporate Bonds_Banks,743.50954,CORP,Corporate Bonds,Banks
39,2022-04-01,4,2022,Corporate Bonds_Institutional Clients,33867.699166,CORP,Corporate Bonds,Institutional Clients
3,2022-04-01,4,2022,Corporate Bonds_Investment Dealers,2424.649992,CORP,Corporate Bonds,Investment Dealers
75,2022-04-01,4,2022,Corporate Bonds_Issuer,12.516,CORP,Corporate Bonds,Issuer
63,2022-04-01,4,2022,Corporate Bonds_Non-Residents,6538.973587,CORP,Corporate Bonds,Non-Residents
51,2022-04-01,4,2022,Corporate Bonds_Retail Clients,2575.364892,CORP,Corporate Bonds,Retail Clients
99,2022-04-01,4,2022,Other Domestic Bonds_Anonymous Systems: IDBBs and ATSs,0,CORP,Other Domestic Bonds,Anonymous Systems: IDBBs and ATSs
111,2022-04-01,4,2022,Other Domestic Bonds_Banks,78.046772,CORP,Other Domestic Bonds,Banks
123,2022-04-01,4,2022,Other Domestic Bonds_Institutional Clients,282.887949,CORP,Other Domestic Bonds,Institutional Clients
87,2022-04-01,4,2022,Other Domestic Bonds_Investment Dealers,68.381537,CORP,Other Domestic Bonds,Investment Dealers
159,2022-04-01,4,2022,Other Domestic Bonds_Issuer,83.461,CORP,Other Domestic Bonds,Issuer
147,2022-04-01,4,2022,Other Domestic Bonds_Non-Residents,358.5805,CORP,Other Domestic Bonds,Non-Residents
135,2022-04-01,4,2022,Other Domestic Bonds_Retail Clients,11.848151,CORP,Other Domestic Bonds,Retail Clients
16,2022-05-01,5,2022,Corporate Bonds_Anonymous Systems: IDBBs and ATSs,1073.074,CORP,Corporate Bonds,Anonymous Systems: IDBBs and ATSs
28,2022-05-01,5,2022,Corporate Bonds_Banks,1367.244501,CORP,Corporate Bonds,Banks
40,2022-05-01,5,2022,Corporate Bonds_Institutional Clients,36040.98676,CORP,Corporate Bonds,Institutional Clients
4,2022-05-01,5,2022,Corporate Bonds_Investment Dealers,3158.568343,CORP,Corporate Bonds,Investment Dealers
76,2022-05-01,5,2022,Corporate Bonds_Issuer,13.5995,CORP,Corporate Bonds,Issuer
64,2022-05-01,5,2022,Corporate Bonds_Non-Residents,6827.710246,CORP,Corporate Bonds,Non-Residents
52,2022-05-01,5,2022,Corporate Bonds_Retail Clients,2642.137123,CORP,Corporate Bonds,Retail Clients
100,2022-05-01,5,2022,Other Domestic Bonds_Anonymous Systems: IDBBs and ATSs,30,CORP,Other Domestic Bonds,Anonymous Systems: IDBBs and ATSs
112,2022-05-01,5,2022,Other Domestic Bonds_Banks,316.713463,CORP,Other Domestic Bonds,Banks
124,2022-05-01,5,2022,Other Domestic Bonds_Institutional Clients,348.868797,CORP,Other Domestic Bonds,Institutional Clients
88,2022-05-01,5,2022,Other Domestic Bonds_Investment Dealers,226.285122,CORP,Other Domestic Bonds,Investment Dealers
160,2022-05-01,5,2022,Other Domestic Bonds_Issuer,83.92993,CORP,Other Domestic Bonds,Issuer
148,2022-05-01,5,2022,Other Domestic Bonds_Non-Residents,322.3165,CORP,Other Domestic Bonds,Non-Residents
136,2022-05-01,5,2022,Other Domestic Bonds_Retail Clients,8.162533,CORP,Other Domestic Bonds,Retail Clients
17,2022-06-01,6,2022,Corporate Bonds_Anonymous Systems: IDBBs and ATSs,1404.048,CORP,Corporate Bonds,Anonymous Systems: IDBBs and ATSs
29,2022-06-01,6,2022,Corporate Bonds_Banks,1688.148855,CORP,Corporate Bonds,Banks
41,2022-06-01,6,2022,Corporate Bonds_Institutional Clients,40031.933516,CORP,Corporate Bonds,Institutional Clients
5,2022-06-01,6,2022,Corporate Bonds_Investment Dealers,3570.265317,CORP,Corporate Bonds,Investment Dealers
77,2022-06-01,6,2022,Corporate Bonds_Issuer,37.440802,CORP,Corporate Bonds,Issuer
65,2022-06-01,6,2022,Corporate Bonds_Non-Residents,6837.328148,CORP,Corporate Bonds,Non-Residents
53,2022-06-01,6,2022,Corporate Bonds_Retail Clients,3104.50571,CORP,Corporate Bonds,Retail Clients
101,2022-06-01,6,2022,Other Domestic Bonds_Anonymous Systems: IDBBs and ATSs,40,CORP,Other Domestic Bonds,Anonymous Systems: IDBBs and ATSs
113,2022-06-01,6,2022,Other Domestic Bonds_Banks,29.016668,CORP,Other Domestic Bonds,Banks
125,2022-06-01,6,2022,Other Domestic Bonds_Institutional Clients,705.534049,CORP,Other Domestic Bonds,Institutional Clients
89,2022-06-01,6,2022,Other Domestic Bonds_Investment Dealers,97.080014,CORP,Other Domestic Bonds,Investment Dealers
161,2022-06-01,6,2022,Other Domestic Bonds_Issuer,21.534,CORP,Other Domestic Bonds,Issuer
149,2022-06-01,6,2022,Other Domestic Bonds_Non-Residents,250.7815,CORP,Other Domestic Bonds,Non-Residents
137,2022-06-01,6,2022,Other Domestic Bonds_Retail Clients,16.087546,CORP,Other Domestic Bonds,Retail Clients
18,2022-07-01,7,2022,Corporate Bonds_Anonymous Systems: IDBBs and ATSs,1427.387,CORP,Corporate Bonds,Anonymous Systems: IDBBs and ATSs
30,2022-07-01,7,2022,Corporate Bonds_Banks,838.365775,CORP,Corporate Bonds,Banks
42,2022-07-01,7,2022,Corporate Bonds_Institutional Clients,27341.012293,CORP,Corporate Bonds,Institutional Clients
6,2022-07-01,7,2022,Corporate Bonds_Investment Dealers,2607.343079,CORP,Corporate Bonds,Investment Dealers
78,2022-07-01,7,2022,Corporate Bonds_Issuer,31.127,CORP,Corporate Bonds,Issuer
66,2022-07-01,7,2022,Corporate Bonds_Non-Residents,5378.499537,CORP,Corporate Bonds,Non-Residents
54,2022-07-01,7,2022,Corporate Bonds_Retail Clients,2289.181208,CORP,Corporate Bonds,Retail Clients
102,2022-07-01,7,2022,Other Domestic Bonds_Anonymous Systems: IDBBs and ATSs,26,CORP,Other Domestic Bonds,Anonymous Systems: IDBBs and ATSs
114,2022-07-01,7,2022,Other Domestic Bonds_Banks,1111.36557,CORP,Other Domestic Bonds,Banks
126,2022-07-01,7,2022,Other Domestic Bonds_Institutional Clients,505.433981,CORP,Other Domestic Bonds,Institutional Clients
90,2022-07-01,7,2022,Other Domestic Bonds_Investment Dealers,1149.229746,CORP,Other Domestic Bonds,Investment Dealers
162,2022-07-01,7,2022,Other Domestic Bonds_Issuer,40.507,CORP,Other Domestic Bonds,Issuer
150,2022-07-01,7,2022,Other Domestic Bonds_Non-Residents,483.643321,CORP,Other Domestic Bonds,Non-Residents
138,2022-07-01,7,2022,Other Domestic Bonds_Retail Clients,14.675803,CORP,Other Domestic Bonds,Retail Clients
19,2022-08-01,8,2022,Corporate Bonds_Anonymous Systems: IDBBs and ATSs,1422.828,CORP,Corporate Bonds,Anonymous Systems: IDBBs and ATSs
31,2022-08-01,8,2022,Corporate Bonds_Banks,1008.436247,CORP,Corporate Bonds,Banks
43,2022-08-01,8,2022,Corporate Bonds_Institutional Clients,30072.008398,CORP,Corporate Bonds,Institutional Clients
7,2022-08-01,8,2022,Corporate Bonds_Investment Dealers,2943.14402,CORP,Corporate Bonds,Investment Dealers
79,2022-08-01,8,2022,Corporate Bonds_Issuer,30.565,CORP,Corporate Bonds,Issuer
67,2022-08-01,8,2022,Corporate Bonds_Non-Residents,6350.785652,CORP,Corporate Bonds,Non-Residents
55,2022-08-01,8,2022,Corporate Bonds_Retail Clients,2471.822947,CORP,Corporate Bonds,Retail Clients
103,2022-08-01,8,2022,Other Domestic Bonds_Anonymous Systems: IDBBs and ATSs,65.2,CORP,Other Domestic Bonds,Anonymous Systems: IDBBs and ATSs
115,2022-08-01,8,2022,Other Domestic Bonds_Banks,288.918716,CORP,Other Domestic Bonds,Banks
127,2022-08-01,8,2022,Other Domestic Bonds_Institutional Clients,1310.593073,CORP,Other Domestic Bonds,Institutional Clients
91,2022-08-01,8,2022,Other Domestic Bonds_Investment Dealers,436.473709,CORP,Other Domestic Bonds,Investment Dealers
163,2022-08-01,8,2022,Other Domestic Bonds_Issuer,14.152,CORP,Other Domestic Bonds,Issuer
151,2022-08-01,8,2022,Other Domestic Bonds_Non-Residents,360.19,CORP,Other Domestic Bonds,Non-Residents
139,2022-08-01,8,2022,Other Domestic Bonds_Retail Clients,26.539279,CORP,Other Domestic Bonds,Retail Clients
20,2022-09-01,9,2022,Corporate Bonds_Anonymous Systems: IDBBs and ATSs,1618.455,CORP,Corporate Bonds,Anonymous Systems: IDBBs and ATSs
32,2022-09-01,9,2022,Corporate Bonds_Banks,917.616994,CORP,Corporate Bonds,Banks
44,2022-09-01,9,2022,Corporate Bonds_Institutional Clients,35374.297067,CORP,Corporate Bonds,Institutional Clients
8,2022-09-01,9,2022,Corporate Bonds_Investment Dealers,2864.796658,CORP,Corporate Bonds,Investment Dealers
80,2022-09-01,9,2022,Corporate Bonds_Issuer,31.15,CORP,Corporate Bonds,Issuer
68,2022-09-01,9,2022,Corporate Bonds_Non-Residents,7529.803319,CORP,Corporate Bonds,Non-Residents
56,2022-09-01,9,2022,Corporate Bonds_Retail Clients,3196.598259,CORP,Corporate Bonds,Retail Clients
104,2022-09-01,9,2022,Other Domestic Bonds_Anonymous Systems: IDBBs and ATSs,30,CORP,Other Domestic Bonds,Anonymous Systems: IDBBs and ATSs
116,2022-09-01,9,2022,Other Domestic Bonds_Banks,195.526128,CORP,Other Domestic Bonds,Banks
128,2022-09-01,9,2022,Other Domestic Bonds_Institutional Clients,1414.783256,CORP,Other Domestic Bonds,Institutional Clients
92,2022-09-01,9,2022,Other Domestic Bonds_Investment Dealers,343.576461,CORP,Other Domestic Bonds,Investment Dealers
164,2022-09-01,9,2022,Other Domestic Bonds_Issuer,51.382878,CORP,Other Domestic Bonds,Issuer
152,2022-09-01,9,2022,Other Domestic Bonds_Non-Residents,235.0095,CORP,Other Domestic Bonds,Non-Residents
140,2022-09-01,9,2022,Other Domestic Bonds_Retail Clients,27.660312,CORP,Other Domestic Bonds,Retail Clients
21,2022-10-01,10,2022,Corporate Bonds_Anonymous Systems: IDBBs and ATSs,2102.537837,CORP,Corporate Bonds,Anonymous Systems: IDBBs and ATSs
33,2022-10-01,10,2022,Corporate Bonds_Banks,1402.510116,CORP,Corporate Bonds,Banks
45,2022-10-01,10,2022,Corporate Bonds_Institutional Clients,44619.858842,CORP,Corporate Bonds,Institutional Clients
9,2022-10-01,10,2022,Corporate Bonds_Investment Dealers,3993.40008,CORP,Corporate Bonds,Investment Dealers
81,2022-10-01,10,2022,Corporate Bonds_Issuer,61.5055,CORP,Corporate Bonds,Issuer
69,2022-10-01,10,2022,Corporate Bonds_Non-Residents,8099.939588,CORP,Corporate Bonds,Non-Residents
57,2022-10-01,10,2022,Corporate Bonds_Retail Clients,3239.918002,CORP,Corporate Bonds,Retail Clients
105,2022-10-01,10,2022,Other Domestic Bonds_Anonymous Systems: IDBBs and ATSs,0,CORP,Other Domestic Bonds,Anonymous Systems: IDBBs and ATSs
117,2022-10-01,10,2022,Other Domestic Bonds_Banks,434.173341,CORP,Other Domestic Bonds,Banks
129,2022-10-01,10,2022,Other Domestic Bonds_Institutional Clients,1954.624812,CORP,Other Domestic Bonds,Institutional Clients
93,2022-10-01,10,2022,Other Domestic Bonds_Investment Dealers,528.837705,CORP,Other Domestic Bonds,Investment Dealers
165,2022-10-01,10,2022,Other Domestic Bonds_Issuer,28.973,CORP,Other Domestic Bonds,Issuer
153,2022-10-01,10,2022,Other Domestic Bonds_Non-Residents,334.788163,CORP,Other Domestic Bonds,Non-Residents
141,2022-10-01,10,2022,Other Domestic Bonds_Retail Clients,33.105952,CORP,Other Domestic Bonds,Retail Clients
22,2022-11-01,11,2022,Corporate Bonds_Anonymous Systems: IDBBs and ATSs,1659.707312,CORP,Corporate Bonds,Anonymous Systems: IDBBs and ATSs
34,2022-11-01,11,2022,Corporate Bonds_Banks,1566.665721,CORP,Corporate Bonds,Banks
46,2022-11-01,11,2022,Corporate Bonds_Institutional Clients,43721.417548,CORP,Corporate Bonds,Institutional Clients
10,2022-11-01,11,2022,Corporate Bonds_Investment Dealers,4516.093848,CORP,Corporate Bonds,Investment Dealers
82,2022-11-01,11,2022,Corporate Bonds_Issuer,24.705,CORP,Corporate Bonds,Issuer
70,2022-11-01,11,2022,Corporate Bonds_Non-Residents,7319.332034,CORP,Corporate Bonds,Non-Residents
58,2022-11-01,11,2022,Corporate Bonds_Retail Clients,4550.158683,CORP,Corporate Bonds,Retail Clients
106,2022-11-01,11,2022,Other Domestic Bonds_Anonymous Systems: IDBBs and ATSs,4.5,CORP,Other Domestic Bonds,Anonymous Systems: IDBBs and ATSs
118,2022-11-01,11,2022,Other Domestic Bonds_Banks,690.672747,CORP,Other Domestic Bonds,Banks
130,2022-11-01,11,2022,Other Domestic Bonds_Institutional Clients,1289.243511,CORP,Other Domestic Bonds,Institutional Clients
94,2022-11-01,11,2022,Other Domestic Bonds_Investment Dealers,782.089005,CORP,Other Domestic Bonds,Investment Dealers
166,2022-11-01,11,2022,Other Domestic Bonds_Issuer,4.306,CORP,Other Domestic Bonds,Issuer
154,2022-11-01,11,2022,Other Domestic Bonds_Non-Residents,770.31799,CORP,Other Domestic Bonds,Non-Residents
142,2022-11-01,11,2022,Other Domestic Bonds_Retail Clients,34.524499,CORP,Other Domestic Bonds,Retail Clients
23,2022-12-01,12,2022,Corporate Bonds_Anonymous Systems: IDBBs and ATSs,1820.604,CORP,Corporate Bonds,Anonymous Systems: IDBBs and ATSs
35,2022-12-01,12,2022,Corporate Bonds_Banks,1205.310029,CORP,Corporate Bonds,Banks
47,2022-12-01,12,2022,Corporate Bonds_Institutional Clients,34855.470553,CORP,Corporate Bonds,Institutional Clients
11,2022-12-01,12,2022,Corporate Bonds_Investment Dealers,3768.590788,CORP,Corporate Bonds,Investment Dealers
83,2022-12-01,12,2022,Corporate Bonds_Issuer,7.3515,CORP,Corporate Bonds,Issuer
71,2022-12-01,12,2022,Corporate Bonds_Non-Residents,4650.813281,CORP,Corporate Bonds,Non-Residents
59,2022-12-01,12,2022,Corporate Bonds_Retail Clients,3600.539531,CORP,Corporate Bonds,Retail Clients
107,2022-12-01,12,2022,Other Domestic Bonds_Anonymous Systems: IDBBs and ATSs,44,CORP,Other Domestic Bonds,Anonymous Systems: IDBBs and ATSs
119,2022-12-01,12,2022,Other Domestic Bonds_Banks,312.499513,CORP,Other Domestic Bonds,Banks
131,2022-12-01,12,2022,Other Domestic Bonds_Institutional Clients,1866.821728,CORP,Other Domestic Bonds,Institutional Clients
95,2022-12-01,12,2022,Other Domestic Bonds_Investment Dealers,584.321623,CORP,Other Domestic Bonds,Investment Dealers
167,2022-12-01,12,2022,Other Domestic Bonds_Issuer,788.320891,CORP,Other Domestic Bonds,Issuer
155,2022-12-01,12,2022,Other Domestic Bonds_Non-Residents,269.716023,CORP,Other Domestic Bonds,Non-Residents
143,2022-12-01,12,2022,Other Domestic Bonds_Retail Clients,32.116852,CORP,Other Domestic Bonds,Retail Clients
12,2023-01-01,1,2023,Corporate Bonds_Anonymous Systems: IDBBs and ATSs,2461.9835,CORP,Corporate Bonds,Anonymous Systems: IDBBs and ATSs
24,2023-01-01,1,2023,Corporate Bonds_Banks,970.976397,CORP,Corporate Bonds,Banks
36,2023-01-01,1,2023,Corporate Bonds_Institutional Clients,36126.373747,CORP,Corporate Bonds,Institutional Clients
0,2023-01-01,1,2023,Corporate Bonds_Investment Dealers,3428.442083,CORP,Corporate Bonds,Investment Dealers
72,2023-01-01,1,2023,Corporate Bonds_Issuer,58.3885,CORP,Corporate Bonds,Issuer
60,2023-01-01,1,2023,Corporate Bonds_Non-Residents,8211.833147,CORP,Corporate Bonds,Non-Residents
48,2023-01-01,1,2023,Corporate Bonds_Retail Clients,3090.969466,CORP,Corporate Bonds,Retail Clients
96,2023-01-01,1,2023,Other Domestic Bonds_Anonymous Systems: IDBBs and ATSs,242,CORP,Other Domestic Bonds,Anonymous Systems: IDBBs and ATSs
108,2023-01-01,1,2023,Other Domestic Bonds_Banks,733.865961,CORP,Other Domestic Bonds,Banks
120,2023-01-01,1,2023,Other Domestic Bonds_Institutional Clients,2110.447317,CORP,Other Domestic Bonds,Institutional Clients
84,2023-01-01,1,2023,Other Domestic Bonds_Investment Dealers,730.564975,CORP,Other Domestic Bonds,Investment Dealers
156,2023-01-01,1,2023,Other Domestic Bonds_Issuer,0.0,CORP,Other Domestic Bonds,Issuer
144,2023-01-01,1,2023,Other Domestic Bonds_Non-Residents,246.838,CORP,Other Domestic Bonds,Non-Residents
132,2023-01-01,1,2023,Other Domestic Bonds_Retail Clients,34.450853,CORP,Other Domestic Bonds,Retail Clients
13,2023-02-01,2,2023,Corporate Bonds_Anonymous Systems: IDBBs and ATSs,1918.812,CORP,Corporate Bonds,Anonymous Systems: IDBBs and ATSs
25,2023-02-01,2,2023,Corporate Bonds_Banks,673.872352,CORP,Corporate Bonds,Banks
37,2023-02-01,2,2023,Corporate Bonds_Institutional Clients,36003.609018,CORP,Corporate Bonds,Institutional Clients
1,2023-02-01,2,2023,Corporate Bonds_Investment Dealers,2579.795071,CORP,Corporate Bonds,Investment Dealers
73,2023-02-01,2,2023,Corporate Bonds_Issuer,23.861,CORP,Corporate Bonds,Issuer
61,2023-02-01,2,2023,Corporate Bonds_Non-Residents,6120.27169,CORP,Corporate Bonds,Non-Residents
49,2023-02-01,2,2023,Corporate Bonds_Retail Clients,3309.692968,CORP,Corporate Bonds,Retail Clients
97,2023-02-01,2,2023,Other Domestic Bonds_Anonymous Systems: IDBBs and ATSs,201,CORP,Other Domestic Bonds,Anonymous Systems: IDBBs and ATSs
109,2023-02-01,2,2023,Other Domestic Bonds_Banks,1255.383699,CORP,Other Domestic Bonds,Banks
121,2023-02-01,2,2023,Other Domestic Bonds_Institutional Clients,3556.497895,CORP,Other Domestic Bonds,Institutional Clients
85,2023-02-01,2,2023,Other Domestic Bonds_Investment Dealers,384.495801,CORP,Other Domestic Bonds,Investment Dealers
157,2023-02-01,2,2023,Other Domestic Bonds_Issuer,1.569451,CORP,Other Domestic Bonds,Issuer
145,2023-02-01,2,2023,Other Domestic Bonds_Non-Residents,266.55939,CORP,Other Domestic Bonds,Non-Residents
133,2023-02-01,2,2023,Other Domestic Bonds_Retail Clients,40.849364,CORP,Other Domestic Bonds,Retail Clients
14,2023-03-01,3,2023,Corporate Bonds_Anonymous Systems: IDBBs and ATSs,1170.484,CORP,Corporate Bonds,Anonymous Systems: IDBBs and ATSs
26,2023-03-01,3,2023,Corporate Bonds_Banks,987.1007,CORP,Corporate Bonds,Banks
38,2023-03-01,3,2023,Corporate Bonds_Institutional Clients,41809.197711,CORP,Corporate Bonds,Institutional Clients
2,2023-03-01,3,2023,Corporate Bonds_Investment Dealers,3096.376458,CORP,Corporate Bonds,Investment Dealers
74,2023-03-01,3,2023,Corporate Bonds_Issuer,63.6035,CORP,Corporate Bonds,Issuer
62,2023-03-01,3,2023,Corporate Bonds_Non-Residents,6972.798916,CORP,Corporate Bonds,Non-Residents
50,2023-03-01,3,2023,Corporate Bonds_Retail Clients,3247.82377,CORP,Corporate Bonds,Retail Clients
98,2023-03-01,3,2023,Other Domestic Bonds_Anonymous Systems: IDBBs and ATSs,202,CORP,Other Domestic Bonds,Anonymous Systems: IDBBs and ATSs
110,2023-03-01,3,2023,Other Domestic Bonds_Banks,550.670056,CORP,Other Domestic Bonds,Banks
122,2023-03-01,3,2023,Other Domestic Bonds_Institutional Clients,1245.682939,CORP,Other Domestic Bonds,Institutional Clients
86,2023-03-01,3,2023,Other Domestic Bonds_Investment Dealers,820.890058,CORP,Other Domestic Bonds,Investment Dealers
158,2023-03-01,3,2023,Other Domestic Bonds_Issuer,76.684,CORP,Other Domestic Bonds,Issuer
146,2023-03-01,3,2023,Other Domestic Bonds_Non-Residents,311.3994,CORP,Other Domestic Bonds,Non-Residents
134,2023-03-01,3,2023,Other Domestic Bonds_Retail Clients,30.578755,CORP,Other Domestic Bonds,Retail Clients
15,2023-04-01,4,2023,Corporate Bonds_Anonymous Systems: IDBBs and ATSs,1497.1945,CORP,Corporate Bonds,Anonymous Systems: IDBBs and ATSs
27,2023-04-01,4,2023,Corporate Bonds_Banks,883.105206,CORP,Corporate Bonds,Banks
39,2023-04-01,4,2023,Corporate Bonds_Institutional Clients,26713.612973,CORP,Corporate Bonds,Institutional Clients
3,2023-04-01,4,2023,Corporate Bonds_Investment Dealers,2692.927976,CORP,Corporate Bonds,Investment Dealers
75,2023-04-01,4,2023,Corporate Bonds_Issuer,0.658249,CORP,Corporate Bonds,Issuer
63,2023-04-01,4,2023,Corporate Bonds_Non-Residents,5431.975819,CORP,Corporate Bonds,Non-Residents
51,2023-04-01,4,2023,Corporate Bonds_Retail Clients,3043.824256,CORP,Corporate Bonds,Retail Clients
99,2023-04-01,4,2023,Other Domestic Bonds_Anonymous Systems: IDBBs and ATSs,117.04,CORP,Other Domestic Bonds,Anonymous Systems: IDBBs and ATSs
111,2023-04-01,4,2023,Other Domestic Bonds_Banks,432.501399,CORP,Other Domestic Bonds,Banks
123,2023-04-01,4,2023,Other Domestic Bonds_Institutional Clients,857.885396,CORP,Other Domestic Bonds,Institutional Clients
87,2023-04-01,4,2023,Other Domestic Bonds_Investment Dealers,769.663349,CORP,Other Domestic Bonds,Investment Dealers
159,2023-04-01,4,2023,Other Domestic Bonds_Issuer,0.477,CORP,Other Domestic Bonds,Issuer
147,2023-04-01,4,2023,Other Domestic Bonds_Non-Residents,197.656814,CORP,Other Domestic Bonds,Non-Residents
135,2023-04-01,4,2023,Other Domestic Bonds_Retail Clients,25.03557,CORP,Other Domestic Bonds,Retail Clients
16,2023-05-01,5,2023,Corporate Bonds_Anonymous Systems: IDBBs and ATSs,1410.039,CORP,Corporate Bonds,Anonymous Systems: IDBBs and ATSs
28,2023-05-01,5,2023,Corporate Bonds_Banks,1158.071756,CORP,Corporate Bonds,Banks
40,2023-05-01,5,2023,Corporate Bonds_Institutional Clients,37688.433641,CORP,Corporate Bonds,Institutional Clients
4,2023-05-01,5,2023,Corporate Bonds_Investment Dealers,9098.177675,CORP,Corporate Bonds,Investment Dealers
76,2023-05-01,5,2023,Corporate Bonds_Issuer,168.1936,CORP,Corporate Bonds,Issuer
64,2023-05-01,5,2023,Corporate Bonds_Non-Residents,6869.931957,CORP,Corporate Bonds,Non-Residents
52,2023-05-01,5,2023,Corporate Bonds_Retail Clients,3491.539272,CORP,Corporate Bonds,Retail Clients
100,2023-05-01,5,2023,Other Domestic Bonds_Anonymous Systems: IDBBs and ATSs,503,CORP,Other Domestic Bonds,Anonymous Systems: IDBBs and ATSs
112,2023-05-01,5,2023,Other Domestic Bonds_Banks,455.768248,CORP,Other Domestic Bonds,Banks
124,2023-05-01,5,2023,Other Domestic Bonds_Institutional Clients,637.570782,CORP,Other Domestic Bonds,Institutional Clients
88,2023-05-01,5,2023,Other Domestic Bonds_Investment Dealers,478.771231,CORP,Other Domestic Bonds,Investment Dealers
160,2023-05-01,5,2023,Other Domestic Bonds_Issuer,6.0,CORP,Other Domestic Bonds,Issuer
148,2023-05-01,5,2023,Other Domestic Bonds_Non-Residents,269.0185,CORP,Other Domestic Bonds,Non-Residents
136,2023-05-01,5,2023,Other Domestic Bonds_Retail Clients,27.856561,CORP,Other Domestic Bonds,Retail Clients
17,2023-06-01,6,2023,Corporate Bonds_Anonymous Systems: IDBBs and ATSs,2510.7815,CORP,Corporate Bonds,Anonymous Systems: IDBBs and ATSs
29,2023-06-01,6,2023,Corporate Bonds_Banks,1478.582259,CORP,Corporate Bonds,Banks
41,2023-06-01,6,2023,Corporate Bonds_Institutional Clients,37062.046804,CORP,Corporate Bonds,Institutional Clients
5,2023-06-01,6,2023,Corporate Bonds_Investment Dealers,3978.647679,CORP,Corporate Bonds,Investment Dealers
77,2023-06-01,6,2023,Corporate Bonds_Issuer,116.481415,CORP,Corporate Bonds,Issuer
65,2023-06-01,6,2023,Corporate Bonds_Non-Residents,7173.915834,CORP,Corporate Bonds,Non-Residents
53,2023-06-01,6,2023,Corporate Bonds_Retail Clients,3912.246359,CORP,Corporate Bonds,Retail Clients
101,2023-06-01,6,2023,Other Domestic Bonds_Anonymous Systems: IDBBs and ATSs,422,CORP,Other Domestic Bonds,Anonymous Systems: IDBBs and ATSs
113,2023-06-01,6,2023,Other Domestic Bonds_Banks,64.8375,CORP,Other Domestic Bonds,Banks
125,2023-06-01,6,2023,Other Domestic Bonds_Institutional Clients,621.2416,CORP,Other Domestic Bonds,Institutional Clients
89,2023-06-01,6,2023,Other Domestic Bonds_Investment Dealers,51.686,CORP,Other Domestic Bonds,Investment Dealers
161,2023-06-01,6,2023,Other Domestic Bonds_Issuer,0.0,CORP,Other Domestic Bonds,Issuer
149,2023-06-01,6,2023,Other Domestic Bonds_Non-Residents,304.464,CORP,Other Domestic Bonds,Non-Residents
137,2023-06-01,6,2023,Other Domestic Bonds_Retail Clients,15.8785,CORP,Other Domestic Bonds,Retail Clients
18,2023-07-01,7,2023,Corporate Bonds_Anonymous Systems: IDBBs and ATSs,2085.135,CORP,Corporate Bonds,Anonymous Systems: IDBBs and ATSs
30,2023-07-01,7,2023,Corporate Bonds_Banks,914.977332,CORP,Corporate Bonds,Banks
42,2023-07-01,7,2023,Corporate Bonds_Institutional Clients,29904.521339,CORP,Corporate Bonds,Institutional Clients
6,2023-07-01,7,2023,Corporate Bonds_Investment Dealers,3189.902417,CORP,Corporate Bonds,Investment Dealers
78,2023-07-01,7,2023,Corporate Bonds_Issuer,25.689636,CORP,Corporate Bonds,Issuer
66,2023-07-01,7,2023,Corporate Bonds_Non-Residents,9889.787946,CORP,Corporate Bonds,Non-Residents
54,2023-07-01,7,2023,Corporate Bonds_Retail Clients,3583.657467,CORP,Corporate Bonds,Retail Clients
102,2023-07-01,7,2023,Other Domestic Bonds_Anonymous Systems: IDBBs and ATSs,34,CORP,Other Domestic Bonds,Anonymous Systems: IDBBs and ATSs
114,2023-07-01,7,2023,Other Domestic Bonds_Banks,1.750624,CORP,Other Domestic Bonds,Banks
126,2023-07-01,7,2023,Other Domestic Bonds_Institutional Clients,180.154,CORP,Other Domestic Bonds,Institutional Clients
90,2023-07-01,7,2023,Other Domestic Bonds_Investment Dealers,11.100012,CORP,Other Domestic Bonds,Investment Dealers
162,2023-07-01,7,2023,Other Domestic Bonds_Issuer,0.0,CORP,Other Domestic Bonds,Issuer
150,2023-07-01,7,2023,Other Domestic Bonds_Non-Residents,203.0215,CORP,Other Domestic Bonds,Non-Residents
138,2023-07-01,7,2023,Other Domestic Bonds_Retail Clients,12.0025,CORP,Other Domestic Bonds,Retail Clients
19,2023-08-01,8,2023,Corporate Bonds_Anonymous Systems: IDBBs and ATSs,1489.413,CORP,Corporate Bonds,Anonymous Systems: IDBBs and ATSs
31,2023-08-01,8,2023,Corporate Bonds_Banks,1242.942212,CORP,Corporate Bonds,Banks
43,2023-08-01,8,2023,Corporate Bonds_Institutional Clients,32790.283322,CORP,Corporate Bonds,Institutional Clients
7,2023-08-01,8,2023,Corporate Bonds_Investment Dealers,3248.495676,CORP,Corporate Bonds,Investment Dealers
79,2023-08-01,8,2023,Corporate Bonds_Issuer,54.784621,CORP,Corporate Bonds,Issuer
67,2023-08-01,8,2023,Corporate Bonds_Non-Residents,7109.36486,CORP,Corporate Bonds,Non-Residents
55,2023-08-01,8,2023,Corporate Bonds_Retail Clients,3927.956238,CORP,Corporate Bonds,Retail Clients
103,2023-08-01,8,2023,Other Domestic Bonds_Anonymous Systems: IDBBs and ATSs,104,CORP,Other Domestic Bonds,Anonymous Systems: IDBBs and ATSs
115,2023-08-01,8,2023,Other Domestic Bonds_Banks,61.0785,CORP,Other Domestic Bonds,Banks
127,2023-08-01,8,2023,Other Domestic Bonds_Institutional Clients,594.05979,CORP,Other Domestic Bonds,Institutional Clients
91,2023-08-01,8,2023,Other Domestic Bonds_Investment Dealers,92.7685,CORP,Other Domestic Bonds,Investment Dealers
163,2023-08-01,8,2023,Other Domestic Bonds_Issuer,0.0,CORP,Other Domestic Bonds,Issuer
151,2023-08-01,8,2023,Other Domestic Bonds_Non-Residents,148.266,CORP,Other Domestic Bonds,Non-Residents
139,2023-08-01,8,2023,Other Domestic Bonds_Retail Clients,20.478859,CORP,Other Domestic Bonds,Retail Clients
20,2023-09-01,9,2023,Corporate Bonds_Anonymous Systems: IDBBs and ATSs,2805.2025,CORP,Corporate Bonds,Anonymous Systems: IDBBs and ATSs
32,2023-09-01,9,2023,Corporate Bonds_Banks,1329.257203,CORP,Corporate Bonds,Banks
44,2023-09-01,9,2023,Corporate Bonds_Institutional Clients,41327.104672,CORP,Corporate Bonds,Institutional Clients
8,2023-09-01,9,2023,Corporate Bonds_Investment Dealers,4045.933355,CORP,Corporate Bonds,Investment Dealers
80,2023-09-01,9,2023,Corporate Bonds_Issuer,107.020068,CORP,Corporate Bonds,Issuer
68,2023-09-01,9,2023,Corporate Bonds_Non-Residents,10146.184714,CORP,Corporate Bonds,Non-Residents
56,2023-09-01,9,2023,Corporate Bonds_Retail Clients,4667.789773,CORP,Corporate Bonds,Retail Clients
104,2023-09-01,9,2023,Other Domestic Bonds_Anonymous Systems: IDBBs and ATSs,237,CORP,Other Domestic Bonds,Anonymous Systems: IDBBs and ATSs
116,2023-09-01,9,2023,Other Domestic Bonds_Banks,264.40575,CORP,Other Domestic Bonds,Banks
128,2023-09-01,9,2023,Other Domestic Bonds_Institutional Clients,434.513124,CORP,Other Domestic Bonds,Institutional Clients
92,2023-09-01,9,2023,Other Domestic Bonds_Investment Dealers,120.0015,CORP,Other Domestic Bonds,Investment Dealers
164,2023-09-01,9,2023,Other Domestic Bonds_Issuer,0.0,CORP,Other Domestic Bonds,Issuer
152,2023-09-01,9,2023,Other Domestic Bonds_Non-Residents,918.983,CORP,Other Domestic Bonds,Non-Residents
140,2023-09-01,9,2023,Other Domestic Bonds_Retail Clients,12.162088,CORP,Other Domestic Bonds,Retail Clients
21,2023-10-01,10,2023,Corporate Bonds_Anonymous Systems: IDBBs and ATSs,2466.4625,CORP,Corporate Bonds,Anonymous Systems: IDBBs and ATSs
33,2023-10-01,10,2023,Corporate Bonds_Banks,1359.783964,CORP,Corporate Bonds,Banks
45,2023-10-01,10,2023,Corporate Bonds_Institutional Clients,34302.89227,CORP,Corporate Bonds,Institutional Clients
9,2023-10-01,10,2023,Corporate Bonds_Investment Dealers,3662.630405,CORP,Corporate Bonds,Investment Dealers
81,2023-10-01,10,2023,Corporate Bonds_Issuer,93.907937,CORP,Corporate Bonds,Issuer
69,2023-10-01,10,2023,Corporate Bonds_Non-Residents,6777.675189,CORP,Corporate Bonds,Non-Residents
57,2023-10-01,10,2023,Corporate Bonds_Retail Clients,4630.408594,CORP,Corporate Bonds,Retail Clients
105,2023-10-01,10,2023,Other Domestic Bonds_Anonymous Systems: IDBBs and ATSs,668,CORP,Other Domestic Bonds,Anonymous Systems: IDBBs and ATSs
117,2023-10-01,10,2023,Other Domestic Bonds_Banks,4.571,CORP,Other Domestic Bonds,Banks
129,2023-10-01,10,2023,Other Domestic Bonds_Institutional Clients,727.749056,CORP,Other Domestic Bonds,Institutional Clients
93,2023-10-01,10,2023,Other Domestic Bonds_Investment Dealers,17.983512,CORP,Other Domestic Bonds,Investment Dealers
165,2023-10-01,10,2023,Other Domestic Bonds_Issuer,0.0,CORP,Other Domestic Bonds,Issuer
153,2023-10-01,10,2023,Other Domestic Bonds_Non-Residents,205.717,CORP,Other Domestic Bonds,Non-Residents
141,2023-10-01,10,2023,Other Domestic Bonds_Retail Clients,27.003613,CORP,Other Domestic Bonds,Retail Clients
22,2023-11-01,11,2023,Corporate Bonds_Anonymous Systems: IDBBs and ATSs,2296.0055,CORP,Corporate Bonds,Anonymous Systems: IDBBs and ATSs
34,2023-11-01,11,2023,Corporate Bonds_Banks,1944.701409,CORP,Corporate Bonds,Banks
46,2023-11-01,11,2023,Corporate Bonds_Institutional Clients,44840.742008,CORP,Corporate Bonds,Institutional Clients
10,2023-11-01,11,2023,Corporate Bonds_Investment Dealers,3784.376354,CORP,Corporate Bonds,Investment Dealers
82,2023-11-01,11,2023,Corporate Bonds_Issuer,31.689649,CORP,Corporate Bonds,Issuer
70,2023-11-01,11,2023,Corporate Bonds_Non-Residents,7914.026314,CORP,Corporate Bonds,Non-Residents
58,2023-11-01,11,2023,Corporate Bonds_Retail Clients,4600.980585,CORP,Corporate Bonds,Retail Clients
106,2023-11-01,11,2023,Other Domestic Bonds_Anonymous Systems: IDBBs and ATSs,164,CORP,Other Domestic Bonds,Anonymous Systems: IDBBs and ATSs
118,2023-11-01,11,2023,Other Domestic Bonds_Banks,87.515432,CORP,Other Domestic Bonds,Banks
130,2023-11-01,11,2023,Other Domestic Bonds_Institutional Clients,383.708,CORP,Other Domestic Bonds,Institutional Clients
94,2023-11-01,11,2023,Other Domestic Bonds_Investment Dealers,122.546862,CORP,Other Domestic Bonds,Investment Dealers
166,2023-11-01,11,2023,Other Domestic Bonds_Issuer,0.0,CORP,Other Domestic Bonds,Issuer
154,2023-11-01,11,2023,Other Domestic Bonds_Non-Residents,254.918,CORP,Other Domestic Bonds,Non-Residents
142,2023-11-01,11,2023,Other Domestic Bonds_Retail Clients,17.676884,CORP,Other Domestic Bonds,Retail Clients
23,2023-12-01,12,2023,Corporate Bonds_Anonymous Systems: IDBBs and ATSs,1600.0495,CORP,Corporate Bonds,Anonymous Systems: IDBBs and ATSs
35,2023-12-01,12,2023,Corporate Bonds_Banks,1135.557564,CORP,Corporate Bonds,Banks
47,2023-12-01,12,2023,Corporate Bonds_Institutional Clients,31030.065291,CORP,Corporate Bonds,Institutional Clients
11,2023-12-01,12,2023,Corporate Bonds_Investment Dealers,3028.038086,CORP,Corporate Bonds,Investment Dealers
83,2023-12-01,12,2023,Corporate Bonds_Issuer,29.534074,CORP,Corporate Bonds,Issuer
71,2023-12-01,12,2023,Corporate Bonds_Non-Residents,6240.555003,CORP,Corporate Bonds,Non-Residents
59,2023-12-01,12,2023,Corporate Bonds_Retail Clients,4158.012583,CORP,Corporate Bonds,Retail Clients
107,2023-12-01,12,2023,Other Domestic Bonds_Anonymous Systems: IDBBs and ATSs,400.868,CORP,Other Domestic Bonds,Anonymous Systems: IDBBs and ATSs
119,2023-12-01,12,2023,Other Domestic Bonds_Banks,25.2258,CORP,Other Domestic Bonds,Banks
131,2023-12-01,12,2023,Other Domestic Bonds_Institutional Clients,531.800276,CORP,Other Domestic Bonds,Institutional Clients
95,2023-12-01,12,2023,Other Domestic Bonds_Investment Dealers,50.0185,CORP,Other Domestic Bonds,Investment Dealers
167,2023-12-01,12,2023,Other Domestic Bonds_Issuer,0.0,CORP,Other Domestic Bonds,Issuer
155,2023-12-01,12,2023,Other Domestic Bonds_Non-Residents,128.606,CORP,Other Domestic Bonds,Non-Residents
143,2023-12-01,12,2023,Other Domestic Bonds_Retail Clients,10.239721,CORP,Other Domestic Bonds,Retail Clients
12,2024-01-01,1,2024,Corporate Bonds_Anonymous Systems: IDBBs and ATSs,3741.546,CORP,Corporate Bonds,Anonymous Systems: IDBBs and ATSs
24,2024-01-01,1,2024,Corporate Bonds_Banks,1600.353663,CORP,Corporate Bonds,Banks
36,2024-01-01,1,2024,Corporate Bonds_Institutional Clients,41728.05112,CORP,Corporate Bonds,Institutional Clients
0,2024-01-01,1,2024,Corporate Bonds_Investment Dealers,4809.686176,CORP,Corporate Bonds,Investment Dealers
72,2024-01-01,1,2024,Corporate Bonds_Issuer,122.502175,CORP,Corporate Bonds,Issuer
60,2024-01-01,1,2024,Corporate Bonds_Non-Residents,9954.549303,CORP,Corporate Bonds,Non-Residents
48,2024-01-01,1,2024,Corporate Bonds_Retail Clients,3831.093669,CORP,Corporate Bonds,Retail Clients
96,2024-01-01,1,2024,Other Domestic Bonds_Anonymous Systems: IDBBs and ATSs,292,CORP,Other Domestic Bonds,Anonymous Systems: IDBBs and ATSs
108,2024-01-01,1,2024,Other Domestic Bonds_Banks,22.815,CORP,Other Domestic Bonds,Banks
120,2024-01-01,1,2024,Other Domestic Bonds_Institutional Clients,547.759309,CORP,Other Domestic Bonds,Institutional Clients
84,2024-01-01,1,2024,Other Domestic Bonds_Investment Dealers,38.258,CORP,Other Domestic Bonds,Investment Dealers
156,2024-01-01,1,2024,Other Domestic Bonds_Issuer,0.0,CORP,Other Domestic Bonds,Issuer
144,2024-01-01,1,2024,Other Domestic Bonds_Non-Residents,216.7075,CORP,Other Domestic Bonds,Non-Residents
132,2024-01-01,1,2024,Other Domestic Bonds_Retail Clients,2.919788,CORP,Other Domestic Bonds,Retail Clients
13,2024-02-01,2,2024,Corporate Bonds_Anonymous Systems: IDBBs and ATSs,2492.898,CORP,Corporate Bonds,Anonymous Systems: IDBBs and ATSs
25,2024-02-01,2,2024,Corporate Bonds_Banks,1499.483987,CORP,Corporate Bonds,Banks
37,2024-02-01,2,2024,Corporate Bonds_Institutional Clients,42584.873264,CORP,Corporate Bonds,Institutional Clients
1,2024-02-01,2,2024,Corporate Bonds_Investment Dealers,4721.240048,CORP,Corporate Bonds,Investment Dealers
73,2024-02-01,2,2024,Corporate Bonds_Issuer,39.585855,CORP,Corporate Bonds,Issuer
61,2024-02-01,2,2024,Corporate Bonds_Non-Residents,7069.930856,CORP,Corporate Bonds,Non-Residents
49,2024-02-01,2,2024,Corporate Bonds_Retail Clients,3698.305501,CORP,Corporate Bonds,Retail Clients
97,2024-02-01,2,2024,Other Domestic Bonds_Anonymous Systems: IDBBs and ATSs,634,CORP,Other Domestic Bonds,Anonymous Systems: IDBBs and ATSs
109,2024-02-01,2,2024,Other Domestic Bonds_Banks,16.8,CORP,Other Domestic Bonds,Banks
121,2024-02-01,2,2024,Other Domestic Bonds_Institutional Clients,747.662282,CORP,Other Domestic Bonds,Institutional Clients
85,2024-02-01,2,2024,Other Domestic Bonds_Investment Dealers,144.527,CORP,Other Domestic Bonds,Investment Dealers
157,2024-02-01,2,2024,Other Domestic Bonds_Issuer,0.632253,CORP,Other Domestic Bonds,Issuer
145,2024-02-01,2,2024,Other Domestic Bonds_Non-Residents,222.2595,CORP,Other Domestic Bonds,Non-Residents
133,2024-02-01,2,2024,Other Domestic Bonds_Retail Clients,5.298816,CORP,Other Domestic Bonds,Retail Clients
14,2024-03-01,3,2024,Corporate Bonds_Anonymous Systems: IDBBs and ATSs,2686.7575,CORP,Corporate Bonds,Anonymous Systems: IDBBs and ATSs
26,2024-03-01,3,2024,Corporate Bonds_Banks,1568.406286,CORP,Corporate Bonds,Banks
38,2024-03-01,3,2024,Corporate Bonds_Institutional Clients,38872.027157,CORP,Corporate Bonds,Institutional Clients
2,2024-03-01,3,2024,Corporate Bonds_Investment Dealers,4109.697182,CORP,Corporate Bonds,Investment Dealers
74,2024-03-01,3,2024,Corporate Bonds_Issuer,60.518156,CORP,Corporate Bonds,Issuer
62,2024-03-01,3,2024,Corporate Bonds_Non-Residents,8453.097621,CORP,Corporate Bonds,Non-Residents
50,2024-03-01,3,2024,Corporate Bonds_Retail Clients,3703.892967,CORP,Corporate Bonds,Retail Clients
98,2024-03-01,3,2024,Other Domestic Bonds_Anonymous Systems: IDBBs and ATSs,324,CORP,Other Domestic Bonds,Anonymous Systems: IDBBs and ATSs
110,2024-03-01,3,2024,Other Domestic Bonds_Banks,45.9915,CORP,Other Domestic Bonds,Banks
122,2024-03-01,3,2024,Other Domestic Bonds_Institutional Clients,484.082714,CORP,Other Domestic Bonds,Institutional Clients
86,2024-03-01,3,2024,Other Domestic Bonds_Investment Dealers,141.0335,CORP,Other Domestic Bonds,Investment Dealers
158,2024-03-01,3,2024,Other Domestic Bonds_Issuer,0.0,CORP,Other Domestic Bonds,Issuer
146,2024-03-01,3,2024,Other Domestic Bonds_Non-Residents,170.131,CORP,Other Domestic Bonds,Non-Residents
134,2024-03-01,3,2024,Other Domestic Bonds_Retail Clients,10.255834,CORP,Other Domestic Bonds,Retail Clients
15,2024-04-01,4,2024,Corporate Bonds_Anonymous Systems: IDBBs and ATSs,2436.3075,CORP,Corporate Bonds,Anonymous Systems: IDBBs and ATSs
27,2024-04-01,4,2024,Corporate Bonds_Banks,1314.667408,CORP,Corporate Bonds,Banks
39,2024-04-01,4,2024,Corporate Bonds_Institutional Clients,43520.419716,CORP,Corporate Bonds,Institutional Clients
3,2024-04-01,4,2024,Corporate Bonds_Investment Dealers,3789.404123,CORP,Corporate Bonds,Investment Dealers
75,2024-04-01,4,2024,Corporate Bonds_Issuer,48.137034,CORP,Corporate Bonds,Issuer
63,2024-04-01,4,2024,Corporate Bonds_Non-Residents,11586.033154,CORP,Corporate Bonds,Non-Residents
51,2024-04-01,4,2024,Corporate Bonds_Retail Clients,4088.418739,CORP,Corporate Bonds,Retail Clients
99,2024-04-01,4,2024,Other Domestic Bonds_Anonymous Systems: IDBBs and ATSs,384,CORP,Other Domestic Bonds,Anonymous Systems: IDBBs and ATSs
111,2024-04-01,4,2024,Other Domestic Bonds_Banks,13.4435,CORP,Other Domestic Bonds,Banks
123,2024-04-01,4,2024,Other Domestic Bonds_Institutional Clients,465.734004,CORP,Other Domestic Bonds,Institutional Clients
87,2024-04-01,4,2024,Other Domestic Bonds_Investment Dealers,83.416,CORP,Other Domestic Bonds,Investment Dealers
159,2024-04-01,4,2024,Other Domestic Bonds_Issuer,6.572,CORP,Other Domestic Bonds,Issuer
147,2024-04-01,4,2024,Other Domestic Bonds_Non-Residents,337.145,CORP,Other Domestic Bonds,Non-Residents
135,2024-04-01,4,2024,Other Domestic Bonds_Retail Clients,8.902298,CORP,Other Domestic Bonds,Retail Clients
16,2024-05-01,5,2024,Corporate Bonds_Anonymous Systems: IDBBs and ATSs,2220.8945,CORP,Corporate Bonds,Anonymous Systems: IDBBs and ATSs
28,2024-05-01,5,2024,Corporate Bonds_Banks,851.024257,CORP,Corporate Bonds,Banks
40,2024-05-01,5,2024,Corporate Bonds_Institutional Clients,41958.052561,CORP,Corporate Bonds,Institutional Clients
4,2024-05-01,5,2024,Corporate Bonds_Investment Dealers,2882.78616,CORP,Corporate Bonds,Investment Dealers
76,2024-05-01,5,2024,Corporate Bonds_Issuer,8.780207,CORP,Corporate Bonds,Issuer
64,2024-05-01,5,2024,Corporate Bonds_Non-Residents,9721.349929,CORP,Corporate Bonds,Non-Residents
52,2024-05-01,5,2024,Corporate Bonds_Retail Clients,3856.630717,CORP,Corporate Bonds,Retail Clients
100,2024-05-01,5,2024,Other Domestic Bonds_Anonymous Systems: IDBBs and ATSs,100,CORP,Other Domestic Bonds,Anonymous Systems: IDBBs and ATSs
112,2024-05-01,5,2024,Other Domestic Bonds_Banks,25.425,CORP,Other Domestic Bonds,Banks
124,2024-05-01,5,2024,Other Domestic Bonds_Institutional Clients,589.061076,CORP,Other Domestic Bonds,Institutional Clients
88,2024-05-01,5,2024,Other Domestic Bonds_Investment Dealers,8.082,CORP,Other Domestic Bonds,Investment Dealers
160,2024-05-01,5,2024,Other Domestic Bonds_Issuer,4.236,CORP,Other Domestic Bonds,Issuer
148,2024-05-01,5,2024,Other Domestic Bonds_Non-Residents,84.603,CORP,Other Domestic Bonds,Non-Residents
136,2024-05-01,5,2024,Other Domestic Bonds_Retail Clients,6.209058,CORP,Other Domestic Bonds,Retail Clients
17,2024-06-01,6,2024,Corporate Bonds_Anonymous Systems: IDBBs and ATSs,1833.0035,CORP,Corporate Bonds,Anonymous Systems: IDBBs and ATSs
29,2024-06-01,6,2024,Corporate Bonds_Banks,1080.805839,CORP,Corporate Bonds,Banks
41,2024-06-01,6,2024,Corporate Bonds_Institutional Clients,51140.694574,CORP,Corporate Bonds,Institutional Clients
5,2024-06-01,6,2024,Corporate Bonds_Investment Dealers,3719.497112,CORP,Corporate Bonds,Investment Dealers
77,2024-06-01,6,2024,Corporate Bonds_Issuer,25.441254,CORP,Corporate Bonds,Issuer
65,2024-06-01,6,2024,Corporate Bonds_Non-Residents,13306.179947,CORP,Corporate Bonds,Non-Residents
53,2024-06-01,6,2024,Corporate Bonds_Retail Clients,8518.332359,CORP,Corporate Bonds,Retail Clients
101,2024-06-01,6,2024,Other Domestic Bonds_Anonymous Systems: IDBBs and ATSs,272,CORP,Other Domestic Bonds,Anonymous Systems: IDBBs and ATSs
113,2024-06-01,6,2024,Other Domestic Bonds_Banks,11.4135,CORP,Other Domestic Bonds,Banks
125,2024-06-01,6,2024,Other Domestic Bonds_Institutional Clients,439.293218,CORP,Other Domestic Bonds,Institutional Clients
89,2024-06-01,6,2024,Other Domestic Bonds_Investment Dealers,50.074,CORP,Other Domestic Bonds,Investment Dealers
161,2024-06-01,6,2024,Other Domestic Bonds_Issuer,0.0,CORP,Other Domestic Bonds,Issuer
149,2024-06-01,6,2024,Other Domestic Bonds_Non-Residents,292.0365,CORP,Other Domestic Bonds,Non-Residents
137,2024-06-01,6,2024,Other Domestic Bonds_Retail Clients,7.7367,CORP,Other Domestic Bonds,Retail Clients
18,2024-07-01,7,2024,Corporate Bonds_Anonymous Systems: IDBBs and ATSs,2262.147,CORP,Corporate Bonds,Anonymous Systems: IDBBs and ATSs
30,2024-07-01,7,2024,Corporate Bonds_Banks,1368.811301,CORP,Corporate Bonds,Banks
42,2024-07-01,7,2024,Corporate Bonds_Institutional Clients,39572.736634,CORP,Corporate Bonds,Institutional Clients
6,2024-07-01,7,2024,Corporate Bonds_Investment Dealers,3868.735931,CORP,Corporate Bonds,Investment Dealers
78,2024-07-01,7,2024,Corporate Bonds_Issuer,24.688149,CORP,Corporate Bonds,Issuer
66,2024-07-01,7,2024,Corporate Bonds_Non-Residents,11046.325941,CORP,Corporate Bonds,Non-Residents
54,2024-07-01,7,2024,Corporate Bonds_Retail Clients,4025.259106,CORP,Corporate Bonds,Retail Clients
102,2024-07-01,7,2024,Other Domestic Bonds_Anonymous Systems: IDBBs and ATSs,71.53,CORP,Other Domestic Bonds,Anonymous Systems: IDBBs and ATSs
114,2024-07-01,7,2024,Other Domestic Bonds_Banks,28.118894,CORP,Other Domestic Bonds,Banks
126,2024-07-01,7,2024,Other Domestic Bonds_Institutional Clients,572.279768,CORP,Other Domestic Bonds,Institutional Clients
90,2024-07-01,7,2024,Other Domestic Bonds_Investment Dealers,45.8255,CORP,Other Domestic Bonds,Investment Dealers
162,2024-07-01,7,2024,Other Domestic Bonds_Issuer,0.0,CORP,Other Domestic Bonds,Issuer
150,2024-07-01,7,2024,Other Domestic Bonds_Non-Residents,209.687,CORP,Other Domestic Bonds,Non-Residents
138,2024-07-01,7,2024,Other Domestic Bonds_Retail Clients,12.746,CORP,Other Domestic Bonds,Retail Clients
19,2024-08-01,8,2024,Corporate Bonds_Anonymous Systems: IDBBs and ATSs,1628.9495,CORP,Corporate Bonds,Anonymous Systems: IDBBs and ATSs
31,2024-08-01,8,2024,Corporate Bonds_Banks,1562.005655,CORP,Corporate Bonds,Banks
43,2024-08-01,8,2024,Corporate Bonds_Institutional Clients,41896.466666,CORP,Corporate Bonds,Institutional Clients
7,2024-08-01,8,2024,Corporate Bonds_Investment Dealers,2409.834108,CORP,Corporate Bonds,Investment Dealers
79,2024-08-01,8,2024,Corporate Bonds_Issuer,20.031375,CORP,Corporate Bonds,Issuer
67,2024-08-01,8,2024,Corporate Bonds_Non-Residents,9093.787966,CORP,Corporate Bonds,Non-Residents
55,2024-08-01,8,2024,Corporate Bonds_Retail Clients,3484.652855,CORP,Corporate Bonds,Retail Clients
103,2024-08-01,8,2024,Other Domestic Bonds_Anonymous Systems: IDBBs and ATSs,45,CORP,Other Domestic Bonds,Anonymous Systems: IDBBs and ATSs
115,2024-08-01,8,2024,Other Domestic Bonds_Banks,2.369,CORP,Other Domestic Bonds,Banks
127,2024-08-01,8,2024,Other Domestic Bonds_Institutional Clients,381.802783,CORP,Other Domestic Bonds,Institutional Clients
91,2024-08-01,8,2024,Other Domestic Bonds_Investment Dealers,18.439,CORP,Other Domestic Bonds,Investment Dealers
163,2024-08-01,8,2024,Other Domestic Bonds_Issuer,0.0,CORP,Other Domestic Bonds,Issuer
151,2024-08-01,8,2024,Other Domestic Bonds_Non-Residents,288.5335,CORP,Other Domestic Bonds,Non-Residents
139,2024-08-01,8,2024,Other Domestic Bonds_Retail Clients,16.651284,CORP,Other Domestic Bonds,Retail Clients
20,2024-09-01,9,2024,Corporate Bonds_Anonymous Systems: IDBBs and ATSs,2741.381,CORP,Corporate Bonds,Anonymous Systems: IDBBs and ATSs
32,2024-09-01,9,2024,Corporate Bonds_Banks,988.26963,CORP,Corporate Bonds,Banks
44,2024-09-01,9,2024,Corporate Bonds_Institutional Clients,39645.516451,CORP,Corporate Bonds,Institutional Clients
8,2024-09-01,9,2024,Corporate Bonds_Investment Dealers,2803.224738,CORP,Corporate Bonds,Investment Dealers
80,2024-09-01,9,2024,Corporate Bonds_Issuer,20.410117,CORP,Corporate Bonds,Issuer
68,2024-09-01,9,2024,Corporate Bonds_Non-Residents,10724.661507,CORP,Corporate Bonds,Non-Residents
56,2024-09-01,9,2024,Corporate Bonds_Retail Clients,2884.168017,CORP,Corporate Bonds,Retail Clients
104,2024-09-01,9,2024,Other Domestic Bonds_Anonymous Systems: IDBBs and ATSs,0,CORP,Other Domestic Bonds,Anonymous Systems: IDBBs and ATSs
116,2024-09-01,9,2024,Other Domestic Bonds_Banks,29.1862,CORP,Other Domestic Bonds,Banks
128,2024-09-01,9,2024,Other Domestic Bonds_Institutional Clients,340.387665,CORP,Other Domestic Bonds,Institutional Clients
92,2024-09-01,9,2024,Other Domestic Bonds_Investment Dealers,30.1665,CORP,Other Domestic Bonds,Investment Dealers
164,2024-09-01,9,2024,Other Domestic Bonds_Issuer,0.0,CORP,Other Domestic Bonds,Issuer
152,2024-09-01,9,2024,Other Domestic Bonds_Non-Residents,398.4865,CORP,Other Domestic Bonds,Non-Residents
140,2024-09-01,9,2024,Other Domestic Bonds_Retail Clients,11.0366,CORP,Other Domestic Bonds,Retail Clients
21,2024-10-01,10,2024,Corporate Bonds_Anonymous Systems: IDBBs and ATSs,2482.4135,CORP,Corporate Bonds,Anonymous Systems: IDBBs and ATSs
33,2024-10-01,10,2024,Corporate Bonds_Banks,1459.691831,CORP,Corporate Bonds,Banks
45,2024-10-01,10,2024,Corporate Bonds_Institutional Clients,49146.350361,CORP,Corporate Bonds,Institutional Clients
9,2024-10-01,10,2024,Corporate Bonds_Investment Dealers,3440.496307,CORP,Corporate Bonds,Investment Dealers
81,2024-10-01,10,2024,Corporate Bonds_Issuer,17.5,CORP,Corporate Bonds,Issuer
69,2024-10-01,10,2024,Corporate Bonds_Non-Residents,12518.413431,CORP,Corporate Bonds,Non-Residents
57,2024-10-01,10,2024,Corporate Bonds_Retail Clients,2994.487187,CORP,Corporate Bonds,Retail Clients
105,2024-10-01,10,2024,Other Domestic Bonds_Anonymous Systems: IDBBs and ATSs,35,CORP,Other Domestic Bonds,Anonymous Systems: IDBBs and ATSs
117,2024-10-01,10,2024,Other Domestic Bonds_Banks,76.4315,CORP,Other Domestic Bonds,Banks
129,2024-10-01,10,2024,Other Domestic Bonds_Institutional Clients,798.401154,CORP,Other Domestic Bonds,Institutional Clients
93,2024-10-01,10,2024,Other Domestic Bonds_Investment Dealers,120.4385,CORP,Other Domestic Bonds,Investment Dealers
165,2024-10-01,10,2024,Other Domestic Bonds_Issuer,0.0,CORP,Other Domestic Bonds,Issuer
153,2024-10-01,10,2024,Other Domestic Bonds_Non-Residents,373.441,CORP,Other Domestic Bonds,Non-Residents
141,2024-10-01,10,2024,Other Domestic Bonds_Retail Clients,19.254376,CORP,Other Domestic Bonds,Retail Clients
22,2024-11-01,11,2024,Corporate Bonds_Anonymous Systems: IDBBs and ATSs,1598.6725,CORP,Corporate Bonds,Anonymous Systems: IDBBs and ATSs
34,2024-11-01,11,2024,Corporate Bonds_Banks,1185.166849,CORP,Corporate Bonds,Banks
46,2024-11-01,11,2024,Corporate Bonds_Institutional Clients,38811.885039,CORP,Corporate Bonds,Institutional Clients
10,2024-11-01,11,2024,Corporate Bonds_Investment Dealers,2902.981567,CORP,Corporate Bonds,Investment Dealers
82,2024-11-01,11,2024,Corporate Bonds_Issuer,3,CORP,Corporate Bonds,Issuer
70,2024-11-01,11,2024,Corporate Bonds_Non-Residents,10732.430527,CORP,Corporate Bonds,Non-Residents
58,2024-11-01,11,2024,Corporate Bonds_Retail Clients,2711.477512,CORP,Corporate Bonds,Retail Clients
106,2024-11-01,11,2024,Other Domestic Bonds_Anonymous Systems: IDBBs and ATSs,0,CORP,Other Domestic Bonds,Anonymous Systems: IDBBs and ATSs
118,2024-11-01,11,2024,Other Domestic Bonds_Banks,44.7555,CORP,Other Domestic Bonds,Banks
130,2024-11-01,11,2024,Other Domestic Bonds_Institutional Clients,419.915714,CORP,Other Domestic Bonds,Institutional Clients
94,2024-11-01,11,2024,Other Domestic Bonds_Investment Dealers,22.0998,CORP,Other Domestic Bonds,Investment Dealers
166,2024-11-01,11,2024,Other Domestic Bonds_Issuer,0.0,CORP,Other Domestic Bonds,Issuer
154,2024-11-01,11,2024,Other Domestic Bonds_Non-Residents,199.341,CORP,Other Domestic Bonds,Non-Residents
142,2024-11-01,11,2024,Other Domestic Bonds_Retail Clients,5.054365,CORP,Other Domestic Bonds,Retail Clients
23,2024-12-01,12,2024,Corporate Bonds_Anonymous Systems: IDBBs and ATSs,1474.75375,CORP,Corporate Bonds,Anonymous Systems: IDBBs and ATSs
35,2024-12-01,12,2024,Corporate Bonds_Banks,824.473187,CORP,Corporate Bonds,Banks
47,2024-12-01,12,2024,Corporate Bonds_Institutional Clients,34158.926442,CORP,Corporate Bonds,Institutional Clients
11,2024-12-01,12,2024,Corporate Bonds_Investment Dealers,2266.690512,CORP,Corporate Bonds,Investment Dealers
83,2024-12-01,12,2024,Corporate Bonds_Issuer,0.012,CORP,Corporate Bonds,Issuer
71,2024-12-01,12,2024,Corporate Bonds_Non-Residents,8334.840059,CORP,Corporate Bonds,Non-Residents
59,2024-12-01,12,2024,Corporate Bonds_Retail Clients,2823.60069,CORP,Corporate Bonds,Retail Clients
107,2024-12-01,12,2024,Other Domestic Bonds_Anonymous Systems: IDBBs and ATSs,0,CORP,Other Domestic Bonds,Anonymous Systems: IDBBs and ATSs
119,2024-12-01,12,2024,Other Domestic Bonds_Banks,9.536,CORP,Other Domestic Bonds,Banks
131,2024-12-01,12,2024,Other Domestic Bonds_Institutional Clients,230.299911,CORP,Other Domestic Bonds,Institutional Clients
95,2024-12-01,12,2024,Other Domestic Bonds_Investment Dealers,15.7195,CORP,Other Domestic Bonds,Investment Dealers
167,2024-12-01,12,2024,Other Domestic Bonds_Issuer,0.0,CORP,Other Domestic Bonds,Issuer
155,2024-12-01,12,2024,Other Domestic Bonds_Non-Residents,77.932,CORP,Other Domestic Bonds,Non-Residents
143,2024-12-01,12,2024,Other Domestic Bonds_Retail Clients,37.7248,CORP,Other Domestic Bonds,Retail Clients
12,2025-01-01,1,2025,Corporate Bonds_Anonymous Systems: IDBBs and ATSs,2251.5415,CORP,Corporate Bonds,Anonymous Systems: IDBBs and ATSs
24,2025-01-01,1,2025,Corporate Bonds_Banks,1059.029676,CORP,Corporate Bonds,Banks
36,2025-01-01,1,2025,Corporate Bonds_Institutional Clients,47051.206184,CORP,Corporate Bonds,Institutional Clients
0,2025-01-01,1,2025,Corporate Bonds_Investment Dealers,2910.66058,CORP,Corporate Bonds,Investment Dealers
72,2025-01-01,1,2025,Corporate Bonds_Issuer,0.115,CORP,Corporate Bonds,Issuer
60,2025-01-01,1,2025,Corporate Bonds_Non-Residents,10589.434196,CORP,Corporate Bonds,Non-Residents
48,2025-01-01,1,2025,Corporate Bonds_Retail Clients,3355.169717,CORP,Corporate Bonds,Retail Clients
96,2025-01-01,1,2025,Other Domestic Bonds_Anonymous Systems: IDBBs and ATSs,0,CORP,Other Domestic Bonds,Anonymous Systems: IDBBs and ATSs
108,2025-01-01,1,2025,Other Domestic Bonds_Banks,27.512,CORP,Other Domestic Bonds,Banks
120,2025-01-01,1,2025,Other Domestic Bonds_Institutional Clients,346.622264,CORP,Other Domestic Bonds,Institutional Clients
84,2025-01-01,1,2025,Other Domestic Bonds_Investment Dealers,15.2405,CORP,Other Domestic Bonds,Investment Dealers
156,2025-01-01,1,2025,Other Domestic Bonds_Issuer,0.0,CORP,Other Domestic Bonds,Issuer
144,2025-01-01,1,2025,Other Domestic Bonds_Non-Residents,111.741,CORP,Other Domestic Bonds,Non-Residents
132,2025-01-01,1,2025,Other Domestic Bonds_Retail Clients,40.3642,CORP,Other Domestic Bonds,Retail Clients
13,2025-02-01,2,2025,Corporate Bonds_Anonymous Systems: IDBBs and ATSs,1431.019,CORP,Corporate Bonds,Anonymous Systems: IDBBs and ATSs
25,2025-02-01,2,2025,Corporate Bonds_Banks,796.502963,CORP,Corporate Bonds,Banks
37,2025-02-01,2,2025,Corporate Bonds_Institutional Clients,34935.074089,CORP,Corporate Bonds,Institutional Clients
1,2025-02-01,2,2025,Corporate Bonds_Investment Dealers,2576.983159,CORP,Corporate Bonds,Investment Dealers
73,2025-02-01,2,2025,Corporate Bonds_Issuer,0.314,CORP,Corporate Bonds,Issuer
61,2025-02-01,2,2025,Corporate Bonds_Non-Residents,12515.131301,CORP,Corporate Bonds,Non-Residents
49,2025-02-01,2,2025,Corporate Bonds_Retail Clients,2941.310567,CORP,Corporate Bonds,Retail Clients
97,2025-02-01,2,2025,Other Domestic Bonds_Anonymous Systems: IDBBs and ATSs,0,CORP,Other Domestic Bonds,Anonymous Systems: IDBBs and ATSs
109,2025-02-01,2,2025,Other Domestic Bonds_Banks,2.048,CORP,Other Domestic Bonds,Banks
121,2025-02-01,2,2025,Other Domestic Bonds_Institutional Clients,180.393843,CORP,Other Domestic Bonds,Institutional Clients
85,2025-02-01,2,2025,Other Domestic Bonds_Investment Dealers,9.182,CORP,Other Domestic Bonds,Investment Dealers
157,2025-02-01,2,2025,Other Domestic Bonds_Issuer,0.0,CORP,Other Domestic Bonds,Issuer
145,2025-02-01,2,2025,Other Domestic Bonds_Non-Residents,152.532,CORP,Other Domestic Bonds,Non-Residents
133,2025-02-01,2,2025,Other Domestic Bonds_Retail Clients,24.265677,CORP,Other Domestic Bonds,Retail Clients
14,2025-03-01,3,2025,Corporate Bonds_Anonymous Systems: IDBBs and ATSs,2003.0385,CORP,Corporate Bonds,Anonymous Systems: IDBBs and ATSs
26,2025-03-01,3,2025,Corporate Bonds_Banks,1004.845052,CORP,Corporate Bonds,Banks
38,2025-03-01,3,2025,Corporate Bonds_Institutional Clients,46004.700844,CORP,Corporate Bonds,Institutional Clients
2,2025-03-01,3,2025,Corporate Bonds_Investment Dealers,3121.905502,CORP,Corporate Bonds,Investment Dealers
74,2025-03-01,3,2025,Corporate Bonds_Issuer,0.747,CORP,Corporate Bonds,Issuer
62,2025-03-01,3,2025,Corporate Bonds_Non-Residents,10795.929603,CORP,Corporate Bonds,Non-Residents
50,2025-03-01,3,2025,Corporate Bonds_Retail Clients,3226.991913,CORP,Corporate Bonds,Retail Clients
98,2025-03-01,3,2025,Other Domestic Bonds_Anonymous Systems: IDBBs and ATSs,0,CORP,Other Domestic Bonds,Anonymous Systems: IDBBs and ATSs
110,2025-03-01,3,2025,Other Domestic Bonds_Banks,57.556,CORP,Other Domestic Bonds,Banks
122,2025-03-01,3,2025,Other Domestic Bonds_Institutional Clients,349.7883,CORP,Other Domestic Bonds,Institutional Clients
86,2025-03-01,3,2025,Other Domestic Bonds_Investment Dealers,22.702,CORP,Other Domestic Bonds,Investment Dealers
158,2025-03-01,3,2025,Other Domestic Bonds_Issuer,0.0,CORP,Other Domestic Bonds,Issuer
146,2025-03-01,3,2025,Other Domestic Bonds_Non-Residents,182.624,CORP,Other Domestic Bonds,Non-Residents
134,2025-03-01,3,2025,Other Domestic Bonds_Retail Clients,17.710852,CORP,Other Domestic Bonds,Retail Clients
15,2025-04-01,4,2025,Corporate Bonds_Anonymous Systems: IDBBs and ATSs,1601.542,CORP,Corporate Bonds,Anonymous Systems: IDBBs and ATSs
27,2025-04-01,4,2025,Corporate Bonds_Banks,814.568779,CORP,Corporate Bonds,Banks
39,2025-04-01,4,2025,Corporate Bonds_Institutional Clients,43286.452138,CORP,Corporate Bonds,Institutional Clients
3,2025-04-01,4,2025,Corporate Bonds_Investment Dealers,2339.907517,CORP,Corporate Bonds,Investment Dealers
75,2025-04-01,4,2025,Corporate Bonds_Issuer,3.964,CORP,Corporate Bonds,Issuer
63,2025-04-01,4,2025,Corporate Bonds_Non-Residents,9389.437651,CORP,Corporate Bonds,Non-Residents
51,2025-04-01,4,2025,Corporate Bonds_Retail Clients,2689.703871,CORP,Corporate Bonds,Retail Clients
99,2025-04-01,4,2025,Other Domestic Bonds_Anonymous Systems: IDBBs and ATSs,15,CORP,Other Domestic Bonds,Anonymous Systems: IDBBs and ATSs
111,2025-04-01,4,2025,Other Domestic Bonds_Banks,25.028,CORP,Other Domestic Bonds,Banks
123,2025-04-01,4,2025,Other Domestic Bonds_Institutional Clients,445.820014,CORP,Other Domestic Bonds,Institutional Clients
87,2025-04-01,4,2025,Other Domestic Bonds_Investment Dealers,82.9605,CORP,Other Domestic Bonds,Investment Dealers
159,2025-04-01,4,2025,Other Domestic Bonds_Issuer,0.0,CORP,Other Domestic Bonds,Issuer
147,2025-04-01,4,2025,Other Domestic Bonds_Non-Residents,443.7865,CORP,Other Domestic Bonds,Non-Residents
135,2025-04-01,4,2025,Other Domestic Bonds_Retail Clients,6.176916,CORP,Other Domestic Bonds,Retail Clients
16,2025-05-01,5,2025,Corporate Bonds_Anonymous Systems: IDBBs and ATSs,1323.63505,CORP,Corporate Bonds,Anonymous Systems: IDBBs and ATSs
28,2025-05-01,5,2025,Corporate Bonds_Banks,2826.495256,CORP,Corporate Bonds,Banks
40,2025-05-01,5,2025,Corporate Bonds_Institutional Clients,40944.428083,CORP,Corporate Bonds,Institutional Clients
4,2025-05-01,5,2025,Corporate Bonds_Investment Dealers,3019.433795,CORP,Corporate Bonds,Investment Dealers
76,2025-05-01,5,2025,Corporate Bonds_Issuer,5.8575,CORP,Corporate Bonds,Issuer
64,2025-05-01,5,2025,Corporate Bonds_Non-Residents,10715.936587,CORP,Corporate Bonds,Non-Residents
52,2025-05-01,5,2025,Corporate Bonds_Retail Clients,2524.402616,CORP,Corporate Bonds,Retail Clients
100,2025-05-01,5,2025,Other Domestic Bonds_Anonymous Systems: IDBBs and ATSs,0,CORP,Other Domestic Bonds,Anonymous Systems: IDBBs and ATSs
112,2025-05-01,5,2025,Other Domestic Bonds_Banks,45.6865,CORP,Other Domestic Bonds,Banks
124,2025-05-01,5,2025,Other Domestic Bonds_Institutional Clients,600.579529,CORP,Other Domestic Bonds,Institutional Clients
88,2025-05-01,5,2025,Other Domestic Bonds_Investment Dealers,40.665841,CORP,Other Domestic Bonds,Investment Dealers
160,2025-05-01,5,2025,Other Domestic Bonds_Issuer,0.0,CORP,Other Domestic Bonds,Issuer
148,2025-05-01,5,2025,Other Domestic Bonds_Non-Residents,309.6484,CORP,Other Domestic Bonds,Non-Residents
136,2025-05-01,5,2025,Other Domestic Bonds_Retail Clients,18.578553,CORP,Other Domestic Bonds,Retail Clients
17,2025-06-01,6,2025,Corporate Bonds_Anonymous Systems: IDBBs and ATSs,1504.3855,CORP,Corporate Bonds,Anonymous Systems: IDBBs and ATSs
29,2025-06-01,6,2025,Corporate Bonds_Banks,970.988603,CORP,Corporate Bonds,Banks
41,2025-06-01,6,2025,Corporate Bonds_Institutional Clients,45287.145386,CORP,Corporate Bonds,Institutional Clients
5,2025-06-01,6,2025,Corporate Bonds_Investment Dealers,2287.891335,CORP,Corporate Bonds,Investment Dealers
77,2025-06-01,6,2025,Corporate Bonds_Issuer,4.22,CORP,Corporate Bonds,Issuer
65,2025-06-01,6,2025,Corporate Bonds_Non-Residents,10890.131941,CORP,Corporate Bonds,Non-Residents
53,2025-06-01,6,2025,Corporate Bonds_Retail Clients,2673.597562,CORP,Corporate Bonds,Retail Clients
101,2025-06-01,6,2025,Other Domestic Bonds_Anonymous Systems: IDBBs and ATSs,0,CORP,Other Domestic Bonds,Anonymous Systems: IDBBs and ATSs
113,2025-06-01,6,2025,Other Domestic Bonds_Banks,0.006,CORP,Other Domestic Bonds,Banks
125,2025-06-01,6,2025,Other Domestic Bonds_Institutional Clients,178.975,CORP,Other Domestic Bonds,Institutional Clients
89,2025-06-01,6,2025,Other Domestic Bonds_Investment Dealers,73.2945,CORP,Other Domestic Bonds,Investment Dealers
161,2025-06-01,6,2025,Other Domestic Bonds_Issuer,0.0,CORP,Other Domestic Bonds,Issuer
149,2025-06-01,6,2025,Other Domestic Bonds_Non-Residents,459.1976,CORP,Other Domestic Bonds,Non-Residents
137,2025-06-01,6,2025,Other Domestic Bonds_Retail Clients,2.577,CORP,Other Domestic Bonds,Retail Clients
18,2025-07-01,7,2025,Corporate Bonds_Anonymous Systems: IDBBs and ATSs,1353.72017,CORP,Corporate Bonds,Anonymous Systems: IDBBs and ATSs
30,2025-07-01,7,2025,Corporate Bonds_Banks,1235.79995,CORP,Corporate Bonds,Banks
42,2025-07-01,7,2025,Corporate Bonds_Institutional Clients,40381.699388,CORP,Corporate Bonds,Institutional Clients
6,2025-07-01,7,2025,Corporate Bonds_Investment Dealers,2537.124523,CORP,Corporate Bonds,Investment Dealers
78,2025-07-01,7,2025,Corporate Bonds_Issuer,3.169,CORP,Corporate Bonds,Issuer
66,2025-07-01,7,2025,Corporate Bonds_Non-Residents,12694.735787,CORP,Corporate Bonds,Non-Residents
54,2025-07-01,7,2025,Corporate Bonds_Retail Clients,2460.220831,CORP,Corporate Bonds,Retail Clients
102,2025-07-01,7,2025,Other Domestic Bonds_Anonymous Systems: IDBBs and ATSs,30,CORP,Other Domestic Bonds,Anonymous Systems: IDBBs and ATSs
114,2025-07-01,7,2025,Other Domestic Bonds_Banks,2.0351,CORP,Other Domestic Bonds,Banks
126,2025-07-01,7,2025,Other Domestic Bonds_Institutional Clients,12.506,CORP,Other Domestic Bonds,Institutional Clients
90,2025-07-01,7,2025,Other Domestic Bonds_Investment Dealers,3.648,CORP,Other Domestic Bonds,Investment Dealers
162,2025-07-01,7,2025,Other Domestic Bonds_Issuer,0.0,CORP,Other Domestic Bonds,Issuer
150,2025-07-01,7,2025,Other Domestic Bonds_Non-Residents,357.176,CORP,Other Domestic Bonds,Non-Residents
138,2025-07-01,7,2025,Other Domestic Bonds_Retail Clients,15.0179,CORP,Other Domestic Bonds,Retail Clients
19,2025-08-01,8,2025,Corporate Bonds_Anonymous Systems: IDBBs and ATSs,673.715,CORP,Corporate Bonds,Anonymous Systems: IDBBs and ATSs
31,2025-08-01,8,2025,Corporate Bonds_Banks,1417.006348,CORP,Corporate Bonds,Banks
43,2025-08-01,8,2025,Corporate Bonds_Institutional Clients,32412.208009,CORP,Corporate Bonds,Institutional Clients
7,2025-08-01,8,2025,Corporate Bonds_Investment Dealers,2841.633427,CORP,Corporate Bonds,Investment Dealers
79,2025-08-01,8,2025,Corporate Bonds_Issuer,7.2125,CORP,Corporate Bonds,Issuer
67,2025-08-01,8,2025,Corporate Bonds_Non-Residents,9514.172598,CORP,Corporate Bonds,Non-Residents
55,2025-08-01,8,2025,Corporate Bonds_Retail Clients,1782.11571,CORP,Corporate Bonds,Retail Clients
103,2025-08-01,8,2025,Other Domestic Bonds_Anonymous Systems: IDBBs and ATSs,0,CORP,Other Domestic Bonds,Anonymous Systems: IDBBs and ATSs
115,2025-08-01,8,2025,Other Domestic Bonds_Banks,25.419,CORP,Other Domestic Bonds,Banks
127,2025-08-01,8,2025,Other Domestic Bonds_Institutional Clients,111.506632,CORP,Other Domestic Bonds,Institutional Clients
91,2025-08-01,8,2025,Other Domestic Bonds_Investment Dealers,13.1305,CORP,Other Domestic Bonds,Investment Dealers
163,2025-08-01,8,2025,Other Domestic Bonds_Issuer,0.0,CORP,Other Domestic Bonds,Issuer
151,2025-08-01,8,2025,Other Domestic Bonds_Non-Residents,214.3173,CORP,Other Domestic Bonds,Non-Residents
139,2025-08-01,8,2025,Other Domestic Bonds_Retail Clients,3.652,CORP,Other Domestic Bonds,Retail Clients
20,2025-09-01,9,2025,Corporate Bonds_Anonymous Systems: IDBBs and ATSs,2191.195,CORP,Corporate Bonds,Anonymous Systems: IDBBs and ATSs
32,2025-09-01,9,2025,Corporate Bonds_Banks,1358.461692,CORP,Corporate Bonds,Banks
44,2025-09-01,9,2025,Corporate Bonds_Institutional Clients,48146.859337,CORP,Corporate Bonds,Institutional Clients
8,2025-09-01,9,2025,Corporate Bonds_Investment Dealers,3157.475912,CORP,Corporate Bonds,Investment Dealers
80,2025-09-01,9,2025,Corporate Bonds_Issuer,7.35,CORP,Corporate Bonds,Issuer
68,2025-09-01,9,2025,Corporate Bonds_Non-Residents,17059.254745,CORP,Corporate Bonds,Non-Residents
56,2025-09-01,9,2025,Corporate Bonds_Retail Clients,2461.891242,CORP,Corporate Bonds,Retail Clients
104,2025-09-01,9,2025,Other Domestic Bonds_Anonymous Systems: IDBBs and ATSs,0,CORP,Other Domestic Bonds,Anonymous Systems: IDBBs and ATSs
116,2025-09-01,9,2025,Other Domestic Bonds_Banks,37.747,CORP,Other Domestic Bonds,Banks
128,2025-09-01,9,2025,Other Domestic Bonds_Institutional Clients,175.734,CORP,Other Domestic Bonds,Institutional Clients
92,2025-09-01,9,2025,Other Domestic Bonds_Investment Dealers,20.2485,CORP,Other Domestic Bonds,Investment Dealers
164,2025-09-01,9,2025,Other Domestic Bonds_Issuer,0.0,CORP,Other Domestic Bonds,Issuer
152,2025-09-01,9,2025,Other Domestic Bonds_Non-Residents,65.696,CORP,Other Domestic Bonds,Non-Residents
140,2025-09-01,9,2025,Other Domestic Bonds_Retail Clients,8.15339,CORP,Other Domestic Bonds,Retail Clients
21,2025-10-01,10,2025,Corporate Bonds_Anonymous Systems: IDBBs and ATSs,1598.192,CORP,Corporate Bonds,Anonymous Systems: IDBBs and ATSs
33,2025-10-01,10,2025,Corporate Bonds_Banks,2098.449771,CORP,Corporate Bonds,Banks
45,2025-10-01,10,2025,Corporate Bonds_Institutional Clients,40851.667334,CORP,Corporate Bonds,Institutional Clients
9,2025-10-01,10,2025,Corporate Bonds_Investment Dealers,3409.923327,CORP,Corporate Bonds,Investment Dealers
81,2025-10-01,10,2025,Corporate Bonds_Issuer,56.286,CORP,Corporate Bonds,Issuer
69,2025-10-01,10,2025,Corporate Bonds_Non-Residents,16749.732034,CORP,Corporate Bonds,Non-Residents
57,2025-10-01,10,2025,Corporate Bonds_Retail Clients,2207.668154,CORP,Corporate Bonds,Retail Clients
105,2025-10-01,10,2025,Other Domestic Bonds_Anonymous Systems: IDBBs and ATSs,5,CORP,Other Domestic Bonds,Anonymous Systems: IDBBs and ATSs
117,2025-10-01,10,2025,Other Domestic Bonds_Banks,3.946,CORP,Other Domestic Bonds,Banks
129,2025-10-01,10,2025,Other Domestic Bonds_Institutional Clients,178.856,CORP,Other Domestic Bonds,Institutional Clients
93,2025-10-01,10,2025,Other Domestic Bonds_Investment Dealers,21.3695,CORP,Other Domestic Bonds,Investment Dealers
165,2025-10-01,10,2025,Other Domestic Bonds_Issuer,0.0,CORP,Other Domestic Bonds,Issuer
153,2025-10-01,10,2025,Other Domestic Bonds_Non-Residents,136.5903,CORP,Other Domestic Bonds,Non-Residents
141,2025-10-01,10,2025,Other Domestic Bonds_Retail Clients,3.334994,CORP,Other Domestic Bonds,Retail Clients
22,2025-11-01,11,2025,Corporate Bonds_Anonymous Systems: IDBBs and ATSs,1240.4475,CORP,Corporate Bonds,Anonymous Systems: IDBBs and ATSs
34,2025-11-01,11,2025,Corporate Bonds_Banks,1277.407212,CORP,Corporate Bonds,Banks
46,2025-11-01,11,2025,Corporate Bonds_Institutional Clients,34465.646089,CORP,Corporate Bonds,Institutional Clients
10,2025-11-01,11,2025,Corporate Bonds_Investment Dealers,2365.015226,CORP,Corporate Bonds,Investment Dealers
82,2025-11-01,11,2025,Corporate Bonds_Issuer,31.025,CORP,Corporate Bonds,Issuer
70,2025-11-01,11,2025,Corporate Bonds_Non-Residents,10536.310049,CORP,Corporate Bonds,Non-Residents
58,2025-11-01,11,2025,Corporate Bonds_Retail Clients,1874.883992,CORP,Corporate Bonds,Retail Clients
106,2025-11-01,11,2025,Other Domestic Bonds_Anonymous Systems: IDBBs and ATSs,5,CORP,Other Domestic Bonds,Anonymous Systems: IDBBs and ATSs
118,2025-11-01,11,2025,Other Domestic Bonds_Banks,0.267,CORP,Other Domestic Bonds,Banks
130,2025-11-01,11,2025,Other Domestic Bonds_Institutional Clients,119.935,CORP,Other Domestic Bonds,Institutional Clients
94,2025-11-01,11,2025,Other Domestic Bonds_Investment Dealers,90.756,CORP,Other Domestic Bonds,Investment Dealers
166,2025-11-01,11,2025,Other Domestic Bonds_Issuer,0.0,CORP,Other Domestic Bonds,Issuer
154,2025-11-01,11,2025,Other Domestic Bonds_Non-Residents,34.695,CORP,Other Domestic Bonds,Non-Residents
142,2025-11-01,11,2025,Other Domestic Bonds_Retail Clients,3.994471,CORP,Other Domestic Bonds,Retail Clients
23,2025-12-01,12,2025,Corporate Bonds_Anonymous Systems: IDBBs and ATSs,1453.4115,CORP,Corporate Bonds,Anonymous Systems: IDBBs and ATSs
35,2025-12-01,12,2025,Corporate Bonds_Banks,1148.688575,CORP,Corporate Bonds,Banks
47,2025-12-01,12,2025,Corporate Bonds_Institutional Clients,41980.327264,CORP,Corporate Bonds,Institutional Clients
11,2025-12-01,12,2025,Corporate Bonds_Investment Dealers,2574.040891,CORP,Corporate Bonds,Investment Dealers
83,2025-12-01,12,2025,Corporate Bonds_Issuer,13.028,CORP,Corporate Bonds,Issuer
71,2025-12-01,12,2025,Corporate Bonds_Non-Residents,13742.026939,CORP,Corporate Bonds,Non-Residents
59,2025-12-01,12,2025,Corporate Bonds_Retail Clients,2734.344027,CORP,Corporate Bonds,Retail Clients
107,2025-12-01,12,2025,Other Domestic Bonds_Anonymous Systems: IDBBs and ATSs,0,CORP,Other Domestic Bonds,Anonymous Systems: IDBBs and ATSs
119,2025-12-01,12,2025,Other Domestic Bonds_Banks,5.1095,CORP,Other Domestic Bonds,Banks
131,2025-12-01,12,2025,Other Domestic Bonds_Institutional Clients,16.236,CORP,Other Domestic Bonds,Institutional Clients
95,2025-12-01,12,2025,Other Domestic Bonds_Investment Dealers,0,CORP,Other Domestic Bonds,Investment Dealers
167,2025-12-01,12,2025,Other Domestic Bonds_Issuer,0.0,CORP,Other Domestic Bonds,Issuer
155,2025-12-01,12,2025,Other Domestic Bonds_Non-Residents,184.276,CORP,Other Domestic Bonds,Non-Residents
143,2025-12-01,12,2025,Other Domestic Bonds_Retail Clients,10.7044,CORP,Other Domestic Bonds,Retail Clients
