,date,month,year,instruments,volume,Segment,AssetClass,Duration
12,2018-01-01,1,2018,Federal Crown Corporation Bonds_Anonymous Systems: IDBBs and ATSs,15109,FED_PROV,Federal Crown Corporation Bonds,Anonymous Systems: IDBBs and ATSs
24,2018-01-01,1,2018,Federal Crown Corporation Bonds_Banks,3347,FED_PROV,Federal Crown Corporation Bonds,Banks
36,2018-01-01,1,2018,Federal Crown Corporation Bonds_Institutional Clients,19150,FED_PROV,Federal Crown Corporation Bonds,Institutional Clients
0,2018-01-01,1,2018,Federal Crown Corporation Bonds_Investment Dealers,2048,FED_PROV,Federal Crown Corporation Bonds,Investment Dealers
72,2018-01-01,1,2018,Federal Crown Corporation Bonds_Issuer,0,FED_PROV,Federal Crown Corporation Bonds,Issuer
60,2018-01-01,1,2018,Federal Crown Corporation Bonds_Non-Residents,5053,FED_PROV,Federal Crown Corporation Bonds,Non-Residents
48,2018-01-01,1,2018,Federal Crown Corporation Bonds_Retail Clients,187,FED_PROV,Federal Crown Corporation Bonds,Retail Clients
96,2018-01-01,1,2018,Provincial Bonds_Anonymous Systems: IDBBs and ATSs,41663,FED_PROV,Provincial Bonds,Anonymous Systems: IDBBs and ATSs
108,2018-01-01,1,2018,Provincial Bonds_Banks,7285,FED_PROV,Provincial Bonds,Banks
120,2018-01-01,1,2018,Provincial Bonds_Institutional Clients,51714,FED_PROV,Provincial Bonds,Institutional Clients
84,2018-01-01,1,2018,Provincial Bonds_Investment Dealers,3898,FED_PROV,Provincial Bonds,Investment Dealers
156,2018-01-01,1,2018,Provincial Bonds_Issuer,323,FED_PROV,Provincial Bonds,Issuer
144,2018-01-01,1,2018,Provincial Bonds_Non-Residents,4645,FED_PROV,Provincial Bonds,Non-Residents
132,2018-01-01,1,2018,Provincial Bonds_Retail Clients,600,FED_PROV,Provincial Bonds,Retail Clients
13,2018-02-01,2,2018,Federal Crown Corporation Bonds_Anonymous Systems: IDBBs and ATSs,15629,FED_PROV,Federal Crown Corporation Bonds,Anonymous Systems: IDBBs and ATSs
25,2018-02-01,2,2018,Federal Crown Corporation Bonds_Banks,4360,FED_PROV,Federal Crown Corporation Bonds,Banks
37,2018-02-01,2,2018,Federal Crown Corporation Bonds_Institutional Clients,20796,FED_PROV,Federal Crown Corporation Bonds,Institutional Clients
1,2018-02-01,2,2018,Federal Crown Corporation Bonds_Investment Dealers,3769,FED_PROV,Federal Crown Corporation Bonds,Investment Dealers
73,2018-02-01,2,2018,Federal Crown Corporation Bonds_Issuer,26,FED_PROV,Federal Crown Corporation Bonds,Issuer
61,2018-02-01,2,2018,Federal Crown Corporation Bonds_Non-Residents,3402,FED_PROV,Federal Crown Corporation Bonds,Non-Residents
49,2018-02-01,2,2018,Federal Crown Corporation Bonds_Retail Clients,125,FED_PROV,Federal Crown Corporation Bonds,Retail Clients
97,2018-02-01,2,2018,Provincial Bonds_Anonymous Systems: IDBBs and ATSs,34753,FED_PROV,Provincial Bonds,Anonymous Systems: IDBBs and ATSs
109,2018-02-01,2,2018,Provincial Bonds_Banks,4967,FED_PROV,Provincial Bonds,Banks
121,2018-02-01,2,2018,Provincial Bonds_Institutional Clients,38559,FED_PROV,Provincial Bonds,Institutional Clients
85,2018-02-01,2,2018,Provincial Bonds_Investment Dealers,2858,FED_PROV,Provincial Bonds,Investment Dealers
157,2018-02-01,2,2018,Provincial Bonds_Issuer,302,FED_PROV,Provincial Bonds,Issuer
145,2018-02-01,2,2018,Provincial Bonds_Non-Residents,3522,FED_PROV,Provincial Bonds,Non-Residents
133,2018-02-01,2,2018,Provincial Bonds_Retail Clients,507,FED_PROV,Provincial Bonds,Retail Clients
14,2018-03-01,3,2018,Federal Crown Corporation Bonds_Anonymous Systems: IDBBs and ATSs,15932,FED_PROV,Federal Crown Corporation Bonds,Anonymous Systems: IDBBs and ATSs
26,2018-03-01,3,2018,Federal Crown Corporation Bonds_Banks,5843,FED_PROV,Federal Crown Corporation Bonds,Banks
38,2018-03-01,3,2018,Federal Crown Corporation Bonds_Institutional Clients,25766,FED_PROV,Federal Crown Corporation Bonds,Institutional Clients
2,2018-03-01,3,2018,Federal Crown Corporation Bonds_Investment Dealers,3366,FED_PROV,Federal Crown Corporation Bonds,Investment Dealers
74,2018-03-01,3,2018,Federal Crown Corporation Bonds_Issuer,80,FED_PROV,Federal Crown Corporation Bonds,Issuer
62,2018-03-01,3,2018,Federal Crown Corporation Bonds_Non-Residents,8816,FED_PROV,Federal Crown Corporation Bonds,Non-Residents
50,2018-03-01,3,2018,Federal Crown Corporation Bonds_Retail Clients,180,FED_PROV,Federal Crown Corporation Bonds,Retail Clients
98,2018-03-01,3,2018,Provincial Bonds_Anonymous Systems: IDBBs and ATSs,33580,FED_PROV,Provincial Bonds,Anonymous Systems: IDBBs and ATSs
110,2018-03-01,3,2018,Provincial Bonds_Banks,6073,FED_PROV,Provincial Bonds,Banks
122,2018-03-01,3,2018,Provincial Bonds_Institutional Clients,42376,FED_PROV,Provincial Bonds,Institutional Clients
86,2018-03-01,3,2018,Provincial Bonds_Investment Dealers,3310,FED_PROV,Provincial Bonds,Investment Dealers
158,2018-03-01,3,2018,Provincial Bonds_Issuer,1144,FED_PROV,Provincial Bonds,Issuer
146,2018-03-01,3,2018,Provincial Bonds_Non-Residents,6524,FED_PROV,Provincial Bonds,Non-Residents
134,2018-03-01,3,2018,Provincial Bonds_Retail Clients,396,FED_PROV,Provincial Bonds,Retail Clients
15,2018-04-01,4,2018,Federal Crown Corporation Bonds_Anonymous Systems: IDBBs and ATSs,21247,FED_PROV,Federal Crown Corporation Bonds,Anonymous Systems: IDBBs and ATSs
27,2018-04-01,4,2018,Federal Crown Corporation Bonds_Banks,4176,FED_PROV,Federal Crown Corporation Bonds,Banks
39,2018-04-01,4,2018,Federal Crown Corporation Bonds_Institutional Clients,20035,FED_PROV,Federal Crown Corporation Bonds,Institutional Clients
3,2018-04-01,4,2018,Federal Crown Corporation Bonds_Investment Dealers,3970,FED_PROV,Federal Crown Corporation Bonds,Investment Dealers
75,2018-04-01,4,2018,Federal Crown Corporation Bonds_Issuer,16,FED_PROV,Federal Crown Corporation Bonds,Issuer
63,2018-04-01,4,2018,Federal Crown Corporation Bonds_Non-Residents,8079,FED_PROV,Federal Crown Corporation Bonds,Non-Residents
51,2018-04-01,4,2018,Federal Crown Corporation Bonds_Retail Clients,140,FED_PROV,Federal Crown Corporation Bonds,Retail Clients
99,2018-04-01,4,2018,Provincial Bonds_Anonymous Systems: IDBBs and ATSs,35942,FED_PROV,Provincial Bonds,Anonymous Systems: IDBBs and ATSs
111,2018-04-01,4,2018,Provincial Bonds_Banks,7806,FED_PROV,Provincial Bonds,Banks
123,2018-04-01,4,2018,Provincial Bonds_Institutional Clients,52096,FED_PROV,Provincial Bonds,Institutional Clients
87,2018-04-01,4,2018,Provincial Bonds_Investment Dealers,5052,FED_PROV,Provincial Bonds,Investment Dealers
159,2018-04-01,4,2018,Provincial Bonds_Issuer,475,FED_PROV,Provincial Bonds,Issuer
147,2018-04-01,4,2018,Provincial Bonds_Non-Residents,5741,FED_PROV,Provincial Bonds,Non-Residents
135,2018-04-01,4,2018,Provincial Bonds_Retail Clients,395,FED_PROV,Provincial Bonds,Retail Clients
16,2018-05-01,5,2018,Federal Crown Corporation Bonds_Anonymous Systems: IDBBs and ATSs,18381,FED_PROV,Federal Crown Corporation Bonds,Anonymous Systems: IDBBs and ATSs
28,2018-05-01,5,2018,Federal Crown Corporation Bonds_Banks,5554,FED_PROV,Federal Crown Corporation Bonds,Banks
40,2018-05-01,5,2018,Federal Crown Corporation Bonds_Institutional Clients,21503,FED_PROV,Federal Crown Corporation Bonds,Institutional Clients
4,2018-05-01,5,2018,Federal Crown Corporation Bonds_Investment Dealers,2480,FED_PROV,Federal Crown Corporation Bonds,Investment Dealers
76,2018-05-01,5,2018,Federal Crown Corporation Bonds_Issuer,12,FED_PROV,Federal Crown Corporation Bonds,Issuer
64,2018-05-01,5,2018,Federal Crown Corporation Bonds_Non-Residents,5428,FED_PROV,Federal Crown Corporation Bonds,Non-Residents
52,2018-05-01,5,2018,Federal Crown Corporation Bonds_Retail Clients,181,FED_PROV,Federal Crown Corporation Bonds,Retail Clients
100,2018-05-01,5,2018,Provincial Bonds_Anonymous Systems: IDBBs and ATSs,38908,FED_PROV,Provincial Bonds,Anonymous Systems: IDBBs and ATSs
112,2018-05-01,5,2018,Provincial Bonds_Banks,8435,FED_PROV,Provincial Bonds,Banks
124,2018-05-01,5,2018,Provincial Bonds_Institutional Clients,61514,FED_PROV,Provincial Bonds,Institutional Clients
88,2018-05-01,5,2018,Provincial Bonds_Investment Dealers,6211,FED_PROV,Provincial Bonds,Investment Dealers
160,2018-05-01,5,2018,Provincial Bonds_Issuer,975,FED_PROV,Provincial Bonds,Issuer
148,2018-05-01,5,2018,Provincial Bonds_Non-Residents,6943,FED_PROV,Provincial Bonds,Non-Residents
136,2018-05-01,5,2018,Provincial Bonds_Retail Clients,568,FED_PROV,Provincial Bonds,Retail Clients
17,2018-06-01,6,2018,Federal Crown Corporation Bonds_Anonymous Systems: IDBBs and ATSs,14822,FED_PROV,Federal Crown Corporation Bonds,Anonymous Systems: IDBBs and ATSs
29,2018-06-01,6,2018,Federal Crown Corporation Bonds_Banks,7261,FED_PROV,Federal Crown Corporation Bonds,Banks
41,2018-06-01,6,2018,Federal Crown Corporation Bonds_Institutional Clients,24250,FED_PROV,Federal Crown Corporation Bonds,Institutional Clients
5,2018-06-01,6,2018,Federal Crown Corporation Bonds_Investment Dealers,4797,FED_PROV,Federal Crown Corporation Bonds,Investment Dealers
77,2018-06-01,6,2018,Federal Crown Corporation Bonds_Issuer,0,FED_PROV,Federal Crown Corporation Bonds,Issuer
65,2018-06-01,6,2018,Federal Crown Corporation Bonds_Non-Residents,12637,FED_PROV,Federal Crown Corporation Bonds,Non-Residents
53,2018-06-01,6,2018,Federal Crown Corporation Bonds_Retail Clients,145,FED_PROV,Federal Crown Corporation Bonds,Retail Clients
101,2018-06-01,6,2018,Provincial Bonds_Anonymous Systems: IDBBs and ATSs,29917,FED_PROV,Provincial Bonds,Anonymous Systems: IDBBs and ATSs
113,2018-06-01,6,2018,Provincial Bonds_Banks,8812,FED_PROV,Provincial Bonds,Banks
125,2018-06-01,6,2018,Provincial Bonds_Institutional Clients,42648,FED_PROV,Provincial Bonds,Institutional Clients
89,2018-06-01,6,2018,Provincial Bonds_Investment Dealers,4028,FED_PROV,Provincial Bonds,Investment Dealers
161,2018-06-01,6,2018,Provincial Bonds_Issuer,816,FED_PROV,Provincial Bonds,Issuer
149,2018-06-01,6,2018,Provincial Bonds_Non-Residents,5686,FED_PROV,Provincial Bonds,Non-Residents
137,2018-06-01,6,2018,Provincial Bonds_Retail Clients,640,FED_PROV,Provincial Bonds,Retail Clients
18,2018-07-01,7,2018,Federal Crown Corporation Bonds_Anonymous Systems: IDBBs and ATSs,12339,FED_PROV,Federal Crown Corporation Bonds,Anonymous Systems: IDBBs and ATSs
30,2018-07-01,7,2018,Federal Crown Corporation Bonds_Banks,3479,FED_PROV,Federal Crown Corporation Bonds,Banks
42,2018-07-01,7,2018,Federal Crown Corporation Bonds_Institutional Clients,12954,FED_PROV,Federal Crown Corporation Bonds,Institutional Clients
6,2018-07-01,7,2018,Federal Crown Corporation Bonds_Investment Dealers,1455,FED_PROV,Federal Crown Corporation Bonds,Investment Dealers
78,2018-07-01,7,2018,Federal Crown Corporation Bonds_Issuer,0,FED_PROV,Federal Crown Corporation Bonds,Issuer
66,2018-07-01,7,2018,Federal Crown Corporation Bonds_Non-Residents,3726,FED_PROV,Federal Crown Corporation Bonds,Non-Residents
54,2018-07-01,7,2018,Federal Crown Corporation Bonds_Retail Clients,95,FED_PROV,Federal Crown Corporation Bonds,Retail Clients
102,2018-07-01,7,2018,Provincial Bonds_Anonymous Systems: IDBBs and ATSs,21428,FED_PROV,Provincial Bonds,Anonymous Systems: IDBBs and ATSs
114,2018-07-01,7,2018,Provincial Bonds_Banks,7381,FED_PROV,Provincial Bonds,Banks
126,2018-07-01,7,2018,Provincial Bonds_Institutional Clients,38594,FED_PROV,Provincial Bonds,Institutional Clients
90,2018-07-01,7,2018,Provincial Bonds_Investment Dealers,4077,FED_PROV,Provincial Bonds,Investment Dealers
162,2018-07-01,7,2018,Provincial Bonds_Issuer,973,FED_PROV,Provincial Bonds,Issuer
150,2018-07-01,7,2018,Provincial Bonds_Non-Residents,3966,FED_PROV,Provincial Bonds,Non-Residents
138,2018-07-01,7,2018,Provincial Bonds_Retail Clients,514,FED_PROV,Provincial Bonds,Retail Clients
19,2018-08-01,8,2018,Federal Crown Corporation Bonds_Anonymous Systems: IDBBs and ATSs,12531,FED_PROV,Federal Crown Corporation Bonds,Anonymous Systems: IDBBs and ATSs
31,2018-08-01,8,2018,Federal Crown Corporation Bonds_Banks,4369,FED_PROV,Federal Crown Corporation Bonds,Banks
43,2018-08-01,8,2018,Federal Crown Corporation Bonds_Institutional Clients,17709,FED_PROV,Federal Crown Corporation Bonds,Institutional Clients
7,2018-08-01,8,2018,Federal Crown Corporation Bonds_Investment Dealers,3491,FED_PROV,Federal Crown Corporation Bonds,Investment Dealers
79,2018-08-01,8,2018,Federal Crown Corporation Bonds_Issuer,15,FED_PROV,Federal Crown Corporation Bonds,Issuer
67,2018-08-01,8,2018,Federal Crown Corporation Bonds_Non-Residents,5887,FED_PROV,Federal Crown Corporation Bonds,Non-Residents
55,2018-08-01,8,2018,Federal Crown Corporation Bonds_Retail Clients,140,FED_PROV,Federal Crown Corporation Bonds,Retail Clients
103,2018-08-01,8,2018,Provincial Bonds_Anonymous Systems: IDBBs and ATSs,25350,FED_PROV,Provincial Bonds,Anonymous Systems: IDBBs and ATSs
115,2018-08-01,8,2018,Provincial Bonds_Banks,7112,FED_PROV,Provincial Bonds,Banks
127,2018-08-01,8,2018,Provincial Bonds_Institutional Clients,35959,FED_PROV,Provincial Bonds,Institutional Clients
91,2018-08-01,8,2018,Provincial Bonds_Investment Dealers,4196,FED_PROV,Provincial Bonds,Investment Dealers
163,2018-08-01,8,2018,Provincial Bonds_Issuer,301,FED_PROV,Provincial Bonds,Issuer
151,2018-08-01,8,2018,Provincial Bonds_Non-Residents,6958,FED_PROV,Provincial Bonds,Non-Residents
139,2018-08-01,8,2018,Provincial Bonds_Retail Clients,422,FED_PROV,Provincial Bonds,Retail Clients
20,2018-09-01,9,2018,Federal Crown Corporation Bonds_Anonymous Systems: IDBBs and ATSs,16110,FED_PROV,Federal Crown Corporation Bonds,Anonymous Systems: IDBBs and ATSs
32,2018-09-01,9,2018,Federal Crown Corporation Bonds_Banks,5761,FED_PROV,Federal Crown Corporation Bonds,Banks
44,2018-09-01,9,2018,Federal Crown Corporation Bonds_Institutional Clients,20307,FED_PROV,Federal Crown Corporation Bonds,Institutional Clients
8,2018-09-01,9,2018,Federal Crown Corporation Bonds_Investment Dealers,5385,FED_PROV,Federal Crown Corporation Bonds,Investment Dealers
80,2018-09-01,9,2018,Federal Crown Corporation Bonds_Issuer,0,FED_PROV,Federal Crown Corporation Bonds,Issuer
68,2018-09-01,9,2018,Federal Crown Corporation Bonds_Non-Residents,4204,FED_PROV,Federal Crown Corporation Bonds,Non-Residents
56,2018-09-01,9,2018,Federal Crown Corporation Bonds_Retail Clients,198,FED_PROV,Federal Crown Corporation Bonds,Retail Clients
104,2018-09-01,9,2018,Provincial Bonds_Anonymous Systems: IDBBs and ATSs,32701,FED_PROV,Provincial Bonds,Anonymous Systems: IDBBs and ATSs
116,2018-09-01,9,2018,Provincial Bonds_Banks,7538,FED_PROV,Provincial Bonds,Banks
128,2018-09-01,9,2018,Provincial Bonds_Institutional Clients,46287,FED_PROV,Provincial Bonds,Institutional Clients
92,2018-09-01,9,2018,Provincial Bonds_Investment Dealers,4193,FED_PROV,Provincial Bonds,Investment Dealers
164,2018-09-01,9,2018,Provincial Bonds_Issuer,387,FED_PROV,Provincial Bonds,Issuer
152,2018-09-01,9,2018,Provincial Bonds_Non-Residents,5519,FED_PROV,Provincial Bonds,Non-Residents
140,2018-09-01,9,2018,Provincial Bonds_Retail Clients,498,FED_PROV,Provincial Bonds,Retail Clients
21,2018-10-01,10,2018,Federal Crown Corporation Bonds_Anonymous Systems: IDBBs and ATSs,20576,FED_PROV,Federal Crown Corporation Bonds,Anonymous Systems: IDBBs and ATSs
33,2018-10-01,10,2018,Federal Crown Corporation Bonds_Banks,7513,FED_PROV,Federal Crown Corporation Bonds,Banks
45,2018-10-01,10,2018,Federal Crown Corporation Bonds_Institutional Clients,23041,FED_PROV,Federal Crown Corporation Bonds,Institutional Clients
9,2018-10-01,10,2018,Federal Crown Corporation Bonds_Investment Dealers,3923,FED_PROV,Federal Crown Corporation Bonds,Investment Dealers
81,2018-10-01,10,2018,Federal Crown Corporation Bonds_Issuer,0,FED_PROV,Federal Crown Corporation Bonds,Issuer
69,2018-10-01,10,2018,Federal Crown Corporation Bonds_Non-Residents,5250,FED_PROV,Federal Crown Corporation Bonds,Non-Residents
57,2018-10-01,10,2018,Federal Crown Corporation Bonds_Retail Clients,154,FED_PROV,Federal Crown Corporation Bonds,Retail Clients
105,2018-10-01,10,2018,Provincial Bonds_Anonymous Systems: IDBBs and ATSs,31137,FED_PROV,Provincial Bonds,Anonymous Systems: IDBBs and ATSs
117,2018-10-01,10,2018,Provincial Bonds_Banks,16518,FED_PROV,Provincial Bonds,Banks
129,2018-10-01,10,2018,Provincial Bonds_Institutional Clients,54409,FED_PROV,Provincial Bonds,Institutional Clients
93,2018-10-01,10,2018,Provincial Bonds_Investment Dealers,6777,FED_PROV,Provincial Bonds,Investment Dealers
165,2018-10-01,10,2018,Provincial Bonds_Issuer,491,FED_PROV,Provincial Bonds,Issuer
153,2018-10-01,10,2018,Provincial Bonds_Non-Residents,9052,FED_PROV,Provincial Bonds,Non-Residents
141,2018-10-01,10,2018,Provincial Bonds_Retail Clients,556,FED_PROV,Provincial Bonds,Retail Clients
22,2018-11-01,11,2018,Federal Crown Corporation Bonds_Anonymous Systems: IDBBs and ATSs,17920,FED_PROV,Federal Crown Corporation Bonds,Anonymous Systems: IDBBs and ATSs
34,2018-11-01,11,2018,Federal Crown Corporation Bonds_Banks,5561,FED_PROV,Federal Crown Corporation Bonds,Banks
46,2018-11-01,11,2018,Federal Crown Corporation Bonds_Institutional Clients,20443,FED_PROV,Federal Crown Corporation Bonds,Institutional Clients
10,2018-11-01,11,2018,Federal Crown Corporation Bonds_Investment Dealers,2692,FED_PROV,Federal Crown Corporation Bonds,Investment Dealers
82,2018-11-01,11,2018,Federal Crown Corporation Bonds_Issuer,65,FED_PROV,Federal Crown Corporation Bonds,Issuer
70,2018-11-01,11,2018,Federal Crown Corporation Bonds_Non-Residents,6786,FED_PROV,Federal Crown Corporation Bonds,Non-Residents
58,2018-11-01,11,2018,Federal Crown Corporation Bonds_Retail Clients,532,FED_PROV,Federal Crown Corporation Bonds,Retail Clients
106,2018-11-01,11,2018,Provincial Bonds_Anonymous Systems: IDBBs and ATSs,36373,FED_PROV,Provincial Bonds,Anonymous Systems: IDBBs and ATSs
118,2018-11-01,11,2018,Provincial Bonds_Banks,11424,FED_PROV,Provincial Bonds,Banks
130,2018-11-01,11,2018,Provincial Bonds_Institutional Clients,42862,FED_PROV,Provincial Bonds,Institutional Clients
94,2018-11-01,11,2018,Provincial Bonds_Investment Dealers,6123,FED_PROV,Provincial Bonds,Investment Dealers
166,2018-11-01,11,2018,Provincial Bonds_Issuer,395,FED_PROV,Provincial Bonds,Issuer
154,2018-11-01,11,2018,Provincial Bonds_Non-Residents,12415,FED_PROV,Provincial Bonds,Non-Residents
142,2018-11-01,11,2018,Provincial Bonds_Retail Clients,496,FED_PROV,Provincial Bonds,Retail Clients
23,2018-12-01,12,2018,Federal Crown Corporation Bonds_Anonymous Systems: IDBBs and ATSs,13180,FED_PROV,Federal Crown Corporation Bonds,Anonymous Systems: IDBBs and ATSs
35,2018-12-01,12,2018,Federal Crown Corporation Bonds_Banks,5254,FED_PROV,Federal Crown Corporation Bonds,Banks
47,2018-12-01,12,2018,Federal Crown Corporation Bonds_Institutional Clients,28665,FED_PROV,Federal Crown Corporation Bonds,Institutional Clients
11,2018-12-01,12,2018,Federal Crown Corporation Bonds_Investment Dealers,2885,FED_PROV,Federal Crown Corporation Bonds,Investment Dealers
83,2018-12-01,12,2018,Federal Crown Corporation Bonds_Issuer,8,FED_PROV,Federal Crown Corporation Bonds,Issuer
71,2018-12-01,12,2018,Federal Crown Corporation Bonds_Non-Residents,7804,FED_PROV,Federal Crown Corporation Bonds,Non-Residents
59,2018-12-01,12,2018,Federal Crown Corporation Bonds_Retail Clients,324,FED_PROV,Federal Crown Corporation Bonds,Retail Clients
107,2018-12-01,12,2018,Provincial Bonds_Anonymous Systems: IDBBs and ATSs,27419,FED_PROV,Provincial Bonds,Anonymous Systems: IDBBs and ATSs
119,2018-12-01,12,2018,Provincial Bonds_Banks,9536,FED_PROV,Provincial Bonds,Banks
131,2018-12-01,12,2018,Provincial Bonds_Institutional Clients,41001,FED_PROV,Provincial Bonds,Institutional Clients
95,2018-12-01,12,2018,Provincial Bonds_Investment Dealers,3924,FED_PROV,Provincial Bonds,Investment Dealers
167,2018-12-01,12,2018,Provincial Bonds_Issuer,203,FED_PROV,Provincial Bonds,Issuer
155,2018-12-01,12,2018,Provincial Bonds_Non-Residents,9531,FED_PROV,Provincial Bonds,Non-Residents
143,2018-12-01,12,2018,Provincial Bonds_Retail Clients,608,FED_PROV,Provincial Bonds,Retail Clients
12,2019-01-01,1,2019,Federal Crown Corporation Bonds_Anonymous Systems: IDBBs and ATSs,21501,FED_PROV,Federal Crown Corporation Bonds,Anonymous Systems: IDBBs and ATSs
24,2019-01-01,1,2019,Federal Crown Corporation Bonds_Banks,6116,FED_PROV,Federal Crown Corporation Bonds,Banks
36,2019-01-01,1,2019,Federal Crown Corporation Bonds_Institutional Clients,19292,FED_PROV,Federal Crown Corporation Bonds,Institutional Clients
0,2019-01-01,1,2019,Federal Crown Corporation Bonds_Investment Dealers,3759,FED_PROV,Federal Crown Corporation Bonds,Investment Dealers
72,2019-01-01,1,2019,Federal Crown Corporation Bonds_Issuer,2,FED_PROV,Federal Crown Corporation Bonds,Issuer
60,2019-01-01,1,2019,Federal Crown Corporation Bonds_Non-Residents,5275,FED_PROV,Federal Crown Corporation Bonds,Non-Residents
48,2019-01-01,1,2019,Federal Crown Corporation Bonds_Retail Clients,291,FED_PROV,Federal Crown Corporation Bonds,Retail Clients
96,2019-01-01,1,2019,Provincial Bonds_Anonymous Systems: IDBBs and ATSs,37127,FED_PROV,Provincial Bonds,Anonymous Systems: IDBBs and ATSs
108,2019-01-01,1,2019,Provincial Bonds_Banks,9355,FED_PROV,Provincial Bonds,Banks
120,2019-01-01,1,2019,Provincial Bonds_Institutional Clients,46695,FED_PROV,Provincial Bonds,Institutional Clients
84,2019-01-01,1,2019,Provincial Bonds_Investment Dealers,4946,FED_PROV,Provincial Bonds,Investment Dealers
156,2019-01-01,1,2019,Provincial Bonds_Issuer,69,FED_PROV,Provincial Bonds,Issuer
144,2019-01-01,1,2019,Provincial Bonds_Non-Residents,12221,FED_PROV,Provincial Bonds,Non-Residents
132,2019-01-01,1,2019,Provincial Bonds_Retail Clients,609,FED_PROV,Provincial Bonds,Retail Clients
13,2019-02-01,2,2019,Federal Crown Corporation Bonds_Anonymous Systems: IDBBs and ATSs,16375,FED_PROV,Federal Crown Corporation Bonds,Anonymous Systems: IDBBs and ATSs
25,2019-02-01,2,2019,Federal Crown Corporation Bonds_Banks,4458,FED_PROV,Federal Crown Corporation Bonds,Banks
37,2019-02-01,2,2019,Federal Crown Corporation Bonds_Institutional Clients,16200,FED_PROV,Federal Crown Corporation Bonds,Institutional Clients
1,2019-02-01,2,2019,Federal Crown Corporation Bonds_Investment Dealers,2754,FED_PROV,Federal Crown Corporation Bonds,Investment Dealers
73,2019-02-01,2,2019,Federal Crown Corporation Bonds_Issuer,1,FED_PROV,Federal Crown Corporation Bonds,Issuer
61,2019-02-01,2,2019,Federal Crown Corporation Bonds_Non-Residents,8634,FED_PROV,Federal Crown Corporation Bonds,Non-Residents
49,2019-02-01,2,2019,Federal Crown Corporation Bonds_Retail Clients,218,FED_PROV,Federal Crown Corporation Bonds,Retail Clients
97,2019-02-01,2,2019,Provincial Bonds_Anonymous Systems: IDBBs and ATSs,32548,FED_PROV,Provincial Bonds,Anonymous Systems: IDBBs and ATSs
109,2019-02-01,2,2019,Provincial Bonds_Banks,8950,FED_PROV,Provincial Bonds,Banks
121,2019-02-01,2,2019,Provincial Bonds_Institutional Clients,41759,FED_PROV,Provincial Bonds,Institutional Clients
85,2019-02-01,2,2019,Provincial Bonds_Investment Dealers,4193,FED_PROV,Provincial Bonds,Investment Dealers
157,2019-02-01,2,2019,Provincial Bonds_Issuer,173,FED_PROV,Provincial Bonds,Issuer
145,2019-02-01,2,2019,Provincial Bonds_Non-Residents,8535,FED_PROV,Provincial Bonds,Non-Residents
133,2019-02-01,2,2019,Provincial Bonds_Retail Clients,612,FED_PROV,Provincial Bonds,Retail Clients
14,2019-03-01,3,2019,Federal Crown Corporation Bonds_Anonymous Systems: IDBBs and ATSs,18693,FED_PROV,Federal Crown Corporation Bonds,Anonymous Systems: IDBBs and ATSs
26,2019-03-01,3,2019,Federal Crown Corporation Bonds_Banks,6581,FED_PROV,Federal Crown Corporation Bonds,Banks
38,2019-03-01,3,2019,Federal Crown Corporation Bonds_Institutional Clients,27506,FED_PROV,Federal Crown Corporation Bonds,Institutional Clients
2,2019-03-01,3,2019,Federal Crown Corporation Bonds_Investment Dealers,4534,FED_PROV,Federal Crown Corporation Bonds,Investment Dealers
74,2019-03-01,3,2019,Federal Crown Corporation Bonds_Issuer,1,FED_PROV,Federal Crown Corporation Bonds,Issuer
62,2019-03-01,3,2019,Federal Crown Corporation Bonds_Non-Residents,12840,FED_PROV,Federal Crown Corporation Bonds,Non-Residents
50,2019-03-01,3,2019,Federal Crown Corporation Bonds_Retail Clients,297,FED_PROV,Federal Crown Corporation Bonds,Retail Clients
98,2019-03-01,3,2019,Provincial Bonds_Anonymous Systems: IDBBs and ATSs,29333,FED_PROV,Provincial Bonds,Anonymous Systems: IDBBs and ATSs
110,2019-03-01,3,2019,Provincial Bonds_Banks,7718,FED_PROV,Provincial Bonds,Banks
122,2019-03-01,3,2019,Provincial Bonds_Institutional Clients,47509,FED_PROV,Provincial Bonds,Institutional Clients
86,2019-03-01,3,2019,Provincial Bonds_Investment Dealers,4792,FED_PROV,Provincial Bonds,Investment Dealers
158,2019-03-01,3,2019,Provincial Bonds_Issuer,230,FED_PROV,Provincial Bonds,Issuer
146,2019-03-01,3,2019,Provincial Bonds_Non-Residents,7157,FED_PROV,Provincial Bonds,Non-Residents
134,2019-03-01,3,2019,Provincial Bonds_Retail Clients,527,FED_PROV,Provincial Bonds,Retail Clients
15,2019-04-01,4,2019,Federal Crown Corporation Bonds_Anonymous Systems: IDBBs and ATSs,19956,FED_PROV,Federal Crown Corporation Bonds,Anonymous Systems: IDBBs and ATSs
27,2019-04-01,4,2019,Federal Crown Corporation Bonds_Banks,4205,FED_PROV,Federal Crown Corporation Bonds,Banks
39,2019-04-01,4,2019,Federal Crown Corporation Bonds_Institutional Clients,17641,FED_PROV,Federal Crown Corporation Bonds,Institutional Clients
3,2019-04-01,4,2019,Federal Crown Corporation Bonds_Investment Dealers,1620,FED_PROV,Federal Crown Corporation Bonds,Investment Dealers
75,2019-04-01,4,2019,Federal Crown Corporation Bonds_Issuer,110,FED_PROV,Federal Crown Corporation Bonds,Issuer
63,2019-04-01,4,2019,Federal Crown Corporation Bonds_Non-Residents,8207,FED_PROV,Federal Crown Corporation Bonds,Non-Residents
51,2019-04-01,4,2019,Federal Crown Corporation Bonds_Retail Clients,171,FED_PROV,Federal Crown Corporation Bonds,Retail Clients
99,2019-04-01,4,2019,Provincial Bonds_Anonymous Systems: IDBBs and ATSs,32356,FED_PROV,Provincial Bonds,Anonymous Systems: IDBBs and ATSs
111,2019-04-01,4,2019,Provincial Bonds_Banks,6262,FED_PROV,Provincial Bonds,Banks
123,2019-04-01,4,2019,Provincial Bonds_Institutional Clients,48745,FED_PROV,Provincial Bonds,Institutional Clients
87,2019-04-01,4,2019,Provincial Bonds_Investment Dealers,4900,FED_PROV,Provincial Bonds,Investment Dealers
159,2019-04-01,4,2019,Provincial Bonds_Issuer,354,FED_PROV,Provincial Bonds,Issuer
147,2019-04-01,4,2019,Provincial Bonds_Non-Residents,6936,FED_PROV,Provincial Bonds,Non-Residents
135,2019-04-01,4,2019,Provincial Bonds_Retail Clients,518,FED_PROV,Provincial Bonds,Retail Clients
16,2019-05-01,5,2019,Federal Crown Corporation Bonds_Anonymous Systems: IDBBs and ATSs,20694,FED_PROV,Federal Crown Corporation Bonds,Anonymous Systems: IDBBs and ATSs
28,2019-05-01,5,2019,Federal Crown Corporation Bonds_Banks,6317,FED_PROV,Federal Crown Corporation Bonds,Banks
40,2019-05-01,5,2019,Federal Crown Corporation Bonds_Institutional Clients,28162,FED_PROV,Federal Crown Corporation Bonds,Institutional Clients
4,2019-05-01,5,2019,Federal Crown Corporation Bonds_Investment Dealers,4512,FED_PROV,Federal Crown Corporation Bonds,Investment Dealers
76,2019-05-01,5,2019,Federal Crown Corporation Bonds_Issuer,25,FED_PROV,Federal Crown Corporation Bonds,Issuer
64,2019-05-01,5,2019,Federal Crown Corporation Bonds_Non-Residents,8065,FED_PROV,Federal Crown Corporation Bonds,Non-Residents
52,2019-05-01,5,2019,Federal Crown Corporation Bonds_Retail Clients,301,FED_PROV,Federal Crown Corporation Bonds,Retail Clients
100,2019-05-01,5,2019,Provincial Bonds_Anonymous Systems: IDBBs and ATSs,41766,FED_PROV,Provincial Bonds,Anonymous Systems: IDBBs and ATSs
112,2019-05-01,5,2019,Provincial Bonds_Banks,6582,FED_PROV,Provincial Bonds,Banks
124,2019-05-01,5,2019,Provincial Bonds_Institutional Clients,46749,FED_PROV,Provincial Bonds,Institutional Clients
88,2019-05-01,5,2019,Provincial Bonds_Investment Dealers,5985,FED_PROV,Provincial Bonds,Investment Dealers
160,2019-05-01,5,2019,Provincial Bonds_Issuer,253,FED_PROV,Provincial Bonds,Issuer
148,2019-05-01,5,2019,Provincial Bonds_Non-Residents,8778,FED_PROV,Provincial Bonds,Non-Residents
136,2019-05-01,5,2019,Provincial Bonds_Retail Clients,586,FED_PROV,Provincial Bonds,Retail Clients
17,2019-06-01,6,2019,Federal Crown Corporation Bonds_Anonymous Systems: IDBBs and ATSs,21553,FED_PROV,Federal Crown Corporation Bonds,Anonymous Systems: IDBBs and ATSs
29,2019-06-01,6,2019,Federal Crown Corporation Bonds_Banks,3705,FED_PROV,Federal Crown Corporation Bonds,Banks
41,2019-06-01,6,2019,Federal Crown Corporation Bonds_Institutional Clients,34387,FED_PROV,Federal Crown Corporation Bonds,Institutional Clients
5,2019-06-01,6,2019,Federal Crown Corporation Bonds_Investment Dealers,4025,FED_PROV,Federal Crown Corporation Bonds,Investment Dealers
77,2019-06-01,6,2019,Federal Crown Corporation Bonds_Issuer,0,FED_PROV,Federal Crown Corporation Bonds,Issuer
65,2019-06-01,6,2019,Federal Crown Corporation Bonds_Non-Residents,11090,FED_PROV,Federal Crown Corporation Bonds,Non-Residents
53,2019-06-01,6,2019,Federal Crown Corporation Bonds_Retail Clients,263,FED_PROV,Federal Crown Corporation Bonds,Retail Clients
101,2019-06-01,6,2019,Provincial Bonds_Anonymous Systems: IDBBs and ATSs,33835,FED_PROV,Provincial Bonds,Anonymous Systems: IDBBs and ATSs
113,2019-06-01,6,2019,Provincial Bonds_Banks,6579,FED_PROV,Provincial Bonds,Banks
125,2019-06-01,6,2019,Provincial Bonds_Institutional Clients,55278,FED_PROV,Provincial Bonds,Institutional Clients
89,2019-06-01,6,2019,Provincial Bonds_Investment Dealers,6111,FED_PROV,Provincial Bonds,Investment Dealers
161,2019-06-01,6,2019,Provincial Bonds_Issuer,247,FED_PROV,Provincial Bonds,Issuer
149,2019-06-01,6,2019,Provincial Bonds_Non-Residents,8373,FED_PROV,Provincial Bonds,Non-Residents
137,2019-06-01,6,2019,Provincial Bonds_Retail Clients,609,FED_PROV,Provincial Bonds,Retail Clients
18,2019-07-01,7,2019,Federal Crown Corporation Bonds_Anonymous Systems: IDBBs and ATSs,15168,FED_PROV,Federal Crown Corporation Bonds,Anonymous Systems: IDBBs and ATSs
30,2019-07-01,7,2019,Federal Crown Corporation Bonds_Banks,3490,FED_PROV,Federal Crown Corporation Bonds,Banks
42,2019-07-01,7,2019,Federal Crown Corporation Bonds_Institutional Clients,20329,FED_PROV,Federal Crown Corporation Bonds,Institutional Clients
6,2019-07-01,7,2019,Federal Crown Corporation Bonds_Investment Dealers,1730,FED_PROV,Federal Crown Corporation Bonds,Investment Dealers
78,2019-07-01,7,2019,Federal Crown Corporation Bonds_Issuer,1,FED_PROV,Federal Crown Corporation Bonds,Issuer
66,2019-07-01,7,2019,Federal Crown Corporation Bonds_Non-Residents,6389,FED_PROV,Federal Crown Corporation Bonds,Non-Residents
54,2019-07-01,7,2019,Federal Crown Corporation Bonds_Retail Clients,231,FED_PROV,Federal Crown Corporation Bonds,Retail Clients
102,2019-07-01,7,2019,Provincial Bonds_Anonymous Systems: IDBBs and ATSs,34509,FED_PROV,Provincial Bonds,Anonymous Systems: IDBBs and ATSs
114,2019-07-01,7,2019,Provincial Bonds_Banks,5713,FED_PROV,Provincial Bonds,Banks
126,2019-07-01,7,2019,Provincial Bonds_Institutional Clients,51994,FED_PROV,Provincial Bonds,Institutional Clients
90,2019-07-01,7,2019,Provincial Bonds_Investment Dealers,4440,FED_PROV,Provincial Bonds,Investment Dealers
162,2019-07-01,7,2019,Provincial Bonds_Issuer,266,FED_PROV,Provincial Bonds,Issuer
150,2019-07-01,7,2019,Provincial Bonds_Non-Residents,8443,FED_PROV,Provincial Bonds,Non-Residents
138,2019-07-01,7,2019,Provincial Bonds_Retail Clients,387,FED_PROV,Provincial Bonds,Retail Clients
19,2019-08-01,8,2019,Federal Crown Corporation Bonds_Anonymous Systems: IDBBs and ATSs,12331,FED_PROV,Federal Crown Corporation Bonds,Anonymous Systems: IDBBs and ATSs
31,2019-08-01,8,2019,Federal Crown Corporation Bonds_Banks,6615,FED_PROV,Federal Crown Corporation Bonds,Banks
43,2019-08-01,8,2019,Federal Crown Corporation Bonds_Institutional Clients,18057,FED_PROV,Federal Crown Corporation Bonds,Institutional Clients
7,2019-08-01,8,2019,Federal Crown Corporation Bonds_Investment Dealers,3833,FED_PROV,Federal Crown Corporation Bonds,Investment Dealers
79,2019-08-01,8,2019,Federal Crown Corporation Bonds_Issuer,0,FED_PROV,Federal Crown Corporation Bonds,Issuer
67,2019-08-01,8,2019,Federal Crown Corporation Bonds_Non-Residents,6848,FED_PROV,Federal Crown Corporation Bonds,Non-Residents
55,2019-08-01,8,2019,Federal Crown Corporation Bonds_Retail Clients,183,FED_PROV,Federal Crown Corporation Bonds,Retail Clients
103,2019-08-01,8,2019,Provincial Bonds_Anonymous Systems: IDBBs and ATSs,27276,FED_PROV,Provincial Bonds,Anonymous Systems: IDBBs and ATSs
115,2019-08-01,8,2019,Provincial Bonds_Banks,5824,FED_PROV,Provincial Bonds,Banks
127,2019-08-01,8,2019,Provincial Bonds_Institutional Clients,33637,FED_PROV,Provincial Bonds,Institutional Clients
91,2019-08-01,8,2019,Provincial Bonds_Investment Dealers,4906,FED_PROV,Provincial Bonds,Investment Dealers
163,2019-08-01,8,2019,Provincial Bonds_Issuer,779,FED_PROV,Provincial Bonds,Issuer
151,2019-08-01,8,2019,Provincial Bonds_Non-Residents,8117,FED_PROV,Provincial Bonds,Non-Residents
139,2019-08-01,8,2019,Provincial Bonds_Retail Clients,303,FED_PROV,Provincial Bonds,Retail Clients
20,2019-09-01,9,2019,Federal Crown Corporation Bonds_Anonymous Systems: IDBBs and ATSs,17823,FED_PROV,Federal Crown Corporation Bonds,Anonymous Systems: IDBBs and ATSs
32,2019-09-01,9,2019,Federal Crown Corporation Bonds_Banks,5489,FED_PROV,Federal Crown Corporation Bonds,Banks
44,2019-09-01,9,2019,Federal Crown Corporation Bonds_Institutional Clients,20253,FED_PROV,Federal Crown Corporation Bonds,Institutional Clients
8,2019-09-01,9,2019,Federal Crown Corporation Bonds_Investment Dealers,3980,FED_PROV,Federal Crown Corporation Bonds,Investment Dealers
80,2019-09-01,9,2019,Federal Crown Corporation Bonds_Issuer,1,FED_PROV,Federal Crown Corporation Bonds,Issuer
68,2019-09-01,9,2019,Federal Crown Corporation Bonds_Non-Residents,7898,FED_PROV,Federal Crown Corporation Bonds,Non-Residents
56,2019-09-01,9,2019,Federal Crown Corporation Bonds_Retail Clients,191,FED_PROV,Federal Crown Corporation Bonds,Retail Clients
104,2019-09-01,9,2019,Provincial Bonds_Anonymous Systems: IDBBs and ATSs,35782,FED_PROV,Provincial Bonds,Anonymous Systems: IDBBs and ATSs
116,2019-09-01,9,2019,Provincial Bonds_Banks,5698,FED_PROV,Provincial Bonds,Banks
128,2019-09-01,9,2019,Provincial Bonds_Institutional Clients,41144,FED_PROV,Provincial Bonds,Institutional Clients
92,2019-09-01,9,2019,Provincial Bonds_Investment Dealers,4864,FED_PROV,Provincial Bonds,Investment Dealers
164,2019-09-01,9,2019,Provincial Bonds_Issuer,246,FED_PROV,Provincial Bonds,Issuer
152,2019-09-01,9,2019,Provincial Bonds_Non-Residents,7453,FED_PROV,Provincial Bonds,Non-Residents
140,2019-09-01,9,2019,Provincial Bonds_Retail Clients,457,FED_PROV,Provincial Bonds,Retail Clients
21,2019-10-01,10,2019,Federal Crown Corporation Bonds_Anonymous Systems: IDBBs and ATSs,24530,FED_PROV,Federal Crown Corporation Bonds,Anonymous Systems: IDBBs and ATSs
33,2019-10-01,10,2019,Federal Crown Corporation Bonds_Banks,6372,FED_PROV,Federal Crown Corporation Bonds,Banks
45,2019-10-01,10,2019,Federal Crown Corporation Bonds_Institutional Clients,26388,FED_PROV,Federal Crown Corporation Bonds,Institutional Clients
9,2019-10-01,10,2019,Federal Crown Corporation Bonds_Investment Dealers,5272,FED_PROV,Federal Crown Corporation Bonds,Investment Dealers
81,2019-10-01,10,2019,Federal Crown Corporation Bonds_Issuer,0,FED_PROV,Federal Crown Corporation Bonds,Issuer
69,2019-10-01,10,2019,Federal Crown Corporation Bonds_Non-Residents,7782,FED_PROV,Federal Crown Corporation Bonds,Non-Residents
57,2019-10-01,10,2019,Federal Crown Corporation Bonds_Retail Clients,162,FED_PROV,Federal Crown Corporation Bonds,Retail Clients
105,2019-10-01,10,2019,Provincial Bonds_Anonymous Systems: IDBBs and ATSs,38607,FED_PROV,Provincial Bonds,Anonymous Systems: IDBBs and ATSs
117,2019-10-01,10,2019,Provincial Bonds_Banks,7274,FED_PROV,Provincial Bonds,Banks
129,2019-10-01,10,2019,Provincial Bonds_Institutional Clients,42651,FED_PROV,Provincial Bonds,Institutional Clients
93,2019-10-01,10,2019,Provincial Bonds_Investment Dealers,5509,FED_PROV,Provincial Bonds,Investment Dealers
165,2019-10-01,10,2019,Provincial Bonds_Issuer,312,FED_PROV,Provincial Bonds,Issuer
153,2019-10-01,10,2019,Provincial Bonds_Non-Residents,9401,FED_PROV,Provincial Bonds,Non-Residents
141,2019-10-01,10,2019,Provincial Bonds_Retail Clients,348,FED_PROV,Provincial Bonds,Retail Clients
22,2019-11-01,11,2019,Federal Crown Corporation Bonds_Anonymous Systems: IDBBs and ATSs,19277,FED_PROV,Federal Crown Corporation Bonds,Anonymous Systems: IDBBs and ATSs
34,2019-11-01,11,2019,Federal Crown Corporation Bonds_Banks,7690,FED_PROV,Federal Crown Corporation Bonds,Banks
46,2019-11-01,11,2019,Federal Crown Corporation Bonds_Institutional Clients,23718,FED_PROV,Federal Crown Corporation Bonds,Institutional Clients
10,2019-11-01,11,2019,Federal Crown Corporation Bonds_Investment Dealers,2177,FED_PROV,Federal Crown Corporation Bonds,Investment Dealers
82,2019-11-01,11,2019,Federal Crown Corporation Bonds_Issuer,0,FED_PROV,Federal Crown Corporation Bonds,Issuer
70,2019-11-01,11,2019,Federal Crown Corporation Bonds_Non-Residents,4870,FED_PROV,Federal Crown Corporation Bonds,Non-Residents
58,2019-11-01,11,2019,Federal Crown Corporation Bonds_Retail Clients,197,FED_PROV,Federal Crown Corporation Bonds,Retail Clients
106,2019-11-01,11,2019,Provincial Bonds_Anonymous Systems: IDBBs and ATSs,34430,FED_PROV,Provincial Bonds,Anonymous Systems: IDBBs and ATSs
118,2019-11-01,11,2019,Provincial Bonds_Banks,6340,FED_PROV,Provincial Bonds,Banks
130,2019-11-01,11,2019,Provincial Bonds_Institutional Clients,55307,FED_PROV,Provincial Bonds,Institutional Clients
94,2019-11-01,11,2019,Provincial Bonds_Investment Dealers,5044,FED_PROV,Provincial Bonds,Investment Dealers
166,2019-11-01,11,2019,Provincial Bonds_Issuer,478,FED_PROV,Provincial Bonds,Issuer
154,2019-11-01,11,2019,Provincial Bonds_Non-Residents,6917,FED_PROV,Provincial Bonds,Non-Residents
142,2019-11-01,11,2019,Provincial Bonds_Retail Clients,323,FED_PROV,Provincial Bonds,Retail Clients
23,2019-12-01,12,2019,Federal Crown Corporation Bonds_Anonymous Systems: IDBBs and ATSs,25054,FED_PROV,Federal Crown Corporation Bonds,Anonymous Systems: IDBBs and ATSs
35,2019-12-01,12,2019,Federal Crown Corporation Bonds_Banks,8718,FED_PROV,Federal Crown Corporation Bonds,Banks
47,2019-12-01,12,2019,Federal Crown Corporation Bonds_Institutional Clients,24884,FED_PROV,Federal Crown Corporation Bonds,Institutional Clients
11,2019-12-01,12,2019,Federal Crown Corporation Bonds_Investment Dealers,3731,FED_PROV,Federal Crown Corporation Bonds,Investment Dealers
83,2019-12-01,12,2019,Federal Crown Corporation Bonds_Issuer,5,FED_PROV,Federal Crown Corporation Bonds,Issuer
71,2019-12-01,12,2019,Federal Crown Corporation Bonds_Non-Residents,4784,FED_PROV,Federal Crown Corporation Bonds,Non-Residents
59,2019-12-01,12,2019,Federal Crown Corporation Bonds_Retail Clients,390,FED_PROV,Federal Crown Corporation Bonds,Retail Clients
107,2019-12-01,12,2019,Provincial Bonds_Anonymous Systems: IDBBs and ATSs,29612,FED_PROV,Provincial Bonds,Anonymous Systems: IDBBs and ATSs
119,2019-12-01,12,2019,Provincial Bonds_Banks,5218,FED_PROV,Provincial Bonds,Banks
131,2019-12-01,12,2019,Provincial Bonds_Institutional Clients,36946,FED_PROV,Provincial Bonds,Institutional Clients
95,2019-12-01,12,2019,Provincial Bonds_Investment Dealers,4009,FED_PROV,Provincial Bonds,Investment Dealers
167,2019-12-01,12,2019,Provincial Bonds_Issuer,881,FED_PROV,Provincial Bonds,Issuer
155,2019-12-01,12,2019,Provincial Bonds_Non-Residents,6914,FED_PROV,Provincial Bonds,Non-Residents
143,2019-12-01,12,2019,Provincial Bonds_Retail Clients,788,FED_PROV,Provincial Bonds,Retail Clients
12,2020-01-01,1,2020,Federal Crown Corporation Bonds_Anonymous Systems: IDBBs and ATSs,30017.354,FED_PROV,Federal Crown Corporation Bonds,Anonymous Systems: IDBBs and ATSs
24,2020-01-01,1,2020,Federal Crown Corporation Bonds_Banks,5502.73425,FED_PROV,Federal Crown Corporation Bonds,Banks
36,2020-01-01,1,2020,Federal Crown Corporation Bonds_Institutional Clients,28218.211151,FED_PROV,Federal Crown Corporation Bonds,Institutional Clients
0,2020-01-01,1,2020,Federal Crown Corporation Bonds_Investment Dealers,1927.997748,FED_PROV,Federal Crown Corporation Bonds,Investment Dealers
72,2020-01-01,1,2020,Federal Crown Corporation Bonds_Issuer,16.5,FED_PROV,Federal Crown Corporation Bonds,Issuer
60,2020-01-01,1,2020,Federal Crown Corporation Bonds_Non-Residents,5837.572655,FED_PROV,Federal Crown Corporation Bonds,Non-Residents
48,2020-01-01,1,2020,Federal Crown Corporation Bonds_Retail Clients,208.471552,FED_PROV,Federal Crown Corporation Bonds,Retail Clients
96,2020-01-01,1,2020,Provincial Bonds_Anonymous Systems: IDBBs and ATSs,41610.891,FED_PROV,Provincial Bonds,Anonymous Systems: IDBBs and ATSs
108,2020-01-01,1,2020,Provincial Bonds_Banks,4980.769,FED_PROV,Provincial Bonds,Banks
120,2020-01-01,1,2020,Provincial Bonds_Institutional Clients,44966.230725,FED_PROV,Provincial Bonds,Institutional Clients
84,2020-01-01,1,2020,Provincial Bonds_Investment Dealers,3350.02449,FED_PROV,Provincial Bonds,Investment Dealers
156,2020-01-01,1,2020,Provincial Bonds_Issuer,367.87,FED_PROV,Provincial Bonds,Issuer
144,2020-01-01,1,2020,Provincial Bonds_Non-Residents,10381.174808,FED_PROV,Provincial Bonds,Non-Residents
132,2020-01-01,1,2020,Provincial Bonds_Retail Clients,489.450073,FED_PROV,Provincial Bonds,Retail Clients
13,2020-02-01,2,2020,Federal Crown Corporation Bonds_Anonymous Systems: IDBBs and ATSs,18135.87,FED_PROV,Federal Crown Corporation Bonds,Anonymous Systems: IDBBs and ATSs
25,2020-02-01,2,2020,Federal Crown Corporation Bonds_Banks,4523.3445,FED_PROV,Federal Crown Corporation Bonds,Banks
37,2020-02-01,2,2020,Federal Crown Corporation Bonds_Institutional Clients,22704.898,FED_PROV,Federal Crown Corporation Bonds,Institutional Clients
1,2020-02-01,2,2020,Federal Crown Corporation Bonds_Investment Dealers,2370.72732,FED_PROV,Federal Crown Corporation Bonds,Investment Dealers
73,2020-02-01,2,2020,Federal Crown Corporation Bonds_Issuer,0,FED_PROV,Federal Crown Corporation Bonds,Issuer
61,2020-02-01,2,2020,Federal Crown Corporation Bonds_Non-Residents,5314.994276,FED_PROV,Federal Crown Corporation Bonds,Non-Residents
49,2020-02-01,2,2020,Federal Crown Corporation Bonds_Retail Clients,261.288064,FED_PROV,Federal Crown Corporation Bonds,Retail Clients
97,2020-02-01,2,2020,Provincial Bonds_Anonymous Systems: IDBBs and ATSs,37480.4095,FED_PROV,Provincial Bonds,Anonymous Systems: IDBBs and ATSs
109,2020-02-01,2,2020,Provincial Bonds_Banks,4479.76768,FED_PROV,Provincial Bonds,Banks
121,2020-02-01,2,2020,Provincial Bonds_Institutional Clients,47779.74269,FED_PROV,Provincial Bonds,Institutional Clients
85,2020-02-01,2,2020,Provincial Bonds_Investment Dealers,2949.622694,FED_PROV,Provincial Bonds,Investment Dealers
157,2020-02-01,2,2020,Provincial Bonds_Issuer,413.675,FED_PROV,Provincial Bonds,Issuer
145,2020-02-01,2,2020,Provincial Bonds_Non-Residents,12831.123631,FED_PROV,Provincial Bonds,Non-Residents
133,2020-02-01,2,2020,Provincial Bonds_Retail Clients,597.326535,FED_PROV,Provincial Bonds,Retail Clients
14,2020-03-01,3,2020,Federal Crown Corporation Bonds_Anonymous Systems: IDBBs and ATSs,21506.194,FED_PROV,Federal Crown Corporation Bonds,Anonymous Systems: IDBBs and ATSs
26,2020-03-01,3,2020,Federal Crown Corporation Bonds_Banks,9708.688,FED_PROV,Federal Crown Corporation Bonds,Banks
38,2020-03-01,3,2020,Federal Crown Corporation Bonds_Institutional Clients,42240.72228,FED_PROV,Federal Crown Corporation Bonds,Institutional Clients
2,2020-03-01,3,2020,Federal Crown Corporation Bonds_Investment Dealers,3796.825886,FED_PROV,Federal Crown Corporation Bonds,Investment Dealers
74,2020-03-01,3,2020,Federal Crown Corporation Bonds_Issuer,0,FED_PROV,Federal Crown Corporation Bonds,Issuer
62,2020-03-01,3,2020,Federal Crown Corporation Bonds_Non-Residents,9757.532127,FED_PROV,Federal Crown Corporation Bonds,Non-Residents
50,2020-03-01,3,2020,Federal Crown Corporation Bonds_Retail Clients,390.078562,FED_PROV,Federal Crown Corporation Bonds,Retail Clients
98,2020-03-01,3,2020,Provincial Bonds_Anonymous Systems: IDBBs and ATSs,34435.482,FED_PROV,Provincial Bonds,Anonymous Systems: IDBBs and ATSs
110,2020-03-01,3,2020,Provincial Bonds_Banks,8769.699445,FED_PROV,Provincial Bonds,Banks
122,2020-03-01,3,2020,Provincial Bonds_Institutional Clients,68594.453947,FED_PROV,Provincial Bonds,Institutional Clients
86,2020-03-01,3,2020,Provincial Bonds_Investment Dealers,4094.744675,FED_PROV,Provincial Bonds,Investment Dealers
158,2020-03-01,3,2020,Provincial Bonds_Issuer,1056.023,FED_PROV,Provincial Bonds,Issuer
146,2020-03-01,3,2020,Provincial Bonds_Non-Residents,14131.630441,FED_PROV,Provincial Bonds,Non-Residents
134,2020-03-01,3,2020,Provincial Bonds_Retail Clients,490.385474,FED_PROV,Provincial Bonds,Retail Clients
15,2020-04-01,4,2020,Federal Crown Corporation Bonds_Anonymous Systems: IDBBs and ATSs,15179.0735,FED_PROV,Federal Crown Corporation Bonds,Anonymous Systems: IDBBs and ATSs
27,2020-04-01,4,2020,Federal Crown Corporation Bonds_Banks,6073.7185,FED_PROV,Federal Crown Corporation Bonds,Banks
39,2020-04-01,4,2020,Federal Crown Corporation Bonds_Institutional Clients,30436.5449,FED_PROV,Federal Crown Corporation Bonds,Institutional Clients
3,2020-04-01,4,2020,Federal Crown Corporation Bonds_Investment Dealers,3847.370708,FED_PROV,Federal Crown Corporation Bonds,Investment Dealers
75,2020-04-01,4,2020,Federal Crown Corporation Bonds_Issuer,15,FED_PROV,Federal Crown Corporation Bonds,Issuer
63,2020-04-01,4,2020,Federal Crown Corporation Bonds_Non-Residents,8654.4,FED_PROV,Federal Crown Corporation Bonds,Non-Residents
51,2020-04-01,4,2020,Federal Crown Corporation Bonds_Retail Clients,272.5211,FED_PROV,Federal Crown Corporation Bonds,Retail Clients
99,2020-04-01,4,2020,Provincial Bonds_Anonymous Systems: IDBBs and ATSs,48148.214,FED_PROV,Provincial Bonds,Anonymous Systems: IDBBs and ATSs
111,2020-04-01,4,2020,Provincial Bonds_Banks,7798.4478,FED_PROV,Provincial Bonds,Banks
123,2020-04-01,4,2020,Provincial Bonds_Institutional Clients,82927.488598,FED_PROV,Provincial Bonds,Institutional Clients
87,2020-04-01,4,2020,Provincial Bonds_Investment Dealers,5064.2195,FED_PROV,Provincial Bonds,Investment Dealers
159,2020-04-01,4,2020,Provincial Bonds_Issuer,907.918,FED_PROV,Provincial Bonds,Issuer
147,2020-04-01,4,2020,Provincial Bonds_Non-Residents,16385.1823,FED_PROV,Provincial Bonds,Non-Residents
135,2020-04-01,4,2020,Provincial Bonds_Retail Clients,613.486338,FED_PROV,Provincial Bonds,Retail Clients
16,2020-05-01,5,2020,Federal Crown Corporation Bonds_Anonymous Systems: IDBBs and ATSs,16665.6385,FED_PROV,Federal Crown Corporation Bonds,Anonymous Systems: IDBBs and ATSs
28,2020-05-01,5,2020,Federal Crown Corporation Bonds_Banks,5526.8135,FED_PROV,Federal Crown Corporation Bonds,Banks
40,2020-05-01,5,2020,Federal Crown Corporation Bonds_Institutional Clients,21269.719693,FED_PROV,Federal Crown Corporation Bonds,Institutional Clients
4,2020-05-01,5,2020,Federal Crown Corporation Bonds_Investment Dealers,2903.89052,FED_PROV,Federal Crown Corporation Bonds,Investment Dealers
76,2020-05-01,5,2020,Federal Crown Corporation Bonds_Issuer,0,FED_PROV,Federal Crown Corporation Bonds,Issuer
64,2020-05-01,5,2020,Federal Crown Corporation Bonds_Non-Residents,10273.658204,FED_PROV,Federal Crown Corporation Bonds,Non-Residents
52,2020-05-01,5,2020,Federal Crown Corporation Bonds_Retail Clients,221.270937,FED_PROV,Federal Crown Corporation Bonds,Retail Clients
100,2020-05-01,5,2020,Provincial Bonds_Anonymous Systems: IDBBs and ATSs,31803.0425,FED_PROV,Provincial Bonds,Anonymous Systems: IDBBs and ATSs
112,2020-05-01,5,2020,Provincial Bonds_Banks,5623.36511,FED_PROV,Provincial Bonds,Banks
124,2020-05-01,5,2020,Provincial Bonds_Institutional Clients,55506.11029,FED_PROV,Provincial Bonds,Institutional Clients
88,2020-05-01,5,2020,Provincial Bonds_Investment Dealers,3818.081895,FED_PROV,Provincial Bonds,Investment Dealers
160,2020-05-01,5,2020,Provincial Bonds_Issuer,1021.63,FED_PROV,Provincial Bonds,Issuer
148,2020-05-01,5,2020,Provincial Bonds_Non-Residents,9663.59744,FED_PROV,Provincial Bonds,Non-Residents
136,2020-05-01,5,2020,Provincial Bonds_Retail Clients,410.936874,FED_PROV,Provincial Bonds,Retail Clients
17,2020-06-01,6,2020,Federal Crown Corporation Bonds_Anonymous Systems: IDBBs and ATSs,21367.56,FED_PROV,Federal Crown Corporation Bonds,Anonymous Systems: IDBBs and ATSs
29,2020-06-01,6,2020,Federal Crown Corporation Bonds_Banks,7692.7485,FED_PROV,Federal Crown Corporation Bonds,Banks
41,2020-06-01,6,2020,Federal Crown Corporation Bonds_Institutional Clients,29128.575821,FED_PROV,Federal Crown Corporation Bonds,Institutional Clients
5,2020-06-01,6,2020,Federal Crown Corporation Bonds_Investment Dealers,6221.18476,FED_PROV,Federal Crown Corporation Bonds,Investment Dealers
77,2020-06-01,6,2020,Federal Crown Corporation Bonds_Issuer,41.6,FED_PROV,Federal Crown Corporation Bonds,Issuer
65,2020-06-01,6,2020,Federal Crown Corporation Bonds_Non-Residents,10057.0005,FED_PROV,Federal Crown Corporation Bonds,Non-Residents
53,2020-06-01,6,2020,Federal Crown Corporation Bonds_Retail Clients,292.166588,FED_PROV,Federal Crown Corporation Bonds,Retail Clients
101,2020-06-01,6,2020,Provincial Bonds_Anonymous Systems: IDBBs and ATSs,44791.5705,FED_PROV,Provincial Bonds,Anonymous Systems: IDBBs and ATSs
113,2020-06-01,6,2020,Provincial Bonds_Banks,7127.65243,FED_PROV,Provincial Bonds,Banks
125,2020-06-01,6,2020,Provincial Bonds_Institutional Clients,67766.998732,FED_PROV,Provincial Bonds,Institutional Clients
89,2020-06-01,6,2020,Provincial Bonds_Investment Dealers,4241.352622,FED_PROV,Provincial Bonds,Investment Dealers
161,2020-06-01,6,2020,Provincial Bonds_Issuer,841.59,FED_PROV,Provincial Bonds,Issuer
149,2020-06-01,6,2020,Provincial Bonds_Non-Residents,17097.070891,FED_PROV,Provincial Bonds,Non-Residents
137,2020-06-01,6,2020,Provincial Bonds_Retail Clients,626.063849,FED_PROV,Provincial Bonds,Retail Clients
18,2020-07-01,7,2020,Federal Crown Corporation Bonds_Anonymous Systems: IDBBs and ATSs,16139.91,FED_PROV,Federal Crown Corporation Bonds,Anonymous Systems: IDBBs and ATSs
30,2020-07-01,7,2020,Federal Crown Corporation Bonds_Banks,5455.137379,FED_PROV,Federal Crown Corporation Bonds,Banks
42,2020-07-01,7,2020,Federal Crown Corporation Bonds_Institutional Clients,16037.985752,FED_PROV,Federal Crown Corporation Bonds,Institutional Clients
6,2020-07-01,7,2020,Federal Crown Corporation Bonds_Investment Dealers,2237.882519,FED_PROV,Federal Crown Corporation Bonds,Investment Dealers
78,2020-07-01,7,2020,Federal Crown Corporation Bonds_Issuer,71.1,FED_PROV,Federal Crown Corporation Bonds,Issuer
66,2020-07-01,7,2020,Federal Crown Corporation Bonds_Non-Residents,6526.115038,FED_PROV,Federal Crown Corporation Bonds,Non-Residents
54,2020-07-01,7,2020,Federal Crown Corporation Bonds_Retail Clients,104.2842,FED_PROV,Federal Crown Corporation Bonds,Retail Clients
102,2020-07-01,7,2020,Provincial Bonds_Anonymous Systems: IDBBs and ATSs,35379.8715,FED_PROV,Provincial Bonds,Anonymous Systems: IDBBs and ATSs
114,2020-07-01,7,2020,Provincial Bonds_Banks,6548.642877,FED_PROV,Provincial Bonds,Banks
126,2020-07-01,7,2020,Provincial Bonds_Institutional Clients,47864.139217,FED_PROV,Provincial Bonds,Institutional Clients
90,2020-07-01,7,2020,Provincial Bonds_Investment Dealers,3468.042882,FED_PROV,Provincial Bonds,Investment Dealers
162,2020-07-01,7,2020,Provincial Bonds_Issuer,1169.1,FED_PROV,Provincial Bonds,Issuer
150,2020-07-01,7,2020,Provincial Bonds_Non-Residents,9058.325606,FED_PROV,Provincial Bonds,Non-Residents
138,2020-07-01,7,2020,Provincial Bonds_Retail Clients,290.641522,FED_PROV,Provincial Bonds,Retail Clients
19,2020-08-01,8,2020,Federal Crown Corporation Bonds_Anonymous Systems: IDBBs and ATSs,22443.87,FED_PROV,Federal Crown Corporation Bonds,Anonymous Systems: IDBBs and ATSs
31,2020-08-01,8,2020,Federal Crown Corporation Bonds_Banks,5200.341,FED_PROV,Federal Crown Corporation Bonds,Banks
43,2020-08-01,8,2020,Federal Crown Corporation Bonds_Institutional Clients,20581.001493,FED_PROV,Federal Crown Corporation Bonds,Institutional Clients
7,2020-08-01,8,2020,Federal Crown Corporation Bonds_Investment Dealers,3584.925,FED_PROV,Federal Crown Corporation Bonds,Investment Dealers
79,2020-08-01,8,2020,Federal Crown Corporation Bonds_Issuer,312.5,FED_PROV,Federal Crown Corporation Bonds,Issuer
67,2020-08-01,8,2020,Federal Crown Corporation Bonds_Non-Residents,10710.48642,FED_PROV,Federal Crown Corporation Bonds,Non-Residents
55,2020-08-01,8,2020,Federal Crown Corporation Bonds_Retail Clients,97.909098,FED_PROV,Federal Crown Corporation Bonds,Retail Clients
103,2020-08-01,8,2020,Provincial Bonds_Anonymous Systems: IDBBs and ATSs,28102.489,FED_PROV,Provincial Bonds,Anonymous Systems: IDBBs and ATSs
115,2020-08-01,8,2020,Provincial Bonds_Banks,3511.945355,FED_PROV,Provincial Bonds,Banks
127,2020-08-01,8,2020,Provincial Bonds_Institutional Clients,46770.472662,FED_PROV,Provincial Bonds,Institutional Clients
91,2020-08-01,8,2020,Provincial Bonds_Investment Dealers,1910.258403,FED_PROV,Provincial Bonds,Investment Dealers
163,2020-08-01,8,2020,Provincial Bonds_Issuer,1272.061,FED_PROV,Provincial Bonds,Issuer
151,2020-08-01,8,2020,Provincial Bonds_Non-Residents,12282.28419,FED_PROV,Provincial Bonds,Non-Residents
139,2020-08-01,8,2020,Provincial Bonds_Retail Clients,322.783822,FED_PROV,Provincial Bonds,Retail Clients
20,2020-09-01,9,2020,Federal Crown Corporation Bonds_Anonymous Systems: IDBBs and ATSs,27441.219,FED_PROV,Federal Crown Corporation Bonds,Anonymous Systems: IDBBs and ATSs
32,2020-09-01,9,2020,Federal Crown Corporation Bonds_Banks,3476.358,FED_PROV,Federal Crown Corporation Bonds,Banks
44,2020-09-01,9,2020,Federal Crown Corporation Bonds_Institutional Clients,27116.498281,FED_PROV,Federal Crown Corporation Bonds,Institutional Clients
8,2020-09-01,9,2020,Federal Crown Corporation Bonds_Investment Dealers,3761.91,FED_PROV,Federal Crown Corporation Bonds,Investment Dealers
80,2020-09-01,9,2020,Federal Crown Corporation Bonds_Issuer,0,FED_PROV,Federal Crown Corporation Bonds,Issuer
68,2020-09-01,9,2020,Federal Crown Corporation Bonds_Non-Residents,8629.3562,FED_PROV,Federal Crown Corporation Bonds,Non-Residents
56,2020-09-01,9,2020,Federal Crown Corporation Bonds_Retail Clients,404.895308,FED_PROV,Federal Crown Corporation Bonds,Retail Clients
104,2020-09-01,9,2020,Provincial Bonds_Anonymous Systems: IDBBs and ATSs,46818.612,FED_PROV,Provincial Bonds,Anonymous Systems: IDBBs and ATSs
116,2020-09-01,9,2020,Provincial Bonds_Banks,3951.74145,FED_PROV,Provincial Bonds,Banks
128,2020-09-01,9,2020,Provincial Bonds_Institutional Clients,55445.016521,FED_PROV,Provincial Bonds,Institutional Clients
92,2020-09-01,9,2020,Provincial Bonds_Investment Dealers,3422.72515,FED_PROV,Provincial Bonds,Investment Dealers
164,2020-09-01,9,2020,Provincial Bonds_Issuer,1844.41,FED_PROV,Provincial Bonds,Issuer
152,2020-09-01,9,2020,Provincial Bonds_Non-Residents,12660.673081,FED_PROV,Provincial Bonds,Non-Residents
140,2020-09-01,9,2020,Provincial Bonds_Retail Clients,532.688819,FED_PROV,Provincial Bonds,Retail Clients
21,2020-10-01,10,2020,Federal Crown Corporation Bonds_Anonymous Systems: IDBBs and ATSs,28978.2995,FED_PROV,Federal Crown Corporation Bonds,Anonymous Systems: IDBBs and ATSs
33,2020-10-01,10,2020,Federal Crown Corporation Bonds_Banks,3329.318,FED_PROV,Federal Crown Corporation Bonds,Banks
45,2020-10-01,10,2020,Federal Crown Corporation Bonds_Institutional Clients,28452.565652,FED_PROV,Federal Crown Corporation Bonds,Institutional Clients
9,2020-10-01,10,2020,Federal Crown Corporation Bonds_Investment Dealers,2814.062724,FED_PROV,Federal Crown Corporation Bonds,Investment Dealers
81,2020-10-01,10,2020,Federal Crown Corporation Bonds_Issuer,413,FED_PROV,Federal Crown Corporation Bonds,Issuer
69,2020-10-01,10,2020,Federal Crown Corporation Bonds_Non-Residents,10075.34156,FED_PROV,Federal Crown Corporation Bonds,Non-Residents
57,2020-10-01,10,2020,Federal Crown Corporation Bonds_Retail Clients,305.959129,FED_PROV,Federal Crown Corporation Bonds,Retail Clients
105,2020-10-01,10,2020,Provincial Bonds_Anonymous Systems: IDBBs and ATSs,45517.783,FED_PROV,Provincial Bonds,Anonymous Systems: IDBBs and ATSs
117,2020-10-01,10,2020,Provincial Bonds_Banks,5511.345014,FED_PROV,Provincial Bonds,Banks
129,2020-10-01,10,2020,Provincial Bonds_Institutional Clients,46947.914875,FED_PROV,Provincial Bonds,Institutional Clients
93,2020-10-01,10,2020,Provincial Bonds_Investment Dealers,2195.255939,FED_PROV,Provincial Bonds,Investment Dealers
165,2020-10-01,10,2020,Provincial Bonds_Issuer,1294.74,FED_PROV,Provincial Bonds,Issuer
153,2020-10-01,10,2020,Provincial Bonds_Non-Residents,14567.156303,FED_PROV,Provincial Bonds,Non-Residents
141,2020-10-01,10,2020,Provincial Bonds_Retail Clients,336.021548,FED_PROV,Provincial Bonds,Retail Clients
22,2020-11-01,11,2020,Federal Crown Corporation Bonds_Anonymous Systems: IDBBs and ATSs,25808.553,FED_PROV,Federal Crown Corporation Bonds,Anonymous Systems: IDBBs and ATSs
34,2020-11-01,11,2020,Federal Crown Corporation Bonds_Banks,6055.842,FED_PROV,Federal Crown Corporation Bonds,Banks
46,2020-11-01,11,2020,Federal Crown Corporation Bonds_Institutional Clients,36694.052498,FED_PROV,Federal Crown Corporation Bonds,Institutional Clients
10,2020-11-01,11,2020,Federal Crown Corporation Bonds_Investment Dealers,3912.637,FED_PROV,Federal Crown Corporation Bonds,Investment Dealers
82,2020-11-01,11,2020,Federal Crown Corporation Bonds_Issuer,135,FED_PROV,Federal Crown Corporation Bonds,Issuer
70,2020-11-01,11,2020,Federal Crown Corporation Bonds_Non-Residents,11867.256208,FED_PROV,Federal Crown Corporation Bonds,Non-Residents
58,2020-11-01,11,2020,Federal Crown Corporation Bonds_Retail Clients,149.988925,FED_PROV,Federal Crown Corporation Bonds,Retail Clients
106,2020-11-01,11,2020,Provincial Bonds_Anonymous Systems: IDBBs and ATSs,39567.654,FED_PROV,Provincial Bonds,Anonymous Systems: IDBBs and ATSs
118,2020-11-01,11,2020,Provincial Bonds_Banks,5802.8945,FED_PROV,Provincial Bonds,Banks
130,2020-11-01,11,2020,Provincial Bonds_Institutional Clients,50220.984315,FED_PROV,Provincial Bonds,Institutional Clients
94,2020-11-01,11,2020,Provincial Bonds_Investment Dealers,2911.756,FED_PROV,Provincial Bonds,Investment Dealers
166,2020-11-01,11,2020,Provincial Bonds_Issuer,841.3,FED_PROV,Provincial Bonds,Issuer
154,2020-11-01,11,2020,Provincial Bonds_Non-Residents,11310.917524,FED_PROV,Provincial Bonds,Non-Residents
142,2020-11-01,11,2020,Provincial Bonds_Retail Clients,240.147356,FED_PROV,Provincial Bonds,Retail Clients
23,2020-12-01,12,2020,Federal Crown Corporation Bonds_Anonymous Systems: IDBBs and ATSs,15552.1035,FED_PROV,Federal Crown Corporation Bonds,Anonymous Systems: IDBBs and ATSs
35,2020-12-01,12,2020,Federal Crown Corporation Bonds_Banks,4605.124,FED_PROV,Federal Crown Corporation Bonds,Banks
47,2020-12-01,12,2020,Federal Crown Corporation Bonds_Institutional Clients,32265.157095,FED_PROV,Federal Crown Corporation Bonds,Institutional Clients
11,2020-12-01,12,2020,Federal Crown Corporation Bonds_Investment Dealers,2722.782536,FED_PROV,Federal Crown Corporation Bonds,Investment Dealers
83,2020-12-01,12,2020,Federal Crown Corporation Bonds_Issuer,120.5,FED_PROV,Federal Crown Corporation Bonds,Issuer
71,2020-12-01,12,2020,Federal Crown Corporation Bonds_Non-Residents,9757.846699,FED_PROV,Federal Crown Corporation Bonds,Non-Residents
59,2020-12-01,12,2020,Federal Crown Corporation Bonds_Retail Clients,154.858736,FED_PROV,Federal Crown Corporation Bonds,Retail Clients
107,2020-12-01,12,2020,Provincial Bonds_Anonymous Systems: IDBBs and ATSs,41481.1985,FED_PROV,Provincial Bonds,Anonymous Systems: IDBBs and ATSs
119,2020-12-01,12,2020,Provincial Bonds_Banks,4823.8055,FED_PROV,Provincial Bonds,Banks
131,2020-12-01,12,2020,Provincial Bonds_Institutional Clients,57401.739748,FED_PROV,Provincial Bonds,Institutional Clients
95,2020-12-01,12,2020,Provincial Bonds_Investment Dealers,2817.137856,FED_PROV,Provincial Bonds,Investment Dealers
167,2020-12-01,12,2020,Provincial Bonds_Issuer,1685.843,FED_PROV,Provincial Bonds,Issuer
155,2020-12-01,12,2020,Provincial Bonds_Non-Residents,12831.445938,FED_PROV,Provincial Bonds,Non-Residents
143,2020-12-01,12,2020,Provincial Bonds_Retail Clients,309.189744,FED_PROV,Provincial Bonds,Retail Clients
12,2021-01-01,1,2021,Federal Crown Corporation Bonds_Anonymous Systems: IDBBs and ATSs,29903.5,FED_PROV,Federal Crown Corporation Bonds,Anonymous Systems: IDBBs and ATSs
24,2021-01-01,1,2021,Federal Crown Corporation Bonds_Banks,4859.493307,FED_PROV,Federal Crown Corporation Bonds,Banks
36,2021-01-01,1,2021,Federal Crown Corporation Bonds_Institutional Clients,28958.448342,FED_PROV,Federal Crown Corporation Bonds,Institutional Clients
0,2021-01-01,1,2021,Federal Crown Corporation Bonds_Investment Dealers,2872.15652,FED_PROV,Federal Crown Corporation Bonds,Investment Dealers
72,2021-01-01,1,2021,Federal Crown Corporation Bonds_Issuer,60,FED_PROV,Federal Crown Corporation Bonds,Issuer
60,2021-01-01,1,2021,Federal Crown Corporation Bonds_Non-Residents,10667.2384,FED_PROV,Federal Crown Corporation Bonds,Non-Residents
48,2021-01-01,1,2021,Federal Crown Corporation Bonds_Retail Clients,2264.061586,FED_PROV,Federal Crown Corporation Bonds,Retail Clients
96,2021-01-01,1,2021,Provincial Bonds_Anonymous Systems: IDBBs and ATSs,43652.6865,FED_PROV,Provincial Bonds,Anonymous Systems: IDBBs and ATSs
108,2021-01-01,1,2021,Provincial Bonds_Banks,6794.85901,FED_PROV,Provincial Bonds,Banks
120,2021-01-01,1,2021,Provincial Bonds_Institutional Clients,59621.553476,FED_PROV,Provincial Bonds,Institutional Clients
84,2021-01-01,1,2021,Provincial Bonds_Investment Dealers,3490.262856,FED_PROV,Provincial Bonds,Investment Dealers
156,2021-01-01,1,2021,Provincial Bonds_Issuer,1954.74,FED_PROV,Provincial Bonds,Issuer
144,2021-01-01,1,2021,Provincial Bonds_Non-Residents,14929.035598,FED_PROV,Provincial Bonds,Non-Residents
132,2021-01-01,1,2021,Provincial Bonds_Retail Clients,1264.115195,FED_PROV,Provincial Bonds,Retail Clients
13,2021-02-01,2,2021,Federal Crown Corporation Bonds_Anonymous Systems: IDBBs and ATSs,23791.4,FED_PROV,Federal Crown Corporation Bonds,Anonymous Systems: IDBBs and ATSs
25,2021-02-01,2,2021,Federal Crown Corporation Bonds_Banks,3948.008,FED_PROV,Federal Crown Corporation Bonds,Banks
37,2021-02-01,2,2021,Federal Crown Corporation Bonds_Institutional Clients,29172.722659,FED_PROV,Federal Crown Corporation Bonds,Institutional Clients
1,2021-02-01,2,2021,Federal Crown Corporation Bonds_Investment Dealers,3596.074,FED_PROV,Federal Crown Corporation Bonds,Investment Dealers
73,2021-02-01,2,2021,Federal Crown Corporation Bonds_Issuer,0,FED_PROV,Federal Crown Corporation Bonds,Issuer
61,2021-02-01,2,2021,Federal Crown Corporation Bonds_Non-Residents,12520.935344,FED_PROV,Federal Crown Corporation Bonds,Non-Residents
49,2021-02-01,2,2021,Federal Crown Corporation Bonds_Retail Clients,987.928949,FED_PROV,Federal Crown Corporation Bonds,Retail Clients
97,2021-02-01,2,2021,Provincial Bonds_Anonymous Systems: IDBBs and ATSs,35820.0935,FED_PROV,Provincial Bonds,Anonymous Systems: IDBBs and ATSs
109,2021-02-01,2,2021,Provincial Bonds_Banks,5058.01235,FED_PROV,Provincial Bonds,Banks
121,2021-02-01,2,2021,Provincial Bonds_Institutional Clients,55944.641573,FED_PROV,Provincial Bonds,Institutional Clients
85,2021-02-01,2,2021,Provincial Bonds_Investment Dealers,2633.452866,FED_PROV,Provincial Bonds,Investment Dealers
157,2021-02-01,2,2021,Provincial Bonds_Issuer,1889.79,FED_PROV,Provincial Bonds,Issuer
145,2021-02-01,2,2021,Provincial Bonds_Non-Residents,8537.421608,FED_PROV,Provincial Bonds,Non-Residents
133,2021-02-01,2,2021,Provincial Bonds_Retail Clients,960.149341,FED_PROV,Provincial Bonds,Retail Clients
14,2021-03-01,3,2021,Federal Crown Corporation Bonds_Anonymous Systems: IDBBs and ATSs,30275.9,FED_PROV,Federal Crown Corporation Bonds,Anonymous Systems: IDBBs and ATSs
26,2021-03-01,3,2021,Federal Crown Corporation Bonds_Banks,5048.717,FED_PROV,Federal Crown Corporation Bonds,Banks
38,2021-03-01,3,2021,Federal Crown Corporation Bonds_Institutional Clients,25915.905502,FED_PROV,Federal Crown Corporation Bonds,Institutional Clients
2,2021-03-01,3,2021,Federal Crown Corporation Bonds_Investment Dealers,4506.936802,FED_PROV,Federal Crown Corporation Bonds,Investment Dealers
74,2021-03-01,3,2021,Federal Crown Corporation Bonds_Issuer,0,FED_PROV,Federal Crown Corporation Bonds,Issuer
62,2021-03-01,3,2021,Federal Crown Corporation Bonds_Non-Residents,10969.176492,FED_PROV,Federal Crown Corporation Bonds,Non-Residents
50,2021-03-01,3,2021,Federal Crown Corporation Bonds_Retail Clients,1763.940523,FED_PROV,Federal Crown Corporation Bonds,Retail Clients
98,2021-03-01,3,2021,Provincial Bonds_Anonymous Systems: IDBBs and ATSs,58211.8755,FED_PROV,Provincial Bonds,Anonymous Systems: IDBBs and ATSs
110,2021-03-01,3,2021,Provincial Bonds_Banks,5990.6415,FED_PROV,Provincial Bonds,Banks
122,2021-03-01,3,2021,Provincial Bonds_Institutional Clients,75915.640576,FED_PROV,Provincial Bonds,Institutional Clients
86,2021-03-01,3,2021,Provincial Bonds_Investment Dealers,3685.092189,FED_PROV,Provincial Bonds,Investment Dealers
158,2021-03-01,3,2021,Provincial Bonds_Issuer,1110.536,FED_PROV,Provincial Bonds,Issuer
146,2021-03-01,3,2021,Provincial Bonds_Non-Residents,11636.672188,FED_PROV,Provincial Bonds,Non-Residents
134,2021-03-01,3,2021,Provincial Bonds_Retail Clients,1095.582821,FED_PROV,Provincial Bonds,Retail Clients
15,2021-04-01,4,2021,Federal Crown Corporation Bonds_Anonymous Systems: IDBBs and ATSs,22646.9,FED_PROV,Federal Crown Corporation Bonds,Anonymous Systems: IDBBs and ATSs
27,2021-04-01,4,2021,Federal Crown Corporation Bonds_Banks,3342.3645,FED_PROV,Federal Crown Corporation Bonds,Banks
39,2021-04-01,4,2021,Federal Crown Corporation Bonds_Institutional Clients,18310.560177,FED_PROV,Federal Crown Corporation Bonds,Institutional Clients
3,2021-04-01,4,2021,Federal Crown Corporation Bonds_Investment Dealers,2830.84994,FED_PROV,Federal Crown Corporation Bonds,Investment Dealers
75,2021-04-01,4,2021,Federal Crown Corporation Bonds_Issuer,0,FED_PROV,Federal Crown Corporation Bonds,Issuer
63,2021-04-01,4,2021,Federal Crown Corporation Bonds_Non-Residents,8766.71692,FED_PROV,Federal Crown Corporation Bonds,Non-Residents
51,2021-04-01,4,2021,Federal Crown Corporation Bonds_Retail Clients,459.196481,FED_PROV,Federal Crown Corporation Bonds,Retail Clients
99,2021-04-01,4,2021,Provincial Bonds_Anonymous Systems: IDBBs and ATSs,56387.241,FED_PROV,Provincial Bonds,Anonymous Systems: IDBBs and ATSs
111,2021-04-01,4,2021,Provincial Bonds_Banks,4983.7656,FED_PROV,Provincial Bonds,Banks
123,2021-04-01,4,2021,Provincial Bonds_Institutional Clients,61904.640043,FED_PROV,Provincial Bonds,Institutional Clients
87,2021-04-01,4,2021,Provincial Bonds_Investment Dealers,3096.521174,FED_PROV,Provincial Bonds,Investment Dealers
159,2021-04-01,4,2021,Provincial Bonds_Issuer,983.385,FED_PROV,Provincial Bonds,Issuer
147,2021-04-01,4,2021,Provincial Bonds_Non-Residents,11121.34869,FED_PROV,Provincial Bonds,Non-Residents
135,2021-04-01,4,2021,Provincial Bonds_Retail Clients,1023.681361,FED_PROV,Provincial Bonds,Retail Clients
16,2021-05-01,5,2021,Federal Crown Corporation Bonds_Anonymous Systems: IDBBs and ATSs,20365.73,FED_PROV,Federal Crown Corporation Bonds,Anonymous Systems: IDBBs and ATSs
28,2021-05-01,5,2021,Federal Crown Corporation Bonds_Banks,6199.98475,FED_PROV,Federal Crown Corporation Bonds,Banks
40,2021-05-01,5,2021,Federal Crown Corporation Bonds_Institutional Clients,23770.333333,FED_PROV,Federal Crown Corporation Bonds,Institutional Clients
4,2021-05-01,5,2021,Federal Crown Corporation Bonds_Investment Dealers,2648.56875,FED_PROV,Federal Crown Corporation Bonds,Investment Dealers
76,2021-05-01,5,2021,Federal Crown Corporation Bonds_Issuer,85,FED_PROV,Federal Crown Corporation Bonds,Issuer
64,2021-05-01,5,2021,Federal Crown Corporation Bonds_Non-Residents,10110.69588,FED_PROV,Federal Crown Corporation Bonds,Non-Residents
52,2021-05-01,5,2021,Federal Crown Corporation Bonds_Retail Clients,254.671315,FED_PROV,Federal Crown Corporation Bonds,Retail Clients
100,2021-05-01,5,2021,Provincial Bonds_Anonymous Systems: IDBBs and ATSs,48993.0065,FED_PROV,Provincial Bonds,Anonymous Systems: IDBBs and ATSs
112,2021-05-01,5,2021,Provincial Bonds_Banks,4167.588,FED_PROV,Provincial Bonds,Banks
124,2021-05-01,5,2021,Provincial Bonds_Institutional Clients,59005.593375,FED_PROV,Provincial Bonds,Institutional Clients
88,2021-05-01,5,2021,Provincial Bonds_Investment Dealers,3628.479314,FED_PROV,Provincial Bonds,Investment Dealers
160,2021-05-01,5,2021,Provincial Bonds_Issuer,666.4,FED_PROV,Provincial Bonds,Issuer
148,2021-05-01,5,2021,Provincial Bonds_Non-Residents,8921.192351,FED_PROV,Provincial Bonds,Non-Residents
136,2021-05-01,5,2021,Provincial Bonds_Retail Clients,976.648006,FED_PROV,Provincial Bonds,Retail Clients
17,2021-06-01,6,2021,Federal Crown Corporation Bonds_Anonymous Systems: IDBBs and ATSs,27459.0312,FED_PROV,Federal Crown Corporation Bonds,Anonymous Systems: IDBBs and ATSs
29,2021-06-01,6,2021,Federal Crown Corporation Bonds_Banks,5964.60625,FED_PROV,Federal Crown Corporation Bonds,Banks
41,2021-06-01,6,2021,Federal Crown Corporation Bonds_Institutional Clients,32287.047227,FED_PROV,Federal Crown Corporation Bonds,Institutional Clients
5,2021-06-01,6,2021,Federal Crown Corporation Bonds_Investment Dealers,6031.893225,FED_PROV,Federal Crown Corporation Bonds,Investment Dealers
77,2021-06-01,6,2021,Federal Crown Corporation Bonds_Issuer,130,FED_PROV,Federal Crown Corporation Bonds,Issuer
65,2021-06-01,6,2021,Federal Crown Corporation Bonds_Non-Residents,14158.684944,FED_PROV,Federal Crown Corporation Bonds,Non-Residents
53,2021-06-01,6,2021,Federal Crown Corporation Bonds_Retail Clients,828.935682,FED_PROV,Federal Crown Corporation Bonds,Retail Clients
101,2021-06-01,6,2021,Provincial Bonds_Anonymous Systems: IDBBs and ATSs,57788.9575,FED_PROV,Provincial Bonds,Anonymous Systems: IDBBs and ATSs
113,2021-06-01,6,2021,Provincial Bonds_Banks,4003.467281,FED_PROV,Provincial Bonds,Banks
125,2021-06-01,6,2021,Provincial Bonds_Institutional Clients,71998.119003,FED_PROV,Provincial Bonds,Institutional Clients
89,2021-06-01,6,2021,Provincial Bonds_Investment Dealers,4592.735759,FED_PROV,Provincial Bonds,Investment Dealers
161,2021-06-01,6,2021,Provincial Bonds_Issuer,537.8,FED_PROV,Provincial Bonds,Issuer
149,2021-06-01,6,2021,Provincial Bonds_Non-Residents,19947.138894,FED_PROV,Provincial Bonds,Non-Residents
137,2021-06-01,6,2021,Provincial Bonds_Retail Clients,804.258957,FED_PROV,Provincial Bonds,Retail Clients
18,2021-07-01,7,2021,Federal Crown Corporation Bonds_Anonymous Systems: IDBBs and ATSs,23352.486,FED_PROV,Federal Crown Corporation Bonds,Anonymous Systems: IDBBs and ATSs
30,2021-07-01,7,2021,Federal Crown Corporation Bonds_Banks,1665.2735,FED_PROV,Federal Crown Corporation Bonds,Banks
42,2021-07-01,7,2021,Federal Crown Corporation Bonds_Institutional Clients,23107.720502,FED_PROV,Federal Crown Corporation Bonds,Institutional Clients
6,2021-07-01,7,2021,Federal Crown Corporation Bonds_Investment Dealers,1611.146,FED_PROV,Federal Crown Corporation Bonds,Investment Dealers
78,2021-07-01,7,2021,Federal Crown Corporation Bonds_Issuer,0,FED_PROV,Federal Crown Corporation Bonds,Issuer
66,2021-07-01,7,2021,Federal Crown Corporation Bonds_Non-Residents,9266.412182,FED_PROV,Federal Crown Corporation Bonds,Non-Residents
54,2021-07-01,7,2021,Federal Crown Corporation Bonds_Retail Clients,229.62576,FED_PROV,Federal Crown Corporation Bonds,Retail Clients
102,2021-07-01,7,2021,Provincial Bonds_Anonymous Systems: IDBBs and ATSs,30824.71,FED_PROV,Provincial Bonds,Anonymous Systems: IDBBs and ATSs
114,2021-07-01,7,2021,Provincial Bonds_Banks,4608.6735,FED_PROV,Provincial Bonds,Banks
126,2021-07-01,7,2021,Provincial Bonds_Institutional Clients,45651.177215,FED_PROV,Provincial Bonds,Institutional Clients
90,2021-07-01,7,2021,Provincial Bonds_Investment Dealers,4562.977283,FED_PROV,Provincial Bonds,Investment Dealers
162,2021-07-01,7,2021,Provincial Bonds_Issuer,781.447,FED_PROV,Provincial Bonds,Issuer
150,2021-07-01,7,2021,Provincial Bonds_Non-Residents,11296.051586,FED_PROV,Provincial Bonds,Non-Residents
138,2021-07-01,7,2021,Provincial Bonds_Retail Clients,459.553908,FED_PROV,Provincial Bonds,Retail Clients
19,2021-08-01,8,2021,Federal Crown Corporation Bonds_Anonymous Systems: IDBBs and ATSs,17329,FED_PROV,Federal Crown Corporation Bonds,Anonymous Systems: IDBBs and ATSs
31,2021-08-01,8,2021,Federal Crown Corporation Bonds_Banks,2622.2495,FED_PROV,Federal Crown Corporation Bonds,Banks
43,2021-08-01,8,2021,Federal Crown Corporation Bonds_Institutional Clients,23379.791109,FED_PROV,Federal Crown Corporation Bonds,Institutional Clients
7,2021-08-01,8,2021,Federal Crown Corporation Bonds_Investment Dealers,2889.700366,FED_PROV,Federal Crown Corporation Bonds,Investment Dealers
79,2021-08-01,8,2021,Federal Crown Corporation Bonds_Issuer,0,FED_PROV,Federal Crown Corporation Bonds,Issuer
67,2021-08-01,8,2021,Federal Crown Corporation Bonds_Non-Residents,7984.21168,FED_PROV,Federal Crown Corporation Bonds,Non-Residents
55,2021-08-01,8,2021,Federal Crown Corporation Bonds_Retail Clients,306.303153,FED_PROV,Federal Crown Corporation Bonds,Retail Clients
103,2021-08-01,8,2021,Provincial Bonds_Anonymous Systems: IDBBs and ATSs,36307.4725,FED_PROV,Provincial Bonds,Anonymous Systems: IDBBs and ATSs
115,2021-08-01,8,2021,Provincial Bonds_Banks,3137.21261,FED_PROV,Provincial Bonds,Banks
127,2021-08-01,8,2021,Provincial Bonds_Institutional Clients,38552.110658,FED_PROV,Provincial Bonds,Institutional Clients
91,2021-08-01,8,2021,Provincial Bonds_Investment Dealers,3258.323084,FED_PROV,Provincial Bonds,Investment Dealers
163,2021-08-01,8,2021,Provincial Bonds_Issuer,756.1315,FED_PROV,Provincial Bonds,Issuer
151,2021-08-01,8,2021,Provincial Bonds_Non-Residents,14243.4019,FED_PROV,Provincial Bonds,Non-Residents
139,2021-08-01,8,2021,Provincial Bonds_Retail Clients,614.946244,FED_PROV,Provincial Bonds,Retail Clients
20,2021-09-01,9,2021,Federal Crown Corporation Bonds_Anonymous Systems: IDBBs and ATSs,28133.001,FED_PROV,Federal Crown Corporation Bonds,Anonymous Systems: IDBBs and ATSs
32,2021-09-01,9,2021,Federal Crown Corporation Bonds_Banks,4113.514,FED_PROV,Federal Crown Corporation Bonds,Banks
44,2021-09-01,9,2021,Federal Crown Corporation Bonds_Institutional Clients,32136.607502,FED_PROV,Federal Crown Corporation Bonds,Institutional Clients
8,2021-09-01,9,2021,Federal Crown Corporation Bonds_Investment Dealers,5351.794376,FED_PROV,Federal Crown Corporation Bonds,Investment Dealers
80,2021-09-01,9,2021,Federal Crown Corporation Bonds_Issuer,371,FED_PROV,Federal Crown Corporation Bonds,Issuer
68,2021-09-01,9,2021,Federal Crown Corporation Bonds_Non-Residents,15571.116922,FED_PROV,Federal Crown Corporation Bonds,Non-Residents
56,2021-09-01,9,2021,Federal Crown Corporation Bonds_Retail Clients,214.659425,FED_PROV,Federal Crown Corporation Bonds,Retail Clients
104,2021-09-01,9,2021,Provincial Bonds_Anonymous Systems: IDBBs and ATSs,55187.5005,FED_PROV,Provincial Bonds,Anonymous Systems: IDBBs and ATSs
116,2021-09-01,9,2021,Provincial Bonds_Banks,4323.97615,FED_PROV,Provincial Bonds,Banks
128,2021-09-01,9,2021,Provincial Bonds_Institutional Clients,54051.273831,FED_PROV,Provincial Bonds,Institutional Clients
92,2021-09-01,9,2021,Provincial Bonds_Investment Dealers,4962.55009,FED_PROV,Provincial Bonds,Investment Dealers
164,2021-09-01,9,2021,Provincial Bonds_Issuer,2080.505,FED_PROV,Provincial Bonds,Issuer
152,2021-09-01,9,2021,Provincial Bonds_Non-Residents,14305.52539,FED_PROV,Provincial Bonds,Non-Residents
140,2021-09-01,9,2021,Provincial Bonds_Retail Clients,701.86695,FED_PROV,Provincial Bonds,Retail Clients
21,2021-10-01,10,2021,Federal Crown Corporation Bonds_Anonymous Systems: IDBBs and ATSs,30080.6785,FED_PROV,Federal Crown Corporation Bonds,Anonymous Systems: IDBBs and ATSs
33,2021-10-01,10,2021,Federal Crown Corporation Bonds_Banks,4693.025,FED_PROV,Federal Crown Corporation Bonds,Banks
45,2021-10-01,10,2021,Federal Crown Corporation Bonds_Institutional Clients,23387.045518,FED_PROV,Federal Crown Corporation Bonds,Institutional Clients
9,2021-10-01,10,2021,Federal Crown Corporation Bonds_Investment Dealers,5191.982626,FED_PROV,Federal Crown Corporation Bonds,Investment Dealers
81,2021-10-01,10,2021,Federal Crown Corporation Bonds_Issuer,12,FED_PROV,Federal Crown Corporation Bonds,Issuer
69,2021-10-01,10,2021,Federal Crown Corporation Bonds_Non-Residents,11661.29998,FED_PROV,Federal Crown Corporation Bonds,Non-Residents
57,2021-10-01,10,2021,Federal Crown Corporation Bonds_Retail Clients,926.544609,FED_PROV,Federal Crown Corporation Bonds,Retail Clients
105,2021-10-01,10,2021,Provincial Bonds_Anonymous Systems: IDBBs and ATSs,38932.4685,FED_PROV,Provincial Bonds,Anonymous Systems: IDBBs and ATSs
117,2021-10-01,10,2021,Provincial Bonds_Banks,7192.25102,FED_PROV,Provincial Bonds,Banks
129,2021-10-01,10,2021,Provincial Bonds_Institutional Clients,63020.656488,FED_PROV,Provincial Bonds,Institutional Clients
93,2021-10-01,10,2021,Provincial Bonds_Investment Dealers,6796.286014,FED_PROV,Provincial Bonds,Investment Dealers
165,2021-10-01,10,2021,Provincial Bonds_Issuer,1188.464,FED_PROV,Provincial Bonds,Issuer
153,2021-10-01,10,2021,Provincial Bonds_Non-Residents,13852.93176,FED_PROV,Provincial Bonds,Non-Residents
141,2021-10-01,10,2021,Provincial Bonds_Retail Clients,565.485082,FED_PROV,Provincial Bonds,Retail Clients
22,2021-11-01,11,2021,Federal Crown Corporation Bonds_Anonymous Systems: IDBBs and ATSs,26956.975,FED_PROV,Federal Crown Corporation Bonds,Anonymous Systems: IDBBs and ATSs
34,2021-11-01,11,2021,Federal Crown Corporation Bonds_Banks,6337.959,FED_PROV,Federal Crown Corporation Bonds,Banks
46,2021-11-01,11,2021,Federal Crown Corporation Bonds_Institutional Clients,31145.200068,FED_PROV,Federal Crown Corporation Bonds,Institutional Clients
10,2021-11-01,11,2021,Federal Crown Corporation Bonds_Investment Dealers,5599.95758,FED_PROV,Federal Crown Corporation Bonds,Investment Dealers
82,2021-11-01,11,2021,Federal Crown Corporation Bonds_Issuer,27.5,FED_PROV,Federal Crown Corporation Bonds,Issuer
70,2021-11-01,11,2021,Federal Crown Corporation Bonds_Non-Residents,16133.614343,FED_PROV,Federal Crown Corporation Bonds,Non-Residents
58,2021-11-01,11,2021,Federal Crown Corporation Bonds_Retail Clients,271.346596,FED_PROV,Federal Crown Corporation Bonds,Retail Clients
106,2021-11-01,11,2021,Provincial Bonds_Anonymous Systems: IDBBs and ATSs,27104.1695,FED_PROV,Provincial Bonds,Anonymous Systems: IDBBs and ATSs
118,2021-11-01,11,2021,Provincial Bonds_Banks,5952.1432,FED_PROV,Provincial Bonds,Banks
130,2021-11-01,11,2021,Provincial Bonds_Institutional Clients,62815.265296,FED_PROV,Provincial Bonds,Institutional Clients
94,2021-11-01,11,2021,Provincial Bonds_Investment Dealers,6590.330014,FED_PROV,Provincial Bonds,Investment Dealers
166,2021-11-01,11,2021,Provincial Bonds_Issuer,1583.071,FED_PROV,Provincial Bonds,Issuer
154,2021-11-01,11,2021,Provincial Bonds_Non-Residents,8535.583163,FED_PROV,Provincial Bonds,Non-Residents
142,2021-11-01,11,2021,Provincial Bonds_Retail Clients,529.790017,FED_PROV,Provincial Bonds,Retail Clients
23,2021-12-01,12,2021,Federal Crown Corporation Bonds_Anonymous Systems: IDBBs and ATSs,19843.8,FED_PROV,Federal Crown Corporation Bonds,Anonymous Systems: IDBBs and ATSs
35,2021-12-01,12,2021,Federal Crown Corporation Bonds_Banks,3234.25,FED_PROV,Federal Crown Corporation Bonds,Banks
47,2021-12-01,12,2021,Federal Crown Corporation Bonds_Institutional Clients,31153.667351,FED_PROV,Federal Crown Corporation Bonds,Institutional Clients
11,2021-12-01,12,2021,Federal Crown Corporation Bonds_Investment Dealers,3705.163598,FED_PROV,Federal Crown Corporation Bonds,Investment Dealers
83,2021-12-01,12,2021,Federal Crown Corporation Bonds_Issuer,0,FED_PROV,Federal Crown Corporation Bonds,Issuer
71,2021-12-01,12,2021,Federal Crown Corporation Bonds_Non-Residents,10935.62222,FED_PROV,Federal Crown Corporation Bonds,Non-Residents
59,2021-12-01,12,2021,Federal Crown Corporation Bonds_Retail Clients,388.94518,FED_PROV,Federal Crown Corporation Bonds,Retail Clients
107,2021-12-01,12,2021,Provincial Bonds_Anonymous Systems: IDBBs and ATSs,29905.2335,FED_PROV,Provincial Bonds,Anonymous Systems: IDBBs and ATSs
119,2021-12-01,12,2021,Provincial Bonds_Banks,4458.7149,FED_PROV,Provincial Bonds,Banks
131,2021-12-01,12,2021,Provincial Bonds_Institutional Clients,50187.938129,FED_PROV,Provincial Bonds,Institutional Clients
95,2021-12-01,12,2021,Provincial Bonds_Investment Dealers,4384.351339,FED_PROV,Provincial Bonds,Investment Dealers
167,2021-12-01,12,2021,Provincial Bonds_Issuer,1978.634,FED_PROV,Provincial Bonds,Issuer
155,2021-12-01,12,2021,Provincial Bonds_Non-Residents,13372.555239,FED_PROV,Provincial Bonds,Non-Residents
143,2021-12-01,12,2021,Provincial Bonds_Retail Clients,442.858415,FED_PROV,Provincial Bonds,Retail Clients
12,2022-01-01,1,2022,Federal Crown Corporation Bonds_Anonymous Systems: IDBBs and ATSs,25179.948,FED_PROV,Federal Crown Corporation Bonds,Anonymous Systems: IDBBs and ATSs
24,2022-01-01,1,2022,Federal Crown Corporation Bonds_Banks,4423.98746,FED_PROV,Federal Crown Corporation Bonds,Banks
36,2022-01-01,1,2022,Federal Crown Corporation Bonds_Institutional Clients,24722.509216,FED_PROV,Federal Crown Corporation Bonds,Institutional Clients
0,2022-01-01,1,2022,Federal Crown Corporation Bonds_Investment Dealers,3696.541704,FED_PROV,Federal Crown Corporation Bonds,Investment Dealers
72,2022-01-01,1,2022,Federal Crown Corporation Bonds_Issuer,10.002,FED_PROV,Federal Crown Corporation Bonds,Issuer
60,2022-01-01,1,2022,Federal Crown Corporation Bonds_Non-Residents,13731.250364,FED_PROV,Federal Crown Corporation Bonds,Non-Residents
48,2022-01-01,1,2022,Federal Crown Corporation Bonds_Retail Clients,223.39725,FED_PROV,Federal Crown Corporation Bonds,Retail Clients
96,2022-01-01,1,2022,Provincial Bonds_Anonymous Systems: IDBBs and ATSs,37295.32,FED_PROV,Provincial Bonds,Anonymous Systems: IDBBs and ATSs
108,2022-01-01,1,2022,Provincial Bonds_Banks,4976.976285,FED_PROV,Provincial Bonds,Banks
120,2022-01-01,1,2022,Provincial Bonds_Institutional Clients,52939.402409,FED_PROV,Provincial Bonds,Institutional Clients
84,2022-01-01,1,2022,Provincial Bonds_Investment Dealers,5704.156907,FED_PROV,Provincial Bonds,Investment Dealers
156,2022-01-01,1,2022,Provincial Bonds_Issuer,807.049,FED_PROV,Provincial Bonds,Issuer
144,2022-01-01,1,2022,Provincial Bonds_Non-Residents,15232.388496,FED_PROV,Provincial Bonds,Non-Residents
132,2022-01-01,1,2022,Provincial Bonds_Retail Clients,364.844937,FED_PROV,Provincial Bonds,Retail Clients
13,2022-02-01,2,2022,Federal Crown Corporation Bonds_Anonymous Systems: IDBBs and ATSs,18169.008,FED_PROV,Federal Crown Corporation Bonds,Anonymous Systems: IDBBs and ATSs
25,2022-02-01,2,2022,Federal Crown Corporation Bonds_Banks,3817.933,FED_PROV,Federal Crown Corporation Bonds,Banks
37,2022-02-01,2,2022,Federal Crown Corporation Bonds_Institutional Clients,24524.521215,FED_PROV,Federal Crown Corporation Bonds,Institutional Clients
1,2022-02-01,2,2022,Federal Crown Corporation Bonds_Investment Dealers,3755.800838,FED_PROV,Federal Crown Corporation Bonds,Investment Dealers
73,2022-02-01,2,2022,Federal Crown Corporation Bonds_Issuer,38.798,FED_PROV,Federal Crown Corporation Bonds,Issuer
61,2022-02-01,2,2022,Federal Crown Corporation Bonds_Non-Residents,11614.373655,FED_PROV,Federal Crown Corporation Bonds,Non-Residents
49,2022-02-01,2,2022,Federal Crown Corporation Bonds_Retail Clients,191.275945,FED_PROV,Federal Crown Corporation Bonds,Retail Clients
97,2022-02-01,2,2022,Provincial Bonds_Anonymous Systems: IDBBs and ATSs,41055.419,FED_PROV,Provincial Bonds,Anonymous Systems: IDBBs and ATSs
109,2022-02-01,2,2022,Provincial Bonds_Banks,4570.6666,FED_PROV,Provincial Bonds,Banks
121,2022-02-01,2,2022,Provincial Bonds_Institutional Clients,54023.524027,FED_PROV,Provincial Bonds,Institutional Clients
85,2022-02-01,2,2022,Provincial Bonds_Investment Dealers,5115.8706,FED_PROV,Provincial Bonds,Investment Dealers
157,2022-02-01,2,2022,Provincial Bonds_Issuer,1547.993,FED_PROV,Provincial Bonds,Issuer
145,2022-02-01,2,2022,Provincial Bonds_Non-Residents,14363.252475,FED_PROV,Provincial Bonds,Non-Residents
133,2022-02-01,2,2022,Provincial Bonds_Retail Clients,346.978109,FED_PROV,Provincial Bonds,Retail Clients
14,2022-03-01,3,2022,Federal Crown Corporation Bonds_Anonymous Systems: IDBBs and ATSs,22779.605,FED_PROV,Federal Crown Corporation Bonds,Anonymous Systems: IDBBs and ATSs
26,2022-03-01,3,2022,Federal Crown Corporation Bonds_Banks,5737.391,FED_PROV,Federal Crown Corporation Bonds,Banks
38,2022-03-01,3,2022,Federal Crown Corporation Bonds_Institutional Clients,35350.015062,FED_PROV,Federal Crown Corporation Bonds,Institutional Clients
2,2022-03-01,3,2022,Federal Crown Corporation Bonds_Investment Dealers,6149.33345,FED_PROV,Federal Crown Corporation Bonds,Investment Dealers
74,2022-03-01,3,2022,Federal Crown Corporation Bonds_Issuer,0,FED_PROV,Federal Crown Corporation Bonds,Issuer
62,2022-03-01,3,2022,Federal Crown Corporation Bonds_Non-Residents,12286.096479,FED_PROV,Federal Crown Corporation Bonds,Non-Residents
50,2022-03-01,3,2022,Federal Crown Corporation Bonds_Retail Clients,558.855823,FED_PROV,Federal Crown Corporation Bonds,Retail Clients
98,2022-03-01,3,2022,Provincial Bonds_Anonymous Systems: IDBBs and ATSs,55720.0525,FED_PROV,Provincial Bonds,Anonymous Systems: IDBBs and ATSs
110,2022-03-01,3,2022,Provincial Bonds_Banks,6319.659225,FED_PROV,Provincial Bonds,Banks
122,2022-03-01,3,2022,Provincial Bonds_Institutional Clients,71561.48563,FED_PROV,Provincial Bonds,Institutional Clients
86,2022-03-01,3,2022,Provincial Bonds_Investment Dealers,7849.441719,FED_PROV,Provincial Bonds,Investment Dealers
158,2022-03-01,3,2022,Provincial Bonds_Issuer,823.643,FED_PROV,Provincial Bonds,Issuer
146,2022-03-01,3,2022,Provincial Bonds_Non-Residents,17408.005796,FED_PROV,Provincial Bonds,Non-Residents
134,2022-03-01,3,2022,Provincial Bonds_Retail Clients,801.027635,FED_PROV,Provincial Bonds,Retail Clients
15,2022-04-01,4,2022,Federal Crown Corporation Bonds_Anonymous Systems: IDBBs and ATSs,16325.491,FED_PROV,Federal Crown Corporation Bonds,Anonymous Systems: IDBBs and ATSs
27,2022-04-01,4,2022,Federal Crown Corporation Bonds_Banks,3417.8265,FED_PROV,Federal Crown Corporation Bonds,Banks
39,2022-04-01,4,2022,Federal Crown Corporation Bonds_Institutional Clients,17387.825753,FED_PROV,Federal Crown Corporation Bonds,Institutional Clients
3,2022-04-01,4,2022,Federal Crown Corporation Bonds_Investment Dealers,3158.2208,FED_PROV,Federal Crown Corporation Bonds,Investment Dealers
75,2022-04-01,4,2022,Federal Crown Corporation Bonds_Issuer,9.4,FED_PROV,Federal Crown Corporation Bonds,Issuer
63,2022-04-01,4,2022,Federal Crown Corporation Bonds_Non-Residents,7680.529916,FED_PROV,Federal Crown Corporation Bonds,Non-Residents
51,2022-04-01,4,2022,Federal Crown Corporation Bonds_Retail Clients,358.605847,FED_PROV,Federal Crown Corporation Bonds,Retail Clients
99,2022-04-01,4,2022,Provincial Bonds_Anonymous Systems: IDBBs and ATSs,47256.783,FED_PROV,Provincial Bonds,Anonymous Systems: IDBBs and ATSs
111,2022-04-01,4,2022,Provincial Bonds_Banks,6386.444245,FED_PROV,Provincial Bonds,Banks
123,2022-04-01,4,2022,Provincial Bonds_Institutional Clients,61969.867895,FED_PROV,Provincial Bonds,Institutional Clients
87,2022-04-01,4,2022,Provincial Bonds_Investment Dealers,6785.900351,FED_PROV,Provincial Bonds,Investment Dealers
159,2022-04-01,4,2022,Provincial Bonds_Issuer,736.6,FED_PROV,Provincial Bonds,Issuer
147,2022-04-01,4,2022,Provincial Bonds_Non-Residents,14128.226603,FED_PROV,Provincial Bonds,Non-Residents
135,2022-04-01,4,2022,Provincial Bonds_Retail Clients,671.047744,FED_PROV,Provincial Bonds,Retail Clients
16,2022-05-01,5,2022,Federal Crown Corporation Bonds_Anonymous Systems: IDBBs and ATSs,21201.0055,FED_PROV,Federal Crown Corporation Bonds,Anonymous Systems: IDBBs and ATSs
28,2022-05-01,5,2022,Federal Crown Corporation Bonds_Banks,4301.439,FED_PROV,Federal Crown Corporation Bonds,Banks
40,2022-05-01,5,2022,Federal Crown Corporation Bonds_Institutional Clients,23242.055039,FED_PROV,Federal Crown Corporation Bonds,Institutional Clients
4,2022-05-01,5,2022,Federal Crown Corporation Bonds_Investment Dealers,3749.967932,FED_PROV,Federal Crown Corporation Bonds,Investment Dealers
76,2022-05-01,5,2022,Federal Crown Corporation Bonds_Issuer,0,FED_PROV,Federal Crown Corporation Bonds,Issuer
64,2022-05-01,5,2022,Federal Crown Corporation Bonds_Non-Residents,9760.3634,FED_PROV,Federal Crown Corporation Bonds,Non-Residents
52,2022-05-01,5,2022,Federal Crown Corporation Bonds_Retail Clients,358.174451,FED_PROV,Federal Crown Corporation Bonds,Retail Clients
100,2022-05-01,5,2022,Provincial Bonds_Anonymous Systems: IDBBs and ATSs,46734.9375,FED_PROV,Provincial Bonds,Anonymous Systems: IDBBs and ATSs
112,2022-05-01,5,2022,Provincial Bonds_Banks,5633.337309,FED_PROV,Provincial Bonds,Banks
124,2022-05-01,5,2022,Provincial Bonds_Institutional Clients,62388.609851,FED_PROV,Provincial Bonds,Institutional Clients
88,2022-05-01,5,2022,Provincial Bonds_Investment Dealers,6510.240485,FED_PROV,Provincial Bonds,Investment Dealers
160,2022-05-01,5,2022,Provincial Bonds_Issuer,2179.571,FED_PROV,Provincial Bonds,Issuer
148,2022-05-01,5,2022,Provincial Bonds_Non-Residents,20083.908539,FED_PROV,Provincial Bonds,Non-Residents
136,2022-05-01,5,2022,Provincial Bonds_Retail Clients,778.824593,FED_PROV,Provincial Bonds,Retail Clients
17,2022-06-01,6,2022,Federal Crown Corporation Bonds_Anonymous Systems: IDBBs and ATSs,20976.478,FED_PROV,Federal Crown Corporation Bonds,Anonymous Systems: IDBBs and ATSs
29,2022-06-01,6,2022,Federal Crown Corporation Bonds_Banks,5671.724,FED_PROV,Federal Crown Corporation Bonds,Banks
41,2022-06-01,6,2022,Federal Crown Corporation Bonds_Institutional Clients,30414.439877,FED_PROV,Federal Crown Corporation Bonds,Institutional Clients
5,2022-06-01,6,2022,Federal Crown Corporation Bonds_Investment Dealers,5154.747504,FED_PROV,Federal Crown Corporation Bonds,Investment Dealers
77,2022-06-01,6,2022,Federal Crown Corporation Bonds_Issuer,35.75,FED_PROV,Federal Crown Corporation Bonds,Issuer
65,2022-06-01,6,2022,Federal Crown Corporation Bonds_Non-Residents,11847.428978,FED_PROV,Federal Crown Corporation Bonds,Non-Residents
53,2022-06-01,6,2022,Federal Crown Corporation Bonds_Retail Clients,345.995865,FED_PROV,Federal Crown Corporation Bonds,Retail Clients
101,2022-06-01,6,2022,Provincial Bonds_Anonymous Systems: IDBBs and ATSs,38762.481,FED_PROV,Provincial Bonds,Anonymous Systems: IDBBs and ATSs
113,2022-06-01,6,2022,Provincial Bonds_Banks,4889.142275,FED_PROV,Provincial Bonds,Banks
125,2022-06-01,6,2022,Provincial Bonds_Institutional Clients,71419.30779,FED_PROV,Provincial Bonds,Institutional Clients
89,2022-06-01,6,2022,Provincial Bonds_Investment Dealers,6268.332925,FED_PROV,Provincial Bonds,Investment Dealers
161,2022-06-01,6,2022,Provincial Bonds_Issuer,1679.749,FED_PROV,Provincial Bonds,Issuer
149,2022-06-01,6,2022,Provincial Bonds_Non-Residents,20719.359367,FED_PROV,Provincial Bonds,Non-Residents
137,2022-06-01,6,2022,Provincial Bonds_Retail Clients,1104.994827,FED_PROV,Provincial Bonds,Retail Clients
18,2022-07-01,7,2022,Federal Crown Corporation Bonds_Anonymous Systems: IDBBs and ATSs,12033.8,FED_PROV,Federal Crown Corporation Bonds,Anonymous Systems: IDBBs and ATSs
30,2022-07-01,7,2022,Federal Crown Corporation Bonds_Banks,4154.369,FED_PROV,Federal Crown Corporation Bonds,Banks
42,2022-07-01,7,2022,Federal Crown Corporation Bonds_Institutional Clients,15943.29523,FED_PROV,Federal Crown Corporation Bonds,Institutional Clients
6,2022-07-01,7,2022,Federal Crown Corporation Bonds_Investment Dealers,4098.69345,FED_PROV,Federal Crown Corporation Bonds,Investment Dealers
78,2022-07-01,7,2022,Federal Crown Corporation Bonds_Issuer,0,FED_PROV,Federal Crown Corporation Bonds,Issuer
66,2022-07-01,7,2022,Federal Crown Corporation Bonds_Non-Residents,6369.448164,FED_PROV,Federal Crown Corporation Bonds,Non-Residents
54,2022-07-01,7,2022,Federal Crown Corporation Bonds_Retail Clients,254.239785,FED_PROV,Federal Crown Corporation Bonds,Retail Clients
102,2022-07-01,7,2022,Provincial Bonds_Anonymous Systems: IDBBs and ATSs,30954.0805,FED_PROV,Provincial Bonds,Anonymous Systems: IDBBs and ATSs
114,2022-07-01,7,2022,Provincial Bonds_Banks,4242.0082,FED_PROV,Provincial Bonds,Banks
126,2022-07-01,7,2022,Provincial Bonds_Institutional Clients,48312.787963,FED_PROV,Provincial Bonds,Institutional Clients
90,2022-07-01,7,2022,Provincial Bonds_Investment Dealers,5130.887533,FED_PROV,Provincial Bonds,Investment Dealers
162,2022-07-01,7,2022,Provincial Bonds_Issuer,1258.979,FED_PROV,Provincial Bonds,Issuer
150,2022-07-01,7,2022,Provincial Bonds_Non-Residents,17306.034993,FED_PROV,Provincial Bonds,Non-Residents
138,2022-07-01,7,2022,Provincial Bonds_Retail Clients,537.82286,FED_PROV,Provincial Bonds,Retail Clients
19,2022-08-01,8,2022,Federal Crown Corporation Bonds_Anonymous Systems: IDBBs and ATSs,17050.668,FED_PROV,Federal Crown Corporation Bonds,Anonymous Systems: IDBBs and ATSs
31,2022-08-01,8,2022,Federal Crown Corporation Bonds_Banks,5249.0465,FED_PROV,Federal Crown Corporation Bonds,Banks
43,2022-08-01,8,2022,Federal Crown Corporation Bonds_Institutional Clients,24501.240865,FED_PROV,Federal Crown Corporation Bonds,Institutional Clients
7,2022-08-01,8,2022,Federal Crown Corporation Bonds_Investment Dealers,4770.0095,FED_PROV,Federal Crown Corporation Bonds,Investment Dealers
79,2022-08-01,8,2022,Federal Crown Corporation Bonds_Issuer,0,FED_PROV,Federal Crown Corporation Bonds,Issuer
67,2022-08-01,8,2022,Federal Crown Corporation Bonds_Non-Residents,7726.95099,FED_PROV,Federal Crown Corporation Bonds,Non-Residents
55,2022-08-01,8,2022,Federal Crown Corporation Bonds_Retail Clients,201.677335,FED_PROV,Federal Crown Corporation Bonds,Retail Clients
103,2022-08-01,8,2022,Provincial Bonds_Anonymous Systems: IDBBs and ATSs,30860.8035,FED_PROV,Provincial Bonds,Anonymous Systems: IDBBs and ATSs
115,2022-08-01,8,2022,Provincial Bonds_Banks,4962.432,FED_PROV,Provincial Bonds,Banks
127,2022-08-01,8,2022,Provincial Bonds_Institutional Clients,59004.371134,FED_PROV,Provincial Bonds,Institutional Clients
91,2022-08-01,8,2022,Provincial Bonds_Investment Dealers,6246.3383,FED_PROV,Provincial Bonds,Investment Dealers
163,2022-08-01,8,2022,Provincial Bonds_Issuer,2060.405,FED_PROV,Provincial Bonds,Issuer
151,2022-08-01,8,2022,Provincial Bonds_Non-Residents,10260.288669,FED_PROV,Provincial Bonds,Non-Residents
139,2022-08-01,8,2022,Provincial Bonds_Retail Clients,534.514054,FED_PROV,Provincial Bonds,Retail Clients
20,2022-09-01,9,2022,Federal Crown Corporation Bonds_Anonymous Systems: IDBBs and ATSs,15995.206,FED_PROV,Federal Crown Corporation Bonds,Anonymous Systems: IDBBs and ATSs
32,2022-09-01,9,2022,Federal Crown Corporation Bonds_Banks,5080.892,FED_PROV,Federal Crown Corporation Bonds,Banks
44,2022-09-01,9,2022,Federal Crown Corporation Bonds_Institutional Clients,30672.370316,FED_PROV,Federal Crown Corporation Bonds,Institutional Clients
8,2022-09-01,9,2022,Federal Crown Corporation Bonds_Investment Dealers,4807.7845,FED_PROV,Federal Crown Corporation Bonds,Investment Dealers
80,2022-09-01,9,2022,Federal Crown Corporation Bonds_Issuer,0,FED_PROV,Federal Crown Corporation Bonds,Issuer
68,2022-09-01,9,2022,Federal Crown Corporation Bonds_Non-Residents,9536.532106,FED_PROV,Federal Crown Corporation Bonds,Non-Residents
56,2022-09-01,9,2022,Federal Crown Corporation Bonds_Retail Clients,288.003574,FED_PROV,Federal Crown Corporation Bonds,Retail Clients
104,2022-09-01,9,2022,Provincial Bonds_Anonymous Systems: IDBBs and ATSs,30248.59,FED_PROV,Provincial Bonds,Anonymous Systems: IDBBs and ATSs
116,2022-09-01,9,2022,Provincial Bonds_Banks,5561.631,FED_PROV,Provincial Bonds,Banks
128,2022-09-01,9,2022,Provincial Bonds_Institutional Clients,54226.100143,FED_PROV,Provincial Bonds,Institutional Clients
92,2022-09-01,9,2022,Provincial Bonds_Investment Dealers,6473.86341,FED_PROV,Provincial Bonds,Investment Dealers
164,2022-09-01,9,2022,Provincial Bonds_Issuer,2046.482,FED_PROV,Provincial Bonds,Issuer
152,2022-09-01,9,2022,Provincial Bonds_Non-Residents,11200.987977,FED_PROV,Provincial Bonds,Non-Residents
140,2022-09-01,9,2022,Provincial Bonds_Retail Clients,677.320462,FED_PROV,Provincial Bonds,Retail Clients
21,2022-10-01,10,2022,Federal Crown Corporation Bonds_Anonymous Systems: IDBBs and ATSs,14667.532,FED_PROV,Federal Crown Corporation Bonds,Anonymous Systems: IDBBs and ATSs
33,2022-10-01,10,2022,Federal Crown Corporation Bonds_Banks,3255.152,FED_PROV,Federal Crown Corporation Bonds,Banks
45,2022-10-01,10,2022,Federal Crown Corporation Bonds_Institutional Clients,22799.4895,FED_PROV,Federal Crown Corporation Bonds,Institutional Clients
9,2022-10-01,10,2022,Federal Crown Corporation Bonds_Investment Dealers,2941.17262,FED_PROV,Federal Crown Corporation Bonds,Investment Dealers
81,2022-10-01,10,2022,Federal Crown Corporation Bonds_Issuer,0,FED_PROV,Federal Crown Corporation Bonds,Issuer
69,2022-10-01,10,2022,Federal Crown Corporation Bonds_Non-Residents,7524.69962,FED_PROV,Federal Crown Corporation Bonds,Non-Residents
57,2022-10-01,10,2022,Federal Crown Corporation Bonds_Retail Clients,228.290113,FED_PROV,Federal Crown Corporation Bonds,Retail Clients
105,2022-10-01,10,2022,Provincial Bonds_Anonymous Systems: IDBBs and ATSs,36217.8785,FED_PROV,Provincial Bonds,Anonymous Systems: IDBBs and ATSs
117,2022-10-01,10,2022,Provincial Bonds_Banks,6135.347,FED_PROV,Provincial Bonds,Banks
129,2022-10-01,10,2022,Provincial Bonds_Institutional Clients,68595.582037,FED_PROV,Provincial Bonds,Institutional Clients
93,2022-10-01,10,2022,Provincial Bonds_Investment Dealers,6890.377698,FED_PROV,Provincial Bonds,Investment Dealers
165,2022-10-01,10,2022,Provincial Bonds_Issuer,1471.323,FED_PROV,Provincial Bonds,Issuer
153,2022-10-01,10,2022,Provincial Bonds_Non-Residents,7506.815804,FED_PROV,Provincial Bonds,Non-Residents
141,2022-10-01,10,2022,Provincial Bonds_Retail Clients,583.796904,FED_PROV,Provincial Bonds,Retail Clients
22,2022-11-01,11,2022,Federal Crown Corporation Bonds_Anonymous Systems: IDBBs and ATSs,17519.678,FED_PROV,Federal Crown Corporation Bonds,Anonymous Systems: IDBBs and ATSs
34,2022-11-01,11,2022,Federal Crown Corporation Bonds_Banks,5648.7615,FED_PROV,Federal Crown Corporation Bonds,Banks
46,2022-11-01,11,2022,Federal Crown Corporation Bonds_Institutional Clients,33320.700792,FED_PROV,Federal Crown Corporation Bonds,Institutional Clients
10,2022-11-01,11,2022,Federal Crown Corporation Bonds_Investment Dealers,5150.467999,FED_PROV,Federal Crown Corporation Bonds,Investment Dealers
82,2022-11-01,11,2022,Federal Crown Corporation Bonds_Issuer,100,FED_PROV,Federal Crown Corporation Bonds,Issuer
70,2022-11-01,11,2022,Federal Crown Corporation Bonds_Non-Residents,9415.776809,FED_PROV,Federal Crown Corporation Bonds,Non-Residents
58,2022-11-01,11,2022,Federal Crown Corporation Bonds_Retail Clients,456.583272,FED_PROV,Federal Crown Corporation Bonds,Retail Clients
106,2022-11-01,11,2022,Provincial Bonds_Anonymous Systems: IDBBs and ATSs,31635.591,FED_PROV,Provincial Bonds,Anonymous Systems: IDBBs and ATSs
118,2022-11-01,11,2022,Provincial Bonds_Banks,6723.958784,FED_PROV,Provincial Bonds,Banks
130,2022-11-01,11,2022,Provincial Bonds_Institutional Clients,66313.777151,FED_PROV,Provincial Bonds,Institutional Clients
94,2022-11-01,11,2022,Provincial Bonds_Investment Dealers,7190.911798,FED_PROV,Provincial Bonds,Investment Dealers
166,2022-11-01,11,2022,Provincial Bonds_Issuer,1225.53,FED_PROV,Provincial Bonds,Issuer
154,2022-11-01,11,2022,Provincial Bonds_Non-Residents,13516.889317,FED_PROV,Provincial Bonds,Non-Residents
142,2022-11-01,11,2022,Provincial Bonds_Retail Clients,800.551336,FED_PROV,Provincial Bonds,Retail Clients
23,2022-12-01,12,2022,Federal Crown Corporation Bonds_Anonymous Systems: IDBBs and ATSs,14558.376,FED_PROV,Federal Crown Corporation Bonds,Anonymous Systems: IDBBs and ATSs
35,2022-12-01,12,2022,Federal Crown Corporation Bonds_Banks,5031.85464,FED_PROV,Federal Crown Corporation Bonds,Banks
47,2022-12-01,12,2022,Federal Crown Corporation Bonds_Institutional Clients,21207.43967,FED_PROV,Federal Crown Corporation Bonds,Institutional Clients
11,2022-12-01,12,2022,Federal Crown Corporation Bonds_Investment Dealers,5381.31564,FED_PROV,Federal Crown Corporation Bonds,Investment Dealers
83,2022-12-01,12,2022,Federal Crown Corporation Bonds_Issuer,0,FED_PROV,Federal Crown Corporation Bonds,Issuer
71,2022-12-01,12,2022,Federal Crown Corporation Bonds_Non-Residents,5738.555526,FED_PROV,Federal Crown Corporation Bonds,Non-Residents
59,2022-12-01,12,2022,Federal Crown Corporation Bonds_Retail Clients,587.450633,FED_PROV,Federal Crown Corporation Bonds,Retail Clients
107,2022-12-01,12,2022,Provincial Bonds_Anonymous Systems: IDBBs and ATSs,35745.193,FED_PROV,Provincial Bonds,Anonymous Systems: IDBBs and ATSs
119,2022-12-01,12,2022,Provincial Bonds_Banks,5738.496677,FED_PROV,Provincial Bonds,Banks
131,2022-12-01,12,2022,Provincial Bonds_Institutional Clients,58563.615109,FED_PROV,Provincial Bonds,Institutional Clients
95,2022-12-01,12,2022,Provincial Bonds_Investment Dealers,7026.022427,FED_PROV,Provincial Bonds,Investment Dealers
167,2022-12-01,12,2022,Provincial Bonds_Issuer,589.4,FED_PROV,Provincial Bonds,Issuer
155,2022-12-01,12,2022,Provincial Bonds_Non-Residents,13822.355064,FED_PROV,Provincial Bonds,Non-Residents
143,2022-12-01,12,2022,Provincial Bonds_Retail Clients,873.589296,FED_PROV,Provincial Bonds,Retail Clients
12,2023-01-01,1,2023,Federal Crown Corporation Bonds_Anonymous Systems: IDBBs and ATSs,18705.003,FED_PROV,Federal Crown Corporation Bonds,Anonymous Systems: IDBBs and ATSs
24,2023-01-01,1,2023,Federal Crown Corporation Bonds_Banks,3566.072722,FED_PROV,Federal Crown Corporation Bonds,Banks
36,2023-01-01,1,2023,Federal Crown Corporation Bonds_Institutional Clients,20592.3794,FED_PROV,Federal Crown Corporation Bonds,Institutional Clients
0,2023-01-01,1,2023,Federal Crown Corporation Bonds_Investment Dealers,3593.809258,FED_PROV,Federal Crown Corporation Bonds,Investment Dealers
72,2023-01-01,1,2023,Federal Crown Corporation Bonds_Issuer,25,FED_PROV,Federal Crown Corporation Bonds,Issuer
60,2023-01-01,1,2023,Federal Crown Corporation Bonds_Non-Residents,9627.156462,FED_PROV,Federal Crown Corporation Bonds,Non-Residents
48,2023-01-01,1,2023,Federal Crown Corporation Bonds_Retail Clients,194.568329,FED_PROV,Federal Crown Corporation Bonds,Retail Clients
96,2023-01-01,1,2023,Provincial Bonds_Anonymous Systems: IDBBs and ATSs,46898.264,FED_PROV,Provincial Bonds,Anonymous Systems: IDBBs and ATSs
108,2023-01-01,1,2023,Provincial Bonds_Banks,5461.566091,FED_PROV,Provincial Bonds,Banks
120,2023-01-01,1,2023,Provincial Bonds_Institutional Clients,58443.316182,FED_PROV,Provincial Bonds,Institutional Clients
84,2023-01-01,1,2023,Provincial Bonds_Investment Dealers,7210.654045,FED_PROV,Provincial Bonds,Investment Dealers
156,2023-01-01,1,2023,Provincial Bonds_Issuer,1564.25,FED_PROV,Provincial Bonds,Issuer
144,2023-01-01,1,2023,Provincial Bonds_Non-Residents,13898.944625,FED_PROV,Provincial Bonds,Non-Residents
132,2023-01-01,1,2023,Provincial Bonds_Retail Clients,741.89858,FED_PROV,Provincial Bonds,Retail Clients
13,2023-02-01,2,2023,Federal Crown Corporation Bonds_Anonymous Systems: IDBBs and ATSs,15588.917,FED_PROV,Federal Crown Corporation Bonds,Anonymous Systems: IDBBs and ATSs
25,2023-02-01,2,2023,Federal Crown Corporation Bonds_Banks,3118.156,FED_PROV,Federal Crown Corporation Bonds,Banks
37,2023-02-01,2,2023,Federal Crown Corporation Bonds_Institutional Clients,21887.919741,FED_PROV,Federal Crown Corporation Bonds,Institutional Clients
1,2023-02-01,2,2023,Federal Crown Corporation Bonds_Investment Dealers,3847.582584,FED_PROV,Federal Crown Corporation Bonds,Investment Dealers
73,2023-02-01,2,2023,Federal Crown Corporation Bonds_Issuer,30.2,FED_PROV,Federal Crown Corporation Bonds,Issuer
61,2023-02-01,2,2023,Federal Crown Corporation Bonds_Non-Residents,7547.13142,FED_PROV,Federal Crown Corporation Bonds,Non-Residents
49,2023-02-01,2,2023,Federal Crown Corporation Bonds_Retail Clients,374.153235,FED_PROV,Federal Crown Corporation Bonds,Retail Clients
97,2023-02-01,2,2023,Provincial Bonds_Anonymous Systems: IDBBs and ATSs,36222.84,FED_PROV,Provincial Bonds,Anonymous Systems: IDBBs and ATSs
109,2023-02-01,2,2023,Provincial Bonds_Banks,4649.2125,FED_PROV,Provincial Bonds,Banks
121,2023-02-01,2,2023,Provincial Bonds_Institutional Clients,49572.072006,FED_PROV,Provincial Bonds,Institutional Clients
85,2023-02-01,2,2023,Provincial Bonds_Investment Dealers,6446.0886,FED_PROV,Provincial Bonds,Investment Dealers
157,2023-02-01,2,2023,Provincial Bonds_Issuer,935.15,FED_PROV,Provincial Bonds,Issuer
145,2023-02-01,2,2023,Provincial Bonds_Non-Residents,7347.564251,FED_PROV,Provincial Bonds,Non-Residents
133,2023-02-01,2,2023,Provincial Bonds_Retail Clients,828.696961,FED_PROV,Provincial Bonds,Retail Clients
14,2023-03-01,3,2023,Federal Crown Corporation Bonds_Anonymous Systems: IDBBs and ATSs,31596.5095,FED_PROV,Federal Crown Corporation Bonds,Anonymous Systems: IDBBs and ATSs
26,2023-03-01,3,2023,Federal Crown Corporation Bonds_Banks,7064.73,FED_PROV,Federal Crown Corporation Bonds,Banks
38,2023-03-01,3,2023,Federal Crown Corporation Bonds_Institutional Clients,29340.471638,FED_PROV,Federal Crown Corporation Bonds,Institutional Clients
2,2023-03-01,3,2023,Federal Crown Corporation Bonds_Investment Dealers,7292.88034,FED_PROV,Federal Crown Corporation Bonds,Investment Dealers
74,2023-03-01,3,2023,Federal Crown Corporation Bonds_Issuer,15,FED_PROV,Federal Crown Corporation Bonds,Issuer
62,2023-03-01,3,2023,Federal Crown Corporation Bonds_Non-Residents,10409.916277,FED_PROV,Federal Crown Corporation Bonds,Non-Residents
50,2023-03-01,3,2023,Federal Crown Corporation Bonds_Retail Clients,449.07722,FED_PROV,Federal Crown Corporation Bonds,Retail Clients
98,2023-03-01,3,2023,Provincial Bonds_Anonymous Systems: IDBBs and ATSs,37460.583,FED_PROV,Provincial Bonds,Anonymous Systems: IDBBs and ATSs
110,2023-03-01,3,2023,Provincial Bonds_Banks,5622.70725,FED_PROV,Provincial Bonds,Banks
122,2023-03-01,3,2023,Provincial Bonds_Institutional Clients,57056.556167,FED_PROV,Provincial Bonds,Institutional Clients
86,2023-03-01,3,2023,Provincial Bonds_Investment Dealers,5989.454785,FED_PROV,Provincial Bonds,Investment Dealers
158,2023-03-01,3,2023,Provincial Bonds_Issuer,993.45,FED_PROV,Provincial Bonds,Issuer
146,2023-03-01,3,2023,Provincial Bonds_Non-Residents,9324.607066,FED_PROV,Provincial Bonds,Non-Residents
134,2023-03-01,3,2023,Provincial Bonds_Retail Clients,955.742089,FED_PROV,Provincial Bonds,Retail Clients
15,2023-04-01,4,2023,Federal Crown Corporation Bonds_Anonymous Systems: IDBBs and ATSs,9982.897,FED_PROV,Federal Crown Corporation Bonds,Anonymous Systems: IDBBs and ATSs
27,2023-04-01,4,2023,Federal Crown Corporation Bonds_Banks,2796.658,FED_PROV,Federal Crown Corporation Bonds,Banks
39,2023-04-01,4,2023,Federal Crown Corporation Bonds_Institutional Clients,14931.30532,FED_PROV,Federal Crown Corporation Bonds,Institutional Clients
3,2023-04-01,4,2023,Federal Crown Corporation Bonds_Investment Dealers,2888.1547,FED_PROV,Federal Crown Corporation Bonds,Investment Dealers
75,2023-04-01,4,2023,Federal Crown Corporation Bonds_Issuer,0,FED_PROV,Federal Crown Corporation Bonds,Issuer
63,2023-04-01,4,2023,Federal Crown Corporation Bonds_Non-Residents,4638.459995,FED_PROV,Federal Crown Corporation Bonds,Non-Residents
51,2023-04-01,4,2023,Federal Crown Corporation Bonds_Retail Clients,362.399743,FED_PROV,Federal Crown Corporation Bonds,Retail Clients
99,2023-04-01,4,2023,Provincial Bonds_Anonymous Systems: IDBBs and ATSs,26720.1885,FED_PROV,Provincial Bonds,Anonymous Systems: IDBBs and ATSs
111,2023-04-01,4,2023,Provincial Bonds_Banks,5097.215416,FED_PROV,Provincial Bonds,Banks
123,2023-04-01,4,2023,Provincial Bonds_Institutional Clients,44859.336578,FED_PROV,Provincial Bonds,Institutional Clients
87,2023-04-01,4,2023,Provincial Bonds_Investment Dealers,5611.017758,FED_PROV,Provincial Bonds,Investment Dealers
159,2023-04-01,4,2023,Provincial Bonds_Issuer,569.199,FED_PROV,Provincial Bonds,Issuer
147,2023-04-01,4,2023,Provincial Bonds_Non-Residents,5858.29938,FED_PROV,Provincial Bonds,Non-Residents
135,2023-04-01,4,2023,Provincial Bonds_Retail Clients,773.391084,FED_PROV,Provincial Bonds,Retail Clients
16,2023-05-01,5,2023,Federal Crown Corporation Bonds_Anonymous Systems: IDBBs and ATSs,11553.3285,FED_PROV,Federal Crown Corporation Bonds,Anonymous Systems: IDBBs and ATSs
28,2023-05-01,5,2023,Federal Crown Corporation Bonds_Banks,3739.3895,FED_PROV,Federal Crown Corporation Bonds,Banks
40,2023-05-01,5,2023,Federal Crown Corporation Bonds_Institutional Clients,16383.387691,FED_PROV,Federal Crown Corporation Bonds,Institutional Clients
4,2023-05-01,5,2023,Federal Crown Corporation Bonds_Investment Dealers,4353.888116,FED_PROV,Federal Crown Corporation Bonds,Investment Dealers
76,2023-05-01,5,2023,Federal Crown Corporation Bonds_Issuer,6,FED_PROV,Federal Crown Corporation Bonds,Issuer
64,2023-05-01,5,2023,Federal Crown Corporation Bonds_Non-Residents,5532.912734,FED_PROV,Federal Crown Corporation Bonds,Non-Residents
52,2023-05-01,5,2023,Federal Crown Corporation Bonds_Retail Clients,431.49864,FED_PROV,Federal Crown Corporation Bonds,Retail Clients
100,2023-05-01,5,2023,Provincial Bonds_Anonymous Systems: IDBBs and ATSs,33066.1835,FED_PROV,Provincial Bonds,Anonymous Systems: IDBBs and ATSs
112,2023-05-01,5,2023,Provincial Bonds_Banks,4532.944716,FED_PROV,Provincial Bonds,Banks
124,2023-05-01,5,2023,Provincial Bonds_Institutional Clients,49955.672959,FED_PROV,Provincial Bonds,Institutional Clients
88,2023-05-01,5,2023,Provincial Bonds_Investment Dealers,5650.389005,FED_PROV,Provincial Bonds,Investment Dealers
160,2023-05-01,5,2023,Provincial Bonds_Issuer,1116.978,FED_PROV,Provincial Bonds,Issuer
148,2023-05-01,5,2023,Provincial Bonds_Non-Residents,6979.055452,FED_PROV,Provincial Bonds,Non-Residents
136,2023-05-01,5,2023,Provincial Bonds_Retail Clients,1216.887578,FED_PROV,Provincial Bonds,Retail Clients
17,2023-06-01,6,2023,Federal Crown Corporation Bonds_Anonymous Systems: IDBBs and ATSs,16386.1265,FED_PROV,Federal Crown Corporation Bonds,Anonymous Systems: IDBBs and ATSs
29,2023-06-01,6,2023,Federal Crown Corporation Bonds_Banks,5771.3165,FED_PROV,Federal Crown Corporation Bonds,Banks
41,2023-06-01,6,2023,Federal Crown Corporation Bonds_Institutional Clients,24971.678048,FED_PROV,Federal Crown Corporation Bonds,Institutional Clients
5,2023-06-01,6,2023,Federal Crown Corporation Bonds_Investment Dealers,5676.461826,FED_PROV,Federal Crown Corporation Bonds,Investment Dealers
77,2023-06-01,6,2023,Federal Crown Corporation Bonds_Issuer,0,FED_PROV,Federal Crown Corporation Bonds,Issuer
65,2023-06-01,6,2023,Federal Crown Corporation Bonds_Non-Residents,7539.689385,FED_PROV,Federal Crown Corporation Bonds,Non-Residents
53,2023-06-01,6,2023,Federal Crown Corporation Bonds_Retail Clients,608.996642,FED_PROV,Federal Crown Corporation Bonds,Retail Clients
101,2023-06-01,6,2023,Provincial Bonds_Anonymous Systems: IDBBs and ATSs,33321.7255,FED_PROV,Provincial Bonds,Anonymous Systems: IDBBs and ATSs
113,2023-06-01,6,2023,Provincial Bonds_Banks,4495.1675,FED_PROV,Provincial Bonds,Banks
125,2023-06-01,6,2023,Provincial Bonds_Institutional Clients,51795.926993,FED_PROV,Provincial Bonds,Institutional Clients
89,2023-06-01,6,2023,Provincial Bonds_Investment Dealers,6300.439484,FED_PROV,Provincial Bonds,Investment Dealers
161,2023-06-01,6,2023,Provincial Bonds_Issuer,672.168,FED_PROV,Provincial Bonds,Issuer
149,2023-06-01,6,2023,Provincial Bonds_Non-Residents,10590.382309,FED_PROV,Provincial Bonds,Non-Residents
137,2023-06-01,6,2023,Provincial Bonds_Retail Clients,1257.694417,FED_PROV,Provincial Bonds,Retail Clients
18,2023-07-01,7,2023,Federal Crown Corporation Bonds_Anonymous Systems: IDBBs and ATSs,11453.8905,FED_PROV,Federal Crown Corporation Bonds,Anonymous Systems: IDBBs and ATSs
30,2023-07-01,7,2023,Federal Crown Corporation Bonds_Banks,4171.923095,FED_PROV,Federal Crown Corporation Bonds,Banks
42,2023-07-01,7,2023,Federal Crown Corporation Bonds_Institutional Clients,10869.319488,FED_PROV,Federal Crown Corporation Bonds,Institutional Clients
6,2023-07-01,7,2023,Federal Crown Corporation Bonds_Investment Dealers,2708.327895,FED_PROV,Federal Crown Corporation Bonds,Investment Dealers
78,2023-07-01,7,2023,Federal Crown Corporation Bonds_Issuer,0,FED_PROV,Federal Crown Corporation Bonds,Issuer
66,2023-07-01,7,2023,Federal Crown Corporation Bonds_Non-Residents,6238.771401,FED_PROV,Federal Crown Corporation Bonds,Non-Residents
54,2023-07-01,7,2023,Federal Crown Corporation Bonds_Retail Clients,286.698633,FED_PROV,Federal Crown Corporation Bonds,Retail Clients
102,2023-07-01,7,2023,Provincial Bonds_Anonymous Systems: IDBBs and ATSs,22794.586,FED_PROV,Provincial Bonds,Anonymous Systems: IDBBs and ATSs
114,2023-07-01,7,2023,Provincial Bonds_Banks,3235.425545,FED_PROV,Provincial Bonds,Banks
126,2023-07-01,7,2023,Provincial Bonds_Institutional Clients,33467.861083,FED_PROV,Provincial Bonds,Institutional Clients
90,2023-07-01,7,2023,Provincial Bonds_Investment Dealers,4420.681329,FED_PROV,Provincial Bonds,Investment Dealers
162,2023-07-01,7,2023,Provincial Bonds_Issuer,638.415,FED_PROV,Provincial Bonds,Issuer
150,2023-07-01,7,2023,Provincial Bonds_Non-Residents,5866.272,FED_PROV,Provincial Bonds,Non-Residents
138,2023-07-01,7,2023,Provincial Bonds_Retail Clients,572.011759,FED_PROV,Provincial Bonds,Retail Clients
19,2023-08-01,8,2023,Federal Crown Corporation Bonds_Anonymous Systems: IDBBs and ATSs,14435.7115,FED_PROV,Federal Crown Corporation Bonds,Anonymous Systems: IDBBs and ATSs
31,2023-08-01,8,2023,Federal Crown Corporation Bonds_Banks,5719.7355,FED_PROV,Federal Crown Corporation Bonds,Banks
43,2023-08-01,8,2023,Federal Crown Corporation Bonds_Institutional Clients,17429.148068,FED_PROV,Federal Crown Corporation Bonds,Institutional Clients
7,2023-08-01,8,2023,Federal Crown Corporation Bonds_Investment Dealers,5188.12996,FED_PROV,Federal Crown Corporation Bonds,Investment Dealers
79,2023-08-01,8,2023,Federal Crown Corporation Bonds_Issuer,50,FED_PROV,Federal Crown Corporation Bonds,Issuer
67,2023-08-01,8,2023,Federal Crown Corporation Bonds_Non-Residents,5883.973878,FED_PROV,Federal Crown Corporation Bonds,Non-Residents
55,2023-08-01,8,2023,Federal Crown Corporation Bonds_Retail Clients,556.80894,FED_PROV,Federal Crown Corporation Bonds,Retail Clients
103,2023-08-01,8,2023,Provincial Bonds_Anonymous Systems: IDBBs and ATSs,23641.1755,FED_PROV,Provincial Bonds,Anonymous Systems: IDBBs and ATSs
115,2023-08-01,8,2023,Provincial Bonds_Banks,4598.0261,FED_PROV,Provincial Bonds,Banks
127,2023-08-01,8,2023,Provincial Bonds_Institutional Clients,46450.583326,FED_PROV,Provincial Bonds,Institutional Clients
91,2023-08-01,8,2023,Provincial Bonds_Investment Dealers,4365.94343,FED_PROV,Provincial Bonds,Investment Dealers
163,2023-08-01,8,2023,Provincial Bonds_Issuer,778.885,FED_PROV,Provincial Bonds,Issuer
151,2023-08-01,8,2023,Provincial Bonds_Non-Residents,5236.929941,FED_PROV,Provincial Bonds,Non-Residents
139,2023-08-01,8,2023,Provincial Bonds_Retail Clients,1402.444138,FED_PROV,Provincial Bonds,Retail Clients
20,2023-09-01,9,2023,Federal Crown Corporation Bonds_Anonymous Systems: IDBBs and ATSs,18232.604,FED_PROV,Federal Crown Corporation Bonds,Anonymous Systems: IDBBs and ATSs
32,2023-09-01,9,2023,Federal Crown Corporation Bonds_Banks,4234.57,FED_PROV,Federal Crown Corporation Bonds,Banks
44,2023-09-01,9,2023,Federal Crown Corporation Bonds_Institutional Clients,27281.46722,FED_PROV,Federal Crown Corporation Bonds,Institutional Clients
8,2023-09-01,9,2023,Federal Crown Corporation Bonds_Investment Dealers,4947.470584,FED_PROV,Federal Crown Corporation Bonds,Investment Dealers
80,2023-09-01,9,2023,Federal Crown Corporation Bonds_Issuer,14.002,FED_PROV,Federal Crown Corporation Bonds,Issuer
68,2023-09-01,9,2023,Federal Crown Corporation Bonds_Non-Residents,7205.099445,FED_PROV,Federal Crown Corporation Bonds,Non-Residents
56,2023-09-01,9,2023,Federal Crown Corporation Bonds_Retail Clients,672.626869,FED_PROV,Federal Crown Corporation Bonds,Retail Clients
104,2023-09-01,9,2023,Provincial Bonds_Anonymous Systems: IDBBs and ATSs,41203.391,FED_PROV,Provincial Bonds,Anonymous Systems: IDBBs and ATSs
116,2023-09-01,9,2023,Provincial Bonds_Banks,3570.7695,FED_PROV,Provincial Bonds,Banks
128,2023-09-01,9,2023,Provincial Bonds_Institutional Clients,55845.9447,FED_PROV,Provincial Bonds,Institutional Clients
92,2023-09-01,9,2023,Provincial Bonds_Investment Dealers,4937.581379,FED_PROV,Provincial Bonds,Investment Dealers
164,2023-09-01,9,2023,Provincial Bonds_Issuer,1657.56,FED_PROV,Provincial Bonds,Issuer
152,2023-09-01,9,2023,Provincial Bonds_Non-Residents,12342.860457,FED_PROV,Provincial Bonds,Non-Residents
140,2023-09-01,9,2023,Provincial Bonds_Retail Clients,1324.211472,FED_PROV,Provincial Bonds,Retail Clients
21,2023-10-01,10,2023,Federal Crown Corporation Bonds_Anonymous Systems: IDBBs and ATSs,15139.599,FED_PROV,Federal Crown Corporation Bonds,Anonymous Systems: IDBBs and ATSs
33,2023-10-01,10,2023,Federal Crown Corporation Bonds_Banks,3737.96,FED_PROV,Federal Crown Corporation Bonds,Banks
45,2023-10-01,10,2023,Federal Crown Corporation Bonds_Institutional Clients,16491.963692,FED_PROV,Federal Crown Corporation Bonds,Institutional Clients
9,2023-10-01,10,2023,Federal Crown Corporation Bonds_Investment Dealers,3382.1885,FED_PROV,Federal Crown Corporation Bonds,Investment Dealers
81,2023-10-01,10,2023,Federal Crown Corporation Bonds_Issuer,50,FED_PROV,Federal Crown Corporation Bonds,Issuer
69,2023-10-01,10,2023,Federal Crown Corporation Bonds_Non-Residents,6848.649085,FED_PROV,Federal Crown Corporation Bonds,Non-Residents
57,2023-10-01,10,2023,Federal Crown Corporation Bonds_Retail Clients,302.041765,FED_PROV,Federal Crown Corporation Bonds,Retail Clients
105,2023-10-01,10,2023,Provincial Bonds_Anonymous Systems: IDBBs and ATSs,40153.275,FED_PROV,Provincial Bonds,Anonymous Systems: IDBBs and ATSs
117,2023-10-01,10,2023,Provincial Bonds_Banks,3147.382548,FED_PROV,Provincial Bonds,Banks
129,2023-10-01,10,2023,Provincial Bonds_Institutional Clients,49954.057681,FED_PROV,Provincial Bonds,Institutional Clients
93,2023-10-01,10,2023,Provincial Bonds_Investment Dealers,4266.954418,FED_PROV,Provincial Bonds,Investment Dealers
165,2023-10-01,10,2023,Provincial Bonds_Issuer,226.6,FED_PROV,Provincial Bonds,Issuer
153,2023-10-01,10,2023,Provincial Bonds_Non-Residents,8542.73797,FED_PROV,Provincial Bonds,Non-Residents
141,2023-10-01,10,2023,Provincial Bonds_Retail Clients,1005.975175,FED_PROV,Provincial Bonds,Retail Clients
22,2023-11-01,11,2023,Federal Crown Corporation Bonds_Anonymous Systems: IDBBs and ATSs,19369.7465,FED_PROV,Federal Crown Corporation Bonds,Anonymous Systems: IDBBs and ATSs
34,2023-11-01,11,2023,Federal Crown Corporation Bonds_Banks,9419.0145,FED_PROV,Federal Crown Corporation Bonds,Banks
46,2023-11-01,11,2023,Federal Crown Corporation Bonds_Institutional Clients,27098.424519,FED_PROV,Federal Crown Corporation Bonds,Institutional Clients
10,2023-11-01,11,2023,Federal Crown Corporation Bonds_Investment Dealers,7793.54655,FED_PROV,Federal Crown Corporation Bonds,Investment Dealers
82,2023-11-01,11,2023,Federal Crown Corporation Bonds_Issuer,5,FED_PROV,Federal Crown Corporation Bonds,Issuer
70,2023-11-01,11,2023,Federal Crown Corporation Bonds_Non-Residents,8042.226043,FED_PROV,Federal Crown Corporation Bonds,Non-Residents
58,2023-11-01,11,2023,Federal Crown Corporation Bonds_Retail Clients,345.770948,FED_PROV,Federal Crown Corporation Bonds,Retail Clients
106,2023-11-01,11,2023,Provincial Bonds_Anonymous Systems: IDBBs and ATSs,34628.2835,FED_PROV,Provincial Bonds,Anonymous Systems: IDBBs and ATSs
118,2023-11-01,11,2023,Provincial Bonds_Banks,4711.643,FED_PROV,Provincial Bonds,Banks
130,2023-11-01,11,2023,Provincial Bonds_Institutional Clients,50906.058928,FED_PROV,Provincial Bonds,Institutional Clients
94,2023-11-01,11,2023,Provincial Bonds_Investment Dealers,4842.409097,FED_PROV,Provincial Bonds,Investment Dealers
166,2023-11-01,11,2023,Provincial Bonds_Issuer,648.475,FED_PROV,Provincial Bonds,Issuer
154,2023-11-01,11,2023,Provincial Bonds_Non-Residents,14804.790921,FED_PROV,Provincial Bonds,Non-Residents
142,2023-11-01,11,2023,Provincial Bonds_Retail Clients,1045.994161,FED_PROV,Provincial Bonds,Retail Clients
23,2023-12-01,12,2023,Federal Crown Corporation Bonds_Anonymous Systems: IDBBs and ATSs,19706.5315,FED_PROV,Federal Crown Corporation Bonds,Anonymous Systems: IDBBs and ATSs
35,2023-12-01,12,2023,Federal Crown Corporation Bonds_Banks,5558.23676,FED_PROV,Federal Crown Corporation Bonds,Banks
47,2023-12-01,12,2023,Federal Crown Corporation Bonds_Institutional Clients,21188.542162,FED_PROV,Federal Crown Corporation Bonds,Institutional Clients
11,2023-12-01,12,2023,Federal Crown Corporation Bonds_Investment Dealers,5159.50936,FED_PROV,Federal Crown Corporation Bonds,Investment Dealers
83,2023-12-01,12,2023,Federal Crown Corporation Bonds_Issuer,71,FED_PROV,Federal Crown Corporation Bonds,Issuer
71,2023-12-01,12,2023,Federal Crown Corporation Bonds_Non-Residents,7848.498971,FED_PROV,Federal Crown Corporation Bonds,Non-Residents
59,2023-12-01,12,2023,Federal Crown Corporation Bonds_Retail Clients,526.12068,FED_PROV,Federal Crown Corporation Bonds,Retail Clients
107,2023-12-01,12,2023,Provincial Bonds_Anonymous Systems: IDBBs and ATSs,33951.0565,FED_PROV,Provincial Bonds,Anonymous Systems: IDBBs and ATSs
119,2023-12-01,12,2023,Provincial Bonds_Banks,3570.77679,FED_PROV,Provincial Bonds,Banks
131,2023-12-01,12,2023,Provincial Bonds_Institutional Clients,45427.926025,FED_PROV,Provincial Bonds,Institutional Clients
95,2023-12-01,12,2023,Provincial Bonds_Investment Dealers,4366.891683,FED_PROV,Provincial Bonds,Investment Dealers
167,2023-12-01,12,2023,Provincial Bonds_Issuer,863.933,FED_PROV,Provincial Bonds,Issuer
155,2023-12-01,12,2023,Provincial Bonds_Non-Residents,13956.123739,FED_PROV,Provincial Bonds,Non-Residents
143,2023-12-01,12,2023,Provincial Bonds_Retail Clients,1091.243068,FED_PROV,Provincial Bonds,Retail Clients
12,2024-01-01,1,2024,Federal Crown Corporation Bonds_Anonymous Systems: IDBBs and ATSs,24048.819,FED_PROV,Federal Crown Corporation Bonds,Anonymous Systems: IDBBs and ATSs
24,2024-01-01,1,2024,Federal Crown Corporation Bonds_Banks,6065.985334,FED_PROV,Federal Crown Corporation Bonds,Banks
36,2024-01-01,1,2024,Federal Crown Corporation Bonds_Institutional Clients,18090.895,FED_PROV,Federal Crown Corporation Bonds,Institutional Clients
0,2024-01-01,1,2024,Federal Crown Corporation Bonds_Investment Dealers,5612.147844,FED_PROV,Federal Crown Corporation Bonds,Investment Dealers
72,2024-01-01,1,2024,Federal Crown Corporation Bonds_Issuer,0,FED_PROV,Federal Crown Corporation Bonds,Issuer
60,2024-01-01,1,2024,Federal Crown Corporation Bonds_Non-Residents,9593.237,FED_PROV,Federal Crown Corporation Bonds,Non-Residents
48,2024-01-01,1,2024,Federal Crown Corporation Bonds_Retail Clients,403.583704,FED_PROV,Federal Crown Corporation Bonds,Retail Clients
96,2024-01-01,1,2024,Provincial Bonds_Anonymous Systems: IDBBs and ATSs,41647.3535,FED_PROV,Provincial Bonds,Anonymous Systems: IDBBs and ATSs
108,2024-01-01,1,2024,Provincial Bonds_Banks,3587.45419,FED_PROV,Provincial Bonds,Banks
120,2024-01-01,1,2024,Provincial Bonds_Institutional Clients,55563.743,FED_PROV,Provincial Bonds,Institutional Clients
84,2024-01-01,1,2024,Provincial Bonds_Investment Dealers,5264.73157,FED_PROV,Provincial Bonds,Investment Dealers
156,2024-01-01,1,2024,Provincial Bonds_Issuer,449.846,FED_PROV,Provincial Bonds,Issuer
144,2024-01-01,1,2024,Provincial Bonds_Non-Residents,15301.858605,FED_PROV,Provincial Bonds,Non-Residents
132,2024-01-01,1,2024,Provincial Bonds_Retail Clients,867.409224,FED_PROV,Provincial Bonds,Retail Clients
13,2024-02-01,2,2024,Federal Crown Corporation Bonds_Anonymous Systems: IDBBs and ATSs,18768.0575,FED_PROV,Federal Crown Corporation Bonds,Anonymous Systems: IDBBs and ATSs
25,2024-02-01,2,2024,Federal Crown Corporation Bonds_Banks,5063.8435,FED_PROV,Federal Crown Corporation Bonds,Banks
37,2024-02-01,2,2024,Federal Crown Corporation Bonds_Institutional Clients,21219.269187,FED_PROV,Federal Crown Corporation Bonds,Institutional Clients
1,2024-02-01,2,2024,Federal Crown Corporation Bonds_Investment Dealers,7467.6777,FED_PROV,Federal Crown Corporation Bonds,Investment Dealers
73,2024-02-01,2,2024,Federal Crown Corporation Bonds_Issuer,0,FED_PROV,Federal Crown Corporation Bonds,Issuer
61,2024-02-01,2,2024,Federal Crown Corporation Bonds_Non-Residents,9510.231949,FED_PROV,Federal Crown Corporation Bonds,Non-Residents
49,2024-02-01,2,2024,Federal Crown Corporation Bonds_Retail Clients,459.41302,FED_PROV,Federal Crown Corporation Bonds,Retail Clients
97,2024-02-01,2,2024,Provincial Bonds_Anonymous Systems: IDBBs and ATSs,41658.6225,FED_PROV,Provincial Bonds,Anonymous Systems: IDBBs and ATSs
109,2024-02-01,2,2024,Provincial Bonds_Banks,3844.1435,FED_PROV,Provincial Bonds,Banks
121,2024-02-01,2,2024,Provincial Bonds_Institutional Clients,58311.851054,FED_PROV,Provincial Bonds,Institutional Clients
85,2024-02-01,2,2024,Provincial Bonds_Investment Dealers,11333.797167,FED_PROV,Provincial Bonds,Investment Dealers
157,2024-02-01,2,2024,Provincial Bonds_Issuer,969.8,FED_PROV,Provincial Bonds,Issuer
145,2024-02-01,2,2024,Provincial Bonds_Non-Residents,16982.346999,FED_PROV,Provincial Bonds,Non-Residents
133,2024-02-01,2,2024,Provincial Bonds_Retail Clients,1127.787577,FED_PROV,Provincial Bonds,Retail Clients
14,2024-03-01,3,2024,Federal Crown Corporation Bonds_Anonymous Systems: IDBBs and ATSs,21112.991,FED_PROV,Federal Crown Corporation Bonds,Anonymous Systems: IDBBs and ATSs
26,2024-03-01,3,2024,Federal Crown Corporation Bonds_Banks,6790.268,FED_PROV,Federal Crown Corporation Bonds,Banks
38,2024-03-01,3,2024,Federal Crown Corporation Bonds_Institutional Clients,23236.62853,FED_PROV,Federal Crown Corporation Bonds,Institutional Clients
2,2024-03-01,3,2024,Federal Crown Corporation Bonds_Investment Dealers,8551.3594,FED_PROV,Federal Crown Corporation Bonds,Investment Dealers
74,2024-03-01,3,2024,Federal Crown Corporation Bonds_Issuer,0,FED_PROV,Federal Crown Corporation Bonds,Issuer
62,2024-03-01,3,2024,Federal Crown Corporation Bonds_Non-Residents,8404.766582,FED_PROV,Federal Crown Corporation Bonds,Non-Residents
50,2024-03-01,3,2024,Federal Crown Corporation Bonds_Retail Clients,573.209021,FED_PROV,Federal Crown Corporation Bonds,Retail Clients
98,2024-03-01,3,2024,Provincial Bonds_Anonymous Systems: IDBBs and ATSs,30840.544,FED_PROV,Provincial Bonds,Anonymous Systems: IDBBs and ATSs
110,2024-03-01,3,2024,Provincial Bonds_Banks,5595.956337,FED_PROV,Provincial Bonds,Banks
122,2024-03-01,3,2024,Provincial Bonds_Institutional Clients,54268.955079,FED_PROV,Provincial Bonds,Institutional Clients
86,2024-03-01,3,2024,Provincial Bonds_Investment Dealers,12528.357746,FED_PROV,Provincial Bonds,Investment Dealers
158,2024-03-01,3,2024,Provincial Bonds_Issuer,400,FED_PROV,Provincial Bonds,Issuer
146,2024-03-01,3,2024,Provincial Bonds_Non-Residents,12779.724734,FED_PROV,Provincial Bonds,Non-Residents
134,2024-03-01,3,2024,Provincial Bonds_Retail Clients,1125.731323,FED_PROV,Provincial Bonds,Retail Clients
15,2024-04-01,4,2024,Federal Crown Corporation Bonds_Anonymous Systems: IDBBs and ATSs,23913.015,FED_PROV,Federal Crown Corporation Bonds,Anonymous Systems: IDBBs and ATSs
27,2024-04-01,4,2024,Federal Crown Corporation Bonds_Banks,5150.11524,FED_PROV,Federal Crown Corporation Bonds,Banks
39,2024-04-01,4,2024,Federal Crown Corporation Bonds_Institutional Clients,19215.1039,FED_PROV,Federal Crown Corporation Bonds,Institutional Clients
3,2024-04-01,4,2024,Federal Crown Corporation Bonds_Investment Dealers,7112.614749,FED_PROV,Federal Crown Corporation Bonds,Investment Dealers
75,2024-04-01,4,2024,Federal Crown Corporation Bonds_Issuer,25,FED_PROV,Federal Crown Corporation Bonds,Issuer
63,2024-04-01,4,2024,Federal Crown Corporation Bonds_Non-Residents,10023.32693,FED_PROV,Federal Crown Corporation Bonds,Non-Residents
51,2024-04-01,4,2024,Federal Crown Corporation Bonds_Retail Clients,648.042887,FED_PROV,Federal Crown Corporation Bonds,Retail Clients
99,2024-04-01,4,2024,Provincial Bonds_Anonymous Systems: IDBBs and ATSs,33852.457,FED_PROV,Provincial Bonds,Anonymous Systems: IDBBs and ATSs
111,2024-04-01,4,2024,Provincial Bonds_Banks,4308.40288,FED_PROV,Provincial Bonds,Banks
123,2024-04-01,4,2024,Provincial Bonds_Institutional Clients,63936.334696,FED_PROV,Provincial Bonds,Institutional Clients
87,2024-04-01,4,2024,Provincial Bonds_Investment Dealers,11024.925494,FED_PROV,Provincial Bonds,Investment Dealers
159,2024-04-01,4,2024,Provincial Bonds_Issuer,1307.424,FED_PROV,Provincial Bonds,Issuer
147,2024-04-01,4,2024,Provincial Bonds_Non-Residents,14583.603973,FED_PROV,Provincial Bonds,Non-Residents
135,2024-04-01,4,2024,Provincial Bonds_Retail Clients,1286.094808,FED_PROV,Provincial Bonds,Retail Clients
16,2024-05-01,5,2024,Federal Crown Corporation Bonds_Anonymous Systems: IDBBs and ATSs,26229.625,FED_PROV,Federal Crown Corporation Bonds,Anonymous Systems: IDBBs and ATSs
28,2024-05-01,5,2024,Federal Crown Corporation Bonds_Banks,5809.439,FED_PROV,Federal Crown Corporation Bonds,Banks
40,2024-05-01,5,2024,Federal Crown Corporation Bonds_Institutional Clients,26040.080577,FED_PROV,Federal Crown Corporation Bonds,Institutional Clients
4,2024-05-01,5,2024,Federal Crown Corporation Bonds_Investment Dealers,6273.065223,FED_PROV,Federal Crown Corporation Bonds,Investment Dealers
76,2024-05-01,5,2024,Federal Crown Corporation Bonds_Issuer,50,FED_PROV,Federal Crown Corporation Bonds,Issuer
64,2024-05-01,5,2024,Federal Crown Corporation Bonds_Non-Residents,10019.442769,FED_PROV,Federal Crown Corporation Bonds,Non-Residents
52,2024-05-01,5,2024,Federal Crown Corporation Bonds_Retail Clients,446.187826,FED_PROV,Federal Crown Corporation Bonds,Retail Clients
100,2024-05-01,5,2024,Provincial Bonds_Anonymous Systems: IDBBs and ATSs,38926.54,FED_PROV,Provincial Bonds,Anonymous Systems: IDBBs and ATSs
112,2024-05-01,5,2024,Provincial Bonds_Banks,4529.97595,FED_PROV,Provincial Bonds,Banks
124,2024-05-01,5,2024,Provincial Bonds_Institutional Clients,61403.580932,FED_PROV,Provincial Bonds,Institutional Clients
88,2024-05-01,5,2024,Provincial Bonds_Investment Dealers,6264.209849,FED_PROV,Provincial Bonds,Investment Dealers
160,2024-05-01,5,2024,Provincial Bonds_Issuer,1155.892,FED_PROV,Provincial Bonds,Issuer
148,2024-05-01,5,2024,Provincial Bonds_Non-Residents,10986.996462,FED_PROV,Provincial Bonds,Non-Residents
136,2024-05-01,5,2024,Provincial Bonds_Retail Clients,982.244379,FED_PROV,Provincial Bonds,Retail Clients
17,2024-06-01,6,2024,Federal Crown Corporation Bonds_Anonymous Systems: IDBBs and ATSs,23967.523,FED_PROV,Federal Crown Corporation Bonds,Anonymous Systems: IDBBs and ATSs
29,2024-06-01,6,2024,Federal Crown Corporation Bonds_Banks,5014.887,FED_PROV,Federal Crown Corporation Bonds,Banks
41,2024-06-01,6,2024,Federal Crown Corporation Bonds_Institutional Clients,25993.175669,FED_PROV,Federal Crown Corporation Bonds,Institutional Clients
5,2024-06-01,6,2024,Federal Crown Corporation Bonds_Investment Dealers,6983.7601,FED_PROV,Federal Crown Corporation Bonds,Investment Dealers
77,2024-06-01,6,2024,Federal Crown Corporation Bonds_Issuer,100,FED_PROV,Federal Crown Corporation Bonds,Issuer
65,2024-06-01,6,2024,Federal Crown Corporation Bonds_Non-Residents,11319.914022,FED_PROV,Federal Crown Corporation Bonds,Non-Residents
53,2024-06-01,6,2024,Federal Crown Corporation Bonds_Retail Clients,1095.727345,FED_PROV,Federal Crown Corporation Bonds,Retail Clients
101,2024-06-01,6,2024,Provincial Bonds_Anonymous Systems: IDBBs and ATSs,39699.42,FED_PROV,Provincial Bonds,Anonymous Systems: IDBBs and ATSs
113,2024-06-01,6,2024,Provincial Bonds_Banks,3020.663,FED_PROV,Provincial Bonds,Banks
125,2024-06-01,6,2024,Provincial Bonds_Institutional Clients,63755.612351,FED_PROV,Provincial Bonds,Institutional Clients
89,2024-06-01,6,2024,Provincial Bonds_Investment Dealers,10547.624761,FED_PROV,Provincial Bonds,Investment Dealers
161,2024-06-01,6,2024,Provincial Bonds_Issuer,700,FED_PROV,Provincial Bonds,Issuer
149,2024-06-01,6,2024,Provincial Bonds_Non-Residents,14681.655197,FED_PROV,Provincial Bonds,Non-Residents
137,2024-06-01,6,2024,Provincial Bonds_Retail Clients,2099.4809,FED_PROV,Provincial Bonds,Retail Clients
18,2024-07-01,7,2024,Federal Crown Corporation Bonds_Anonymous Systems: IDBBs and ATSs,21138.9305,FED_PROV,Federal Crown Corporation Bonds,Anonymous Systems: IDBBs and ATSs
30,2024-07-01,7,2024,Federal Crown Corporation Bonds_Banks,6989.752,FED_PROV,Federal Crown Corporation Bonds,Banks
42,2024-07-01,7,2024,Federal Crown Corporation Bonds_Institutional Clients,16951.04399,FED_PROV,Federal Crown Corporation Bonds,Institutional Clients
6,2024-07-01,7,2024,Federal Crown Corporation Bonds_Investment Dealers,8956.80395,FED_PROV,Federal Crown Corporation Bonds,Investment Dealers
78,2024-07-01,7,2024,Federal Crown Corporation Bonds_Issuer,50,FED_PROV,Federal Crown Corporation Bonds,Issuer
66,2024-07-01,7,2024,Federal Crown Corporation Bonds_Non-Residents,11987.116689,FED_PROV,Federal Crown Corporation Bonds,Non-Residents
54,2024-07-01,7,2024,Federal Crown Corporation Bonds_Retail Clients,317.405557,FED_PROV,Federal Crown Corporation Bonds,Retail Clients
102,2024-07-01,7,2024,Provincial Bonds_Anonymous Systems: IDBBs and ATSs,40512.5005,FED_PROV,Provincial Bonds,Anonymous Systems: IDBBs and ATSs
114,2024-07-01,7,2024,Provincial Bonds_Banks,3534.57715,FED_PROV,Provincial Bonds,Banks
126,2024-07-01,7,2024,Provincial Bonds_Institutional Clients,58472.701668,FED_PROV,Provincial Bonds,Institutional Clients
90,2024-07-01,7,2024,Provincial Bonds_Investment Dealers,11517.327099,FED_PROV,Provincial Bonds,Investment Dealers
162,2024-07-01,7,2024,Provincial Bonds_Issuer,1094.085,FED_PROV,Provincial Bonds,Issuer
150,2024-07-01,7,2024,Provincial Bonds_Non-Residents,12720.786551,FED_PROV,Provincial Bonds,Non-Residents
138,2024-07-01,7,2024,Provincial Bonds_Retail Clients,1066.054358,FED_PROV,Provincial Bonds,Retail Clients
19,2024-08-01,8,2024,Federal Crown Corporation Bonds_Anonymous Systems: IDBBs and ATSs,16030.8285,FED_PROV,Federal Crown Corporation Bonds,Anonymous Systems: IDBBs and ATSs
31,2024-08-01,8,2024,Federal Crown Corporation Bonds_Banks,8732.381,FED_PROV,Federal Crown Corporation Bonds,Banks
43,2024-08-01,8,2024,Federal Crown Corporation Bonds_Institutional Clients,23572.607982,FED_PROV,Federal Crown Corporation Bonds,Institutional Clients
7,2024-08-01,8,2024,Federal Crown Corporation Bonds_Investment Dealers,7985.58785,FED_PROV,Federal Crown Corporation Bonds,Investment Dealers
79,2024-08-01,8,2024,Federal Crown Corporation Bonds_Issuer,0,FED_PROV,Federal Crown Corporation Bonds,Issuer
67,2024-08-01,8,2024,Federal Crown Corporation Bonds_Non-Residents,12567.688185,FED_PROV,Federal Crown Corporation Bonds,Non-Residents
55,2024-08-01,8,2024,Federal Crown Corporation Bonds_Retail Clients,524.121345,FED_PROV,Federal Crown Corporation Bonds,Retail Clients
103,2024-08-01,8,2024,Provincial Bonds_Anonymous Systems: IDBBs and ATSs,34955.7725,FED_PROV,Provincial Bonds,Anonymous Systems: IDBBs and ATSs
115,2024-08-01,8,2024,Provincial Bonds_Banks,5217.3835,FED_PROV,Provincial Bonds,Banks
127,2024-08-01,8,2024,Provincial Bonds_Institutional Clients,58514.41246,FED_PROV,Provincial Bonds,Institutional Clients
91,2024-08-01,8,2024,Provincial Bonds_Investment Dealers,6010.87761,FED_PROV,Provincial Bonds,Investment Dealers
163,2024-08-01,8,2024,Provincial Bonds_Issuer,1253.769,FED_PROV,Provincial Bonds,Issuer
151,2024-08-01,8,2024,Provincial Bonds_Non-Residents,10841.60478,FED_PROV,Provincial Bonds,Non-Residents
139,2024-08-01,8,2024,Provincial Bonds_Retail Clients,920.811479,FED_PROV,Provincial Bonds,Retail Clients
20,2024-09-01,9,2024,Federal Crown Corporation Bonds_Anonymous Systems: IDBBs and ATSs,30049.018,FED_PROV,Federal Crown Corporation Bonds,Anonymous Systems: IDBBs and ATSs
32,2024-09-01,9,2024,Federal Crown Corporation Bonds_Banks,7093.9032,FED_PROV,Federal Crown Corporation Bonds,Banks
44,2024-09-01,9,2024,Federal Crown Corporation Bonds_Institutional Clients,27425.735079,FED_PROV,Federal Crown Corporation Bonds,Institutional Clients
8,2024-09-01,9,2024,Federal Crown Corporation Bonds_Investment Dealers,8078.156588,FED_PROV,Federal Crown Corporation Bonds,Investment Dealers
80,2024-09-01,9,2024,Federal Crown Corporation Bonds_Issuer,50,FED_PROV,Federal Crown Corporation Bonds,Issuer
68,2024-09-01,9,2024,Federal Crown Corporation Bonds_Non-Residents,12244.530194,FED_PROV,Federal Crown Corporation Bonds,Non-Residents
56,2024-09-01,9,2024,Federal Crown Corporation Bonds_Retail Clients,600.210595,FED_PROV,Federal Crown Corporation Bonds,Retail Clients
104,2024-09-01,9,2024,Provincial Bonds_Anonymous Systems: IDBBs and ATSs,45885.1855,FED_PROV,Provincial Bonds,Anonymous Systems: IDBBs and ATSs
116,2024-09-01,9,2024,Provincial Bonds_Banks,2984.207294,FED_PROV,Provincial Bonds,Banks
128,2024-09-01,9,2024,Provincial Bonds_Institutional Clients,57144.820717,FED_PROV,Provincial Bonds,Institutional Clients
92,2024-09-01,9,2024,Provincial Bonds_Investment Dealers,5478.962989,FED_PROV,Provincial Bonds,Investment Dealers
164,2024-09-01,9,2024,Provincial Bonds_Issuer,528.85,FED_PROV,Provincial Bonds,Issuer
152,2024-09-01,9,2024,Provincial Bonds_Non-Residents,13504.943102,FED_PROV,Provincial Bonds,Non-Residents
140,2024-09-01,9,2024,Provincial Bonds_Retail Clients,913.887925,FED_PROV,Provincial Bonds,Retail Clients
21,2024-10-01,10,2024,Federal Crown Corporation Bonds_Anonymous Systems: IDBBs and ATSs,22677.381,FED_PROV,Federal Crown Corporation Bonds,Anonymous Systems: IDBBs and ATSs
33,2024-10-01,10,2024,Federal Crown Corporation Bonds_Banks,3608.5501,FED_PROV,Federal Crown Corporation Bonds,Banks
45,2024-10-01,10,2024,Federal Crown Corporation Bonds_Institutional Clients,20437.939927,FED_PROV,Federal Crown Corporation Bonds,Institutional Clients
9,2024-10-01,10,2024,Federal Crown Corporation Bonds_Investment Dealers,4152.04509,FED_PROV,Federal Crown Corporation Bonds,Investment Dealers
81,2024-10-01,10,2024,Federal Crown Corporation Bonds_Issuer,0,FED_PROV,Federal Crown Corporation Bonds,Issuer
69,2024-10-01,10,2024,Federal Crown Corporation Bonds_Non-Residents,12440.209564,FED_PROV,Federal Crown Corporation Bonds,Non-Residents
57,2024-10-01,10,2024,Federal Crown Corporation Bonds_Retail Clients,689.349648,FED_PROV,Federal Crown Corporation Bonds,Retail Clients
105,2024-10-01,10,2024,Provincial Bonds_Anonymous Systems: IDBBs and ATSs,46511.0105,FED_PROV,Provincial Bonds,Anonymous Systems: IDBBs and ATSs
117,2024-10-01,10,2024,Provincial Bonds_Banks,5308.5452,FED_PROV,Provincial Bonds,Banks
129,2024-10-01,10,2024,Provincial Bonds_Institutional Clients,76283.96012,FED_PROV,Provincial Bonds,Institutional Clients
93,2024-10-01,10,2024,Provincial Bonds_Investment Dealers,6246.829639,FED_PROV,Provincial Bonds,Investment Dealers
165,2024-10-01,10,2024,Provincial Bonds_Issuer,336.86,FED_PROV,Provincial Bonds,Issuer
153,2024-10-01,10,2024,Provincial Bonds_Non-Residents,13157.810602,FED_PROV,Provincial Bonds,Non-Residents
141,2024-10-01,10,2024,Provincial Bonds_Retail Clients,1316.305636,FED_PROV,Provincial Bonds,Retail Clients
22,2024-11-01,11,2024,Federal Crown Corporation Bonds_Anonymous Systems: IDBBs and ATSs,21555.054,FED_PROV,Federal Crown Corporation Bonds,Anonymous Systems: IDBBs and ATSs
34,2024-11-01,11,2024,Federal Crown Corporation Bonds_Banks,8203.3335,FED_PROV,Federal Crown Corporation Bonds,Banks
46,2024-11-01,11,2024,Federal Crown Corporation Bonds_Institutional Clients,25997.233342,FED_PROV,Federal Crown Corporation Bonds,Institutional Clients
10,2024-11-01,11,2024,Federal Crown Corporation Bonds_Investment Dealers,9290.841195,FED_PROV,Federal Crown Corporation Bonds,Investment Dealers
82,2024-11-01,11,2024,Federal Crown Corporation Bonds_Issuer,0,FED_PROV,Federal Crown Corporation Bonds,Issuer
70,2024-11-01,11,2024,Federal Crown Corporation Bonds_Non-Residents,12058.402536,FED_PROV,Federal Crown Corporation Bonds,Non-Residents
58,2024-11-01,11,2024,Federal Crown Corporation Bonds_Retail Clients,577.556172,FED_PROV,Federal Crown Corporation Bonds,Retail Clients
106,2024-11-01,11,2024,Provincial Bonds_Anonymous Systems: IDBBs and ATSs,37327.4915,FED_PROV,Provincial Bonds,Anonymous Systems: IDBBs and ATSs
118,2024-11-01,11,2024,Provincial Bonds_Banks,5496.99036,FED_PROV,Provincial Bonds,Banks
130,2024-11-01,11,2024,Provincial Bonds_Institutional Clients,66469.122027,FED_PROV,Provincial Bonds,Institutional Clients
94,2024-11-01,11,2024,Provincial Bonds_Investment Dealers,8856.022368,FED_PROV,Provincial Bonds,Investment Dealers
166,2024-11-01,11,2024,Provincial Bonds_Issuer,493.805,FED_PROV,Provincial Bonds,Issuer
154,2024-11-01,11,2024,Provincial Bonds_Non-Residents,12669.535164,FED_PROV,Provincial Bonds,Non-Residents
142,2024-11-01,11,2024,Provincial Bonds_Retail Clients,854.074291,FED_PROV,Provincial Bonds,Retail Clients
23,2024-12-01,12,2024,Federal Crown Corporation Bonds_Anonymous Systems: IDBBs and ATSs,22676.31,FED_PROV,Federal Crown Corporation Bonds,Anonymous Systems: IDBBs and ATSs
35,2024-12-01,12,2024,Federal Crown Corporation Bonds_Banks,9618.9655,FED_PROV,Federal Crown Corporation Bonds,Banks
47,2024-12-01,12,2024,Federal Crown Corporation Bonds_Institutional Clients,25907.235288,FED_PROV,Federal Crown Corporation Bonds,Institutional Clients
11,2024-12-01,12,2024,Federal Crown Corporation Bonds_Investment Dealers,8973.4634,FED_PROV,Federal Crown Corporation Bonds,Investment Dealers
83,2024-12-01,12,2024,Federal Crown Corporation Bonds_Issuer,370,FED_PROV,Federal Crown Corporation Bonds,Issuer
71,2024-12-01,12,2024,Federal Crown Corporation Bonds_Non-Residents,11397.63449,FED_PROV,Federal Crown Corporation Bonds,Non-Residents
59,2024-12-01,12,2024,Federal Crown Corporation Bonds_Retail Clients,798.315237,FED_PROV,Federal Crown Corporation Bonds,Retail Clients
107,2024-12-01,12,2024,Provincial Bonds_Anonymous Systems: IDBBs and ATSs,35027.232,FED_PROV,Provincial Bonds,Anonymous Systems: IDBBs and ATSs
119,2024-12-01,12,2024,Provincial Bonds_Banks,6972.56225,FED_PROV,Provincial Bonds,Banks
131,2024-12-01,12,2024,Provincial Bonds_Institutional Clients,61847.999388,FED_PROV,Provincial Bonds,Institutional Clients
95,2024-12-01,12,2024,Provincial Bonds_Investment Dealers,8234.286895,FED_PROV,Provincial Bonds,Investment Dealers
167,2024-12-01,12,2024,Provincial Bonds_Issuer,891.96,FED_PROV,Provincial Bonds,Issuer
155,2024-12-01,12,2024,Provincial Bonds_Non-Residents,12880.689166,FED_PROV,Provincial Bonds,Non-Residents
143,2024-12-01,12,2024,Provincial Bonds_Retail Clients,1496.079383,FED_PROV,Provincial Bonds,Retail Clients
12,2025-01-01,1,2025,Federal Crown Corporation Bonds_Anonymous Systems: IDBBs and ATSs,27655.7105,FED_PROV,Federal Crown Corporation Bonds,Anonymous Systems: IDBBs and ATSs
24,2025-01-01,1,2025,Federal Crown Corporation Bonds_Banks,6239.3865,FED_PROV,Federal Crown Corporation Bonds,Banks
36,2025-01-01,1,2025,Federal Crown Corporation Bonds_Institutional Clients,25345.6528,FED_PROV,Federal Crown Corporation Bonds,Institutional Clients
0,2025-01-01,1,2025,Federal Crown Corporation Bonds_Investment Dealers,6660.7877,FED_PROV,Federal Crown Corporation Bonds,Investment Dealers
72,2025-01-01,1,2025,Federal Crown Corporation Bonds_Issuer,50,FED_PROV,Federal Crown Corporation Bonds,Issuer
60,2025-01-01,1,2025,Federal Crown Corporation Bonds_Non-Residents,16213.353824,FED_PROV,Federal Crown Corporation Bonds,Non-Residents
48,2025-01-01,1,2025,Federal Crown Corporation Bonds_Retail Clients,410.550493,FED_PROV,Federal Crown Corporation Bonds,Retail Clients
96,2025-01-01,1,2025,Provincial Bonds_Anonymous Systems: IDBBs and ATSs,43245.5735,FED_PROV,Provincial Bonds,Anonymous Systems: IDBBs and ATSs
108,2025-01-01,1,2025,Provincial Bonds_Banks,4899.13935,FED_PROV,Provincial Bonds,Banks
120,2025-01-01,1,2025,Provincial Bonds_Institutional Clients,72101.900868,FED_PROV,Provincial Bonds,Institutional Clients
84,2025-01-01,1,2025,Provincial Bonds_Investment Dealers,6313.26611,FED_PROV,Provincial Bonds,Investment Dealers
156,2025-01-01,1,2025,Provincial Bonds_Issuer,718.1,FED_PROV,Provincial Bonds,Issuer
144,2025-01-01,1,2025,Provincial Bonds_Non-Residents,17044.022968,FED_PROV,Provincial Bonds,Non-Residents
132,2025-01-01,1,2025,Provincial Bonds_Retail Clients,1005.741599,FED_PROV,Provincial Bonds,Retail Clients
13,2025-02-01,2,2025,Federal Crown Corporation Bonds_Anonymous Systems: IDBBs and ATSs,23776.83,FED_PROV,Federal Crown Corporation Bonds,Anonymous Systems: IDBBs and ATSs
25,2025-02-01,2,2025,Federal Crown Corporation Bonds_Banks,5674.182,FED_PROV,Federal Crown Corporation Bonds,Banks
37,2025-02-01,2,2025,Federal Crown Corporation Bonds_Institutional Clients,24236.839413,FED_PROV,Federal Crown Corporation Bonds,Institutional Clients
1,2025-02-01,2,2025,Federal Crown Corporation Bonds_Investment Dealers,6707.807823,FED_PROV,Federal Crown Corporation Bonds,Investment Dealers
73,2025-02-01,2,2025,Federal Crown Corporation Bonds_Issuer,0,FED_PROV,Federal Crown Corporation Bonds,Issuer
61,2025-02-01,2,2025,Federal Crown Corporation Bonds_Non-Residents,15301.514227,FED_PROV,Federal Crown Corporation Bonds,Non-Residents
49,2025-02-01,2,2025,Federal Crown Corporation Bonds_Retail Clients,611.572934,FED_PROV,Federal Crown Corporation Bonds,Retail Clients
97,2025-02-01,2,2025,Provincial Bonds_Anonymous Systems: IDBBs and ATSs,41446.7425,FED_PROV,Provincial Bonds,Anonymous Systems: IDBBs and ATSs
109,2025-02-01,2,2025,Provincial Bonds_Banks,4843.972834,FED_PROV,Provincial Bonds,Banks
121,2025-02-01,2,2025,Provincial Bonds_Institutional Clients,62731.78143,FED_PROV,Provincial Bonds,Institutional Clients
85,2025-02-01,2,2025,Provincial Bonds_Investment Dealers,5697.29989,FED_PROV,Provincial Bonds,Investment Dealers
157,2025-02-01,2,2025,Provincial Bonds_Issuer,80,FED_PROV,Provincial Bonds,Issuer
145,2025-02-01,2,2025,Provincial Bonds_Non-Residents,15462.730458,FED_PROV,Provincial Bonds,Non-Residents
133,2025-02-01,2,2025,Provincial Bonds_Retail Clients,1212.06616,FED_PROV,Provincial Bonds,Retail Clients
14,2025-03-01,3,2025,Federal Crown Corporation Bonds_Anonymous Systems: IDBBs and ATSs,27434.6475,FED_PROV,Federal Crown Corporation Bonds,Anonymous Systems: IDBBs and ATSs
26,2025-03-01,3,2025,Federal Crown Corporation Bonds_Banks,7997.828,FED_PROV,Federal Crown Corporation Bonds,Banks
38,2025-03-01,3,2025,Federal Crown Corporation Bonds_Institutional Clients,30859.308782,FED_PROV,Federal Crown Corporation Bonds,Institutional Clients
2,2025-03-01,3,2025,Federal Crown Corporation Bonds_Investment Dealers,10239.19255,FED_PROV,Federal Crown Corporation Bonds,Investment Dealers
74,2025-03-01,3,2025,Federal Crown Corporation Bonds_Issuer,0,FED_PROV,Federal Crown Corporation Bonds,Issuer
62,2025-03-01,3,2025,Federal Crown Corporation Bonds_Non-Residents,23372.877114,FED_PROV,Federal Crown Corporation Bonds,Non-Residents
50,2025-03-01,3,2025,Federal Crown Corporation Bonds_Retail Clients,806.083721,FED_PROV,Federal Crown Corporation Bonds,Retail Clients
98,2025-03-01,3,2025,Provincial Bonds_Anonymous Systems: IDBBs and ATSs,37235.693,FED_PROV,Provincial Bonds,Anonymous Systems: IDBBs and ATSs
110,2025-03-01,3,2025,Provincial Bonds_Banks,5950.111131,FED_PROV,Provincial Bonds,Banks
122,2025-03-01,3,2025,Provincial Bonds_Institutional Clients,63276.650497,FED_PROV,Provincial Bonds,Institutional Clients
86,2025-03-01,3,2025,Provincial Bonds_Investment Dealers,6694.122003,FED_PROV,Provincial Bonds,Investment Dealers
158,2025-03-01,3,2025,Provincial Bonds_Issuer,125.622,FED_PROV,Provincial Bonds,Issuer
146,2025-03-01,3,2025,Provincial Bonds_Non-Residents,16594.095531,FED_PROV,Provincial Bonds,Non-Residents
134,2025-03-01,3,2025,Provincial Bonds_Retail Clients,1099.156494,FED_PROV,Provincial Bonds,Retail Clients
15,2025-04-01,4,2025,Federal Crown Corporation Bonds_Anonymous Systems: IDBBs and ATSs,24330.4165,FED_PROV,Federal Crown Corporation Bonds,Anonymous Systems: IDBBs and ATSs
27,2025-04-01,4,2025,Federal Crown Corporation Bonds_Banks,5655.2107,FED_PROV,Federal Crown Corporation Bonds,Banks
39,2025-04-01,4,2025,Federal Crown Corporation Bonds_Institutional Clients,19578.816621,FED_PROV,Federal Crown Corporation Bonds,Institutional Clients
3,2025-04-01,4,2025,Federal Crown Corporation Bonds_Investment Dealers,7451.235,FED_PROV,Federal Crown Corporation Bonds,Investment Dealers
75,2025-04-01,4,2025,Federal Crown Corporation Bonds_Issuer,0,FED_PROV,Federal Crown Corporation Bonds,Issuer
63,2025-04-01,4,2025,Federal Crown Corporation Bonds_Non-Residents,16556.493,FED_PROV,Federal Crown Corporation Bonds,Non-Residents
51,2025-04-01,4,2025,Federal Crown Corporation Bonds_Retail Clients,388.043225,FED_PROV,Federal Crown Corporation Bonds,Retail Clients
99,2025-04-01,4,2025,Provincial Bonds_Anonymous Systems: IDBBs and ATSs,36635.557,FED_PROV,Provincial Bonds,Anonymous Systems: IDBBs and ATSs
111,2025-04-01,4,2025,Provincial Bonds_Banks,6346.0905,FED_PROV,Provincial Bonds,Banks
123,2025-04-01,4,2025,Provincial Bonds_Institutional Clients,74941.40723,FED_PROV,Provincial Bonds,Institutional Clients
87,2025-04-01,4,2025,Provincial Bonds_Investment Dealers,9436.568544,FED_PROV,Provincial Bonds,Investment Dealers
159,2025-04-01,4,2025,Provincial Bonds_Issuer,7.9,FED_PROV,Provincial Bonds,Issuer
147,2025-04-01,4,2025,Provincial Bonds_Non-Residents,18676.438821,FED_PROV,Provincial Bonds,Non-Residents
135,2025-04-01,4,2025,Provincial Bonds_Retail Clients,1040.921443,FED_PROV,Provincial Bonds,Retail Clients
16,2025-05-01,5,2025,Federal Crown Corporation Bonds_Anonymous Systems: IDBBs and ATSs,20090.11,FED_PROV,Federal Crown Corporation Bonds,Anonymous Systems: IDBBs and ATSs
28,2025-05-01,5,2025,Federal Crown Corporation Bonds_Banks,7875.332768,FED_PROV,Federal Crown Corporation Bonds,Banks
40,2025-05-01,5,2025,Federal Crown Corporation Bonds_Institutional Clients,25158.2779,FED_PROV,Federal Crown Corporation Bonds,Institutional Clients
4,2025-05-01,5,2025,Federal Crown Corporation Bonds_Investment Dealers,10426.072718,FED_PROV,Federal Crown Corporation Bonds,Investment Dealers
76,2025-05-01,5,2025,Federal Crown Corporation Bonds_Issuer,41.4,FED_PROV,Federal Crown Corporation Bonds,Issuer
64,2025-05-01,5,2025,Federal Crown Corporation Bonds_Non-Residents,22338.439154,FED_PROV,Federal Crown Corporation Bonds,Non-Residents
52,2025-05-01,5,2025,Federal Crown Corporation Bonds_Retail Clients,541.418568,FED_PROV,Federal Crown Corporation Bonds,Retail Clients
100,2025-05-01,5,2025,Provincial Bonds_Anonymous Systems: IDBBs and ATSs,35671.537205,FED_PROV,Provincial Bonds,Anonymous Systems: IDBBs and ATSs
112,2025-05-01,5,2025,Provincial Bonds_Banks,6227.771396,FED_PROV,Provincial Bonds,Banks
124,2025-05-01,5,2025,Provincial Bonds_Institutional Clients,77008.989916,FED_PROV,Provincial Bonds,Institutional Clients
88,2025-05-01,5,2025,Provincial Bonds_Investment Dealers,11261.985124,FED_PROV,Provincial Bonds,Investment Dealers
160,2025-05-01,5,2025,Provincial Bonds_Issuer,1614.595,FED_PROV,Provincial Bonds,Issuer
148,2025-05-01,5,2025,Provincial Bonds_Non-Residents,18430.896997,FED_PROV,Provincial Bonds,Non-Residents
136,2025-05-01,5,2025,Provincial Bonds_Retail Clients,1030.671201,FED_PROV,Provincial Bonds,Retail Clients
17,2025-06-01,6,2025,Federal Crown Corporation Bonds_Anonymous Systems: IDBBs and ATSs,24351.9445,FED_PROV,Federal Crown Corporation Bonds,Anonymous Systems: IDBBs and ATSs
29,2025-06-01,6,2025,Federal Crown Corporation Bonds_Banks,7405.3385,FED_PROV,Federal Crown Corporation Bonds,Banks
41,2025-06-01,6,2025,Federal Crown Corporation Bonds_Institutional Clients,30314.211126,FED_PROV,Federal Crown Corporation Bonds,Institutional Clients
5,2025-06-01,6,2025,Federal Crown Corporation Bonds_Investment Dealers,9191.838374,FED_PROV,Federal Crown Corporation Bonds,Investment Dealers
77,2025-06-01,6,2025,Federal Crown Corporation Bonds_Issuer,0,FED_PROV,Federal Crown Corporation Bonds,Issuer
65,2025-06-01,6,2025,Federal Crown Corporation Bonds_Non-Residents,19161.170635,FED_PROV,Federal Crown Corporation Bonds,Non-Residents
53,2025-06-01,6,2025,Federal Crown Corporation Bonds_Retail Clients,646.684905,FED_PROV,Federal Crown Corporation Bonds,Retail Clients
101,2025-06-01,6,2025,Provincial Bonds_Anonymous Systems: IDBBs and ATSs,39049.4795,FED_PROV,Provincial Bonds,Anonymous Systems: IDBBs and ATSs
113,2025-06-01,6,2025,Provincial Bonds_Banks,6149.685,FED_PROV,Provincial Bonds,Banks
125,2025-06-01,6,2025,Provincial Bonds_Institutional Clients,74120.760048,FED_PROV,Provincial Bonds,Institutional Clients
89,2025-06-01,6,2025,Provincial Bonds_Investment Dealers,10389.672679,FED_PROV,Provincial Bonds,Investment Dealers
161,2025-06-01,6,2025,Provincial Bonds_Issuer,316,FED_PROV,Provincial Bonds,Issuer
149,2025-06-01,6,2025,Provincial Bonds_Non-Residents,23160.283042,FED_PROV,Provincial Bonds,Non-Residents
137,2025-06-01,6,2025,Provincial Bonds_Retail Clients,1618.968108,FED_PROV,Provincial Bonds,Retail Clients
18,2025-07-01,7,2025,Federal Crown Corporation Bonds_Anonymous Systems: IDBBs and ATSs,18189.341,FED_PROV,Federal Crown Corporation Bonds,Anonymous Systems: IDBBs and ATSs
30,2025-07-01,7,2025,Federal Crown Corporation Bonds_Banks,5868.84109,FED_PROV,Federal Crown Corporation Bonds,Banks
42,2025-07-01,7,2025,Federal Crown Corporation Bonds_Institutional Clients,21455.4441,FED_PROV,Federal Crown Corporation Bonds,Institutional Clients
6,2025-07-01,7,2025,Federal Crown Corporation Bonds_Investment Dealers,6954.476764,FED_PROV,Federal Crown Corporation Bonds,Investment Dealers
78,2025-07-01,7,2025,Federal Crown Corporation Bonds_Issuer,30,FED_PROV,Federal Crown Corporation Bonds,Issuer
66,2025-07-01,7,2025,Federal Crown Corporation Bonds_Non-Residents,15627.467354,FED_PROV,Federal Crown Corporation Bonds,Non-Residents
54,2025-07-01,7,2025,Federal Crown Corporation Bonds_Retail Clients,507.0524,FED_PROV,Federal Crown Corporation Bonds,Retail Clients
102,2025-07-01,7,2025,Provincial Bonds_Anonymous Systems: IDBBs and ATSs,35747.2855,FED_PROV,Provincial Bonds,Anonymous Systems: IDBBs and ATSs
114,2025-07-01,7,2025,Provincial Bonds_Banks,6823.701835,FED_PROV,Provincial Bonds,Banks
126,2025-07-01,7,2025,Provincial Bonds_Institutional Clients,53700.938174,FED_PROV,Provincial Bonds,Institutional Clients
90,2025-07-01,7,2025,Provincial Bonds_Investment Dealers,10260.800261,FED_PROV,Provincial Bonds,Investment Dealers
162,2025-07-01,7,2025,Provincial Bonds_Issuer,282.47101,FED_PROV,Provincial Bonds,Issuer
150,2025-07-01,7,2025,Provincial Bonds_Non-Residents,21894.695584,FED_PROV,Provincial Bonds,Non-Residents
138,2025-07-01,7,2025,Provincial Bonds_Retail Clients,993.931866,FED_PROV,Provincial Bonds,Retail Clients
19,2025-08-01,8,2025,Federal Crown Corporation Bonds_Anonymous Systems: IDBBs and ATSs,26400.6275,FED_PROV,Federal Crown Corporation Bonds,Anonymous Systems: IDBBs and ATSs
31,2025-08-01,8,2025,Federal Crown Corporation Bonds_Banks,8195.4075,FED_PROV,Federal Crown Corporation Bonds,Banks
43,2025-08-01,8,2025,Federal Crown Corporation Bonds_Institutional Clients,26249.712371,FED_PROV,Federal Crown Corporation Bonds,Institutional Clients
7,2025-08-01,8,2025,Federal Crown Corporation Bonds_Investment Dealers,9856.985833,FED_PROV,Federal Crown Corporation Bonds,Investment Dealers
79,2025-08-01,8,2025,Federal Crown Corporation Bonds_Issuer,0,FED_PROV,Federal Crown Corporation Bonds,Issuer
67,2025-08-01,8,2025,Federal Crown Corporation Bonds_Non-Residents,18970.69508,FED_PROV,Federal Crown Corporation Bonds,Non-Residents
55,2025-08-01,8,2025,Federal Crown Corporation Bonds_Retail Clients,261.317688,FED_PROV,Federal Crown Corporation Bonds,Retail Clients
103,2025-08-01,8,2025,Provincial Bonds_Anonymous Systems: IDBBs and ATSs,26289.661,FED_PROV,Provincial Bonds,Anonymous Systems: IDBBs and ATSs
115,2025-08-01,8,2025,Provincial Bonds_Banks,6284.65743,FED_PROV,Provincial Bonds,Banks
127,2025-08-01,8,2025,Provincial Bonds_Institutional Clients,56983.677825,FED_PROV,Provincial Bonds,Institutional Clients
91,2025-08-01,8,2025,Provincial Bonds_Investment Dealers,7919.158857,FED_PROV,Provincial Bonds,Investment Dealers
163,2025-08-01,8,2025,Provincial Bonds_Issuer,183.44,FED_PROV,Provincial Bonds,Issuer
151,2025-08-01,8,2025,Provincial Bonds_Non-Residents,14395.98014,FED_PROV,Provincial Bonds,Non-Residents
139,2025-08-01,8,2025,Provincial Bonds_Retail Clients,1049.513437,FED_PROV,Provincial Bonds,Retail Clients
20,2025-09-01,9,2025,Federal Crown Corporation Bonds_Anonymous Systems: IDBBs and ATSs,33363.1655,FED_PROV,Federal Crown Corporation Bonds,Anonymous Systems: IDBBs and ATSs
32,2025-09-01,9,2025,Federal Crown Corporation Bonds_Banks,24439.358204,FED_PROV,Federal Crown Corporation Bonds,Banks
44,2025-09-01,9,2025,Federal Crown Corporation Bonds_Institutional Clients,35640.243046,FED_PROV,Federal Crown Corporation Bonds,Institutional Clients
8,2025-09-01,9,2025,Federal Crown Corporation Bonds_Investment Dealers,23628.961784,FED_PROV,Federal Crown Corporation Bonds,Investment Dealers
80,2025-09-01,9,2025,Federal Crown Corporation Bonds_Issuer,166.9,FED_PROV,Federal Crown Corporation Bonds,Issuer
68,2025-09-01,9,2025,Federal Crown Corporation Bonds_Non-Residents,27018.34692,FED_PROV,Federal Crown Corporation Bonds,Non-Residents
56,2025-09-01,9,2025,Federal Crown Corporation Bonds_Retail Clients,592.076008,FED_PROV,Federal Crown Corporation Bonds,Retail Clients
104,2025-09-01,9,2025,Provincial Bonds_Anonymous Systems: IDBBs and ATSs,34958.415,FED_PROV,Provincial Bonds,Anonymous Systems: IDBBs and ATSs
116,2025-09-01,9,2025,Provincial Bonds_Banks,5728.3577,FED_PROV,Provincial Bonds,Banks
128,2025-09-01,9,2025,Provincial Bonds_Institutional Clients,70458.69462,FED_PROV,Provincial Bonds,Institutional Clients
92,2025-09-01,9,2025,Provincial Bonds_Investment Dealers,9512.813653,FED_PROV,Provincial Bonds,Investment Dealers
164,2025-09-01,9,2025,Provincial Bonds_Issuer,364.2,FED_PROV,Provincial Bonds,Issuer
152,2025-09-01,9,2025,Provincial Bonds_Non-Residents,22281.819012,FED_PROV,Provincial Bonds,Non-Residents
140,2025-09-01,9,2025,Provincial Bonds_Retail Clients,1501.898846,FED_PROV,Provincial Bonds,Retail Clients
21,2025-10-01,10,2025,Federal Crown Corporation Bonds_Anonymous Systems: IDBBs and ATSs,26786.103,FED_PROV,Federal Crown Corporation Bonds,Anonymous Systems: IDBBs and ATSs
33,2025-10-01,10,2025,Federal Crown Corporation Bonds_Banks,6462.529461,FED_PROV,Federal Crown Corporation Bonds,Banks
45,2025-10-01,10,2025,Federal Crown Corporation Bonds_Institutional Clients,30772.768637,FED_PROV,Federal Crown Corporation Bonds,Institutional Clients
9,2025-10-01,10,2025,Federal Crown Corporation Bonds_Investment Dealers,8210.590356,FED_PROV,Federal Crown Corporation Bonds,Investment Dealers
81,2025-10-01,10,2025,Federal Crown Corporation Bonds_Issuer,128.6,FED_PROV,Federal Crown Corporation Bonds,Issuer
69,2025-10-01,10,2025,Federal Crown Corporation Bonds_Non-Residents,22270.926764,FED_PROV,Federal Crown Corporation Bonds,Non-Residents
57,2025-10-01,10,2025,Federal Crown Corporation Bonds_Retail Clients,552.213945,FED_PROV,Federal Crown Corporation Bonds,Retail Clients
105,2025-10-01,10,2025,Provincial Bonds_Anonymous Systems: IDBBs and ATSs,36180.231,FED_PROV,Provincial Bonds,Anonymous Systems: IDBBs and ATSs
117,2025-10-01,10,2025,Provincial Bonds_Banks,8395.295284,FED_PROV,Provincial Bonds,Banks
129,2025-10-01,10,2025,Provincial Bonds_Institutional Clients,79306.923275,FED_PROV,Provincial Bonds,Institutional Clients
93,2025-10-01,10,2025,Provincial Bonds_Investment Dealers,11450.278134,FED_PROV,Provincial Bonds,Investment Dealers
165,2025-10-01,10,2025,Provincial Bonds_Issuer,364.342,FED_PROV,Provincial Bonds,Issuer
153,2025-10-01,10,2025,Provincial Bonds_Non-Residents,24342.475467,FED_PROV,Provincial Bonds,Non-Residents
141,2025-10-01,10,2025,Provincial Bonds_Retail Clients,972.561854,FED_PROV,Provincial Bonds,Retail Clients
22,2025-11-01,11,2025,Federal Crown Corporation Bonds_Anonymous Systems: IDBBs and ATSs,32468.549,FED_PROV,Federal Crown Corporation Bonds,Anonymous Systems: IDBBs and ATSs
34,2025-11-01,11,2025,Federal Crown Corporation Bonds_Banks,12690.8265,FED_PROV,Federal Crown Corporation Bonds,Banks
46,2025-11-01,11,2025,Federal Crown Corporation Bonds_Institutional Clients,33344.416673,FED_PROV,Federal Crown Corporation Bonds,Institutional Clients
10,2025-11-01,11,2025,Federal Crown Corporation Bonds_Investment Dealers,13378.327654,FED_PROV,Federal Crown Corporation Bonds,Investment Dealers
82,2025-11-01,11,2025,Federal Crown Corporation Bonds_Issuer,50,FED_PROV,Federal Crown Corporation Bonds,Issuer
70,2025-11-01,11,2025,Federal Crown Corporation Bonds_Non-Residents,27035.130076,FED_PROV,Federal Crown Corporation Bonds,Non-Residents
58,2025-11-01,11,2025,Federal Crown Corporation Bonds_Retail Clients,354.741968,FED_PROV,Federal Crown Corporation Bonds,Retail Clients
106,2025-11-01,11,2025,Provincial Bonds_Anonymous Systems: IDBBs and ATSs,32174.977,FED_PROV,Provincial Bonds,Anonymous Systems: IDBBs and ATSs
118,2025-11-01,11,2025,Provincial Bonds_Banks,7399.232934,FED_PROV,Provincial Bonds,Banks
130,2025-11-01,11,2025,Provincial Bonds_Institutional Clients,62013.858199,FED_PROV,Provincial Bonds,Institutional Clients
94,2025-11-01,11,2025,Provincial Bonds_Investment Dealers,10216.622404,FED_PROV,Provincial Bonds,Investment Dealers
166,2025-11-01,11,2025,Provincial Bonds_Issuer,15,FED_PROV,Provincial Bonds,Issuer
154,2025-11-01,11,2025,Provincial Bonds_Non-Residents,21619.84505,FED_PROV,Provincial Bonds,Non-Residents
142,2025-11-01,11,2025,Provincial Bonds_Retail Clients,891.526747,FED_PROV,Provincial Bonds,Retail Clients
23,2025-12-01,12,2025,Federal Crown Corporation Bonds_Anonymous Systems: IDBBs and ATSs,29170.094,FED_PROV,Federal Crown Corporation Bonds,Anonymous Systems: IDBBs and ATSs
35,2025-12-01,12,2025,Federal Crown Corporation Bonds_Banks,11226.40616,FED_PROV,Federal Crown Corporation Bonds,Banks
47,2025-12-01,12,2025,Federal Crown Corporation Bonds_Institutional Clients,32636.938334,FED_PROV,Federal Crown Corporation Bonds,Institutional Clients
11,2025-12-01,12,2025,Federal Crown Corporation Bonds_Investment Dealers,10779.74141,FED_PROV,Federal Crown Corporation Bonds,Investment Dealers
83,2025-12-01,12,2025,Federal Crown Corporation Bonds_Issuer,165,FED_PROV,Federal Crown Corporation Bonds,Issuer
71,2025-12-01,12,2025,Federal Crown Corporation Bonds_Non-Residents,21277.74997,FED_PROV,Federal Crown Corporation Bonds,Non-Residents
59,2025-12-01,12,2025,Federal Crown Corporation Bonds_Retail Clients,480.513834,FED_PROV,Federal Crown Corporation Bonds,Retail Clients
107,2025-12-01,12,2025,Provincial Bonds_Anonymous Systems: IDBBs and ATSs,37599.4505,FED_PROV,Provincial Bonds,Anonymous Systems: IDBBs and ATSs
119,2025-12-01,12,2025,Provincial Bonds_Banks,5989.444112,FED_PROV,Provincial Bonds,Banks
131,2025-12-01,12,2025,Provincial Bonds_Institutional Clients,64563.28315,FED_PROV,Provincial Bonds,Institutional Clients
95,2025-12-01,12,2025,Provincial Bonds_Investment Dealers,6624.798439,FED_PROV,Provincial Bonds,Investment Dealers
167,2025-12-01,12,2025,Provincial Bonds_Issuer,30,FED_PROV,Provincial Bonds,Issuer
155,2025-12-01,12,2025,Provincial Bonds_Non-Residents,18522.766607,FED_PROV,Provincial Bonds,Non-Residents
143,2025-12-01,12,2025,Provincial Bonds_Retail Clients,1537.577546,FED_PROV,Provincial Bonds,Retail Clients
