,date,month,year,instruments,volume
96,2018-01-01,1,2018,Government of Canada Bonds_Anonymous Systems: IDBBs and ATSs,322031
108,2018-01-01,1,2018,Government of Canada Bonds_Banks,144885
120,2018-01-01,1,2018,Government of Canada Bonds_Institutional Clients,203148
84,2018-01-01,1,2018,Government of Canada Bonds_Investment Dealers,63092
156,2018-01-01,1,2018,Government of Canada Bonds_Issuer,0
144,2018-01-01,1,2018,Government of Canada Bonds_Non-Residents,194028
132,2018-01-01,1,2018,Government of Canada Bonds_Retail Clients,525
12,2018-01-01,1,2018,Government of Canada Treasury Bills_Anonymous Systems: IDBBs and ATSs,12061
24,2018-01-01,1,2018,Government of Canada Treasury Bills_Banks,6579
36,2018-01-01,1,2018,Government of Canada Treasury Bills_Institutional Clients,57603
0,2018-01-01,1,2018,Government of Canada Treasury Bills_Investment Dealers,3615
72,2018-01-01,1,2018,Government of Canada Treasury Bills_Issuer,0
60,2018-01-01,1,2018,Government of Canada Treasury Bills_Non-Residents,13015
48,2018-01-01,1,2018,Government of Canada Treasury Bills_Retail Clients,848
97,2018-02-01,2,2018,Government of Canada Bonds_Anonymous Systems: IDBBs and ATSs,309193
109,2018-02-01,2,2018,Government of Canada Bonds_Banks,129770
121,2018-02-01,2,2018,Government of Canada Bonds_Institutional Clients,200176
85,2018-02-01,2,2018,Government of Canada Bonds_Investment Dealers,68939
157,2018-02-01,2,2018,Government of Canada Bonds_Issuer,0
145,2018-02-01,2,2018,Government of Canada Bonds_Non-Residents,176541
133,2018-02-01,2,2018,Government of Canada Bonds_Retail Clients,727
13,2018-02-01,2,2018,Government of Canada Treasury Bills_Anonymous Systems: IDBBs and ATSs,11921
25,2018-02-01,2,2018,Government of Canada Treasury Bills_Banks,7076
37,2018-02-01,2,2018,Government of Canada Treasury Bills_Institutional Clients,72371
1,2018-02-01,2,2018,Government of Canada Treasury Bills_Investment Dealers,3648
73,2018-02-01,2,2018,Government of Canada Treasury Bills_Issuer,0
61,2018-02-01,2,2018,Government of Canada Treasury Bills_Non-Residents,10790
49,2018-02-01,2,2018,Government of Canada Treasury Bills_Retail Clients,896
98,2018-03-01,3,2018,Government of Canada Bonds_Anonymous Systems: IDBBs and ATSs,289452
110,2018-03-01,3,2018,Government of Canada Bonds_Banks,144864
122,2018-03-01,3,2018,Government of Canada Bonds_Institutional Clients,200958
86,2018-03-01,3,2018,Government of Canada Bonds_Investment Dealers,63565
158,2018-03-01,3,2018,Government of Canada Bonds_Issuer,100
146,2018-03-01,3,2018,Government of Canada Bonds_Non-Residents,172521
134,2018-03-01,3,2018,Government of Canada Bonds_Retail Clients,293
14,2018-03-01,3,2018,Government of Canada Treasury Bills_Anonymous Systems: IDBBs and ATSs,9863
26,2018-03-01,3,2018,Government of Canada Treasury Bills_Banks,6746
38,2018-03-01,3,2018,Government of Canada Treasury Bills_Institutional Clients,66819
2,2018-03-01,3,2018,Government of Canada Treasury Bills_Investment Dealers,4593
74,2018-03-01,3,2018,Government of Canada Treasury Bills_Issuer,200
62,2018-03-01,3,2018,Government of Canada Treasury Bills_Non-Residents,13096
50,2018-03-01,3,2018,Government of Canada Treasury Bills_Retail Clients,1334
99,2018-04-01,4,2018,Government of Canada Bonds_Anonymous Systems: IDBBs and ATSs,285406
111,2018-04-01,4,2018,Government of Canada Bonds_Banks,130971
123,2018-04-01,4,2018,Government of Canada Bonds_Institutional Clients,195977
87,2018-04-01,4,2018,Government of Canada Bonds_Investment Dealers,60131
159,2018-04-01,4,2018,Government of Canada Bonds_Issuer,0
147,2018-04-01,4,2018,Government of Canada Bonds_Non-Residents,165535
135,2018-04-01,4,2018,Government of Canada Bonds_Retail Clients,687
15,2018-04-01,4,2018,Government of Canada Treasury Bills_Anonymous Systems: IDBBs and ATSs,10056
27,2018-04-01,4,2018,Government of Canada Treasury Bills_Banks,4724
39,2018-04-01,4,2018,Government of Canada Treasury Bills_Institutional Clients,63696
3,2018-04-01,4,2018,Government of Canada Treasury Bills_Investment Dealers,4685
75,2018-04-01,4,2018,Government of Canada Treasury Bills_Issuer,0
63,2018-04-01,4,2018,Government of Canada Treasury Bills_Non-Residents,11447
51,2018-04-01,4,2018,Government of Canada Treasury Bills_Retail Clients,1047
100,2018-05-01,5,2018,Government of Canada Bonds_Anonymous Systems: IDBBs and ATSs,348014
112,2018-05-01,5,2018,Government of Canada Bonds_Banks,159048
124,2018-05-01,5,2018,Government of Canada Bonds_Institutional Clients,202232
88,2018-05-01,5,2018,Government of Canada Bonds_Investment Dealers,92133
160,2018-05-01,5,2018,Government of Canada Bonds_Issuer,75
148,2018-05-01,5,2018,Government of Canada Bonds_Non-Residents,190893
136,2018-05-01,5,2018,Government of Canada Bonds_Retail Clients,500
16,2018-05-01,5,2018,Government of Canada Treasury Bills_Anonymous Systems: IDBBs and ATSs,7693
28,2018-05-01,5,2018,Government of Canada Treasury Bills_Banks,7786
40,2018-05-01,5,2018,Government of Canada Treasury Bills_Institutional Clients,79894
4,2018-05-01,5,2018,Government of Canada Treasury Bills_Investment Dealers,4849
76,2018-05-01,5,2018,Government of Canada Treasury Bills_Issuer,0
64,2018-05-01,5,2018,Government of Canada Treasury Bills_Non-Residents,14795
52,2018-05-01,5,2018,Government of Canada Treasury Bills_Retail Clients,1248
101,2018-06-01,6,2018,Government of Canada Bonds_Anonymous Systems: IDBBs and ATSs,275767
113,2018-06-01,6,2018,Government of Canada Bonds_Banks,156913
125,2018-06-01,6,2018,Government of Canada Bonds_Institutional Clients,213054
89,2018-06-01,6,2018,Government of Canada Bonds_Investment Dealers,79163
161,2018-06-01,6,2018,Government of Canada Bonds_Issuer,175
149,2018-06-01,6,2018,Government of Canada Bonds_Non-Residents,170395
137,2018-06-01,6,2018,Government of Canada Bonds_Retail Clients,640
17,2018-06-01,6,2018,Government of Canada Treasury Bills_Anonymous Systems: IDBBs and ATSs,11198
29,2018-06-01,6,2018,Government of Canada Treasury Bills_Banks,4848
41,2018-06-01,6,2018,Government of Canada Treasury Bills_Institutional Clients,64607
5,2018-06-01,6,2018,Government of Canada Treasury Bills_Investment Dealers,5404
77,2018-06-01,6,2018,Government of Canada Treasury Bills_Issuer,0
65,2018-06-01,6,2018,Government of Canada Treasury Bills_Non-Residents,12483
53,2018-06-01,6,2018,Government of Canada Treasury Bills_Retail Clients,1441
102,2018-07-01,7,2018,Government of Canada Bonds_Anonymous Systems: IDBBs and ATSs,258731
114,2018-07-01,7,2018,Government of Canada Bonds_Banks,118276
126,2018-07-01,7,2018,Government of Canada Bonds_Institutional Clients,137147
90,2018-07-01,7,2018,Government of Canada Bonds_Investment Dealers,58770
162,2018-07-01,7,2018,Government of Canada Bonds_Issuer,196
150,2018-07-01,7,2018,Government of Canada Bonds_Non-Residents,151457
138,2018-07-01,7,2018,Government of Canada Bonds_Retail Clients,380
18,2018-07-01,7,2018,Government of Canada Treasury Bills_Anonymous Systems: IDBBs and ATSs,7471
30,2018-07-01,7,2018,Government of Canada Treasury Bills_Banks,6397
42,2018-07-01,7,2018,Government of Canada Treasury Bills_Institutional Clients,55895
6,2018-07-01,7,2018,Government of Canada Treasury Bills_Investment Dealers,4400
78,2018-07-01,7,2018,Government of Canada Treasury Bills_Issuer,0
66,2018-07-01,7,2018,Government of Canada Treasury Bills_Non-Residents,11392
54,2018-07-01,7,2018,Government of Canada Treasury Bills_Retail Clients,1299
103,2018-08-01,8,2018,Government of Canada Bonds_Anonymous Systems: IDBBs and ATSs,261436
115,2018-08-01,8,2018,Government of Canada Bonds_Banks,101843
127,2018-08-01,8,2018,Government of Canada Bonds_Institutional Clients,165284
91,2018-08-01,8,2018,Government of Canada Bonds_Investment Dealers,62749
163,2018-08-01,8,2018,Government of Canada Bonds_Issuer,125
151,2018-08-01,8,2018,Government of Canada Bonds_Non-Residents,183608
139,2018-08-01,8,2018,Government of Canada Bonds_Retail Clients,328
19,2018-08-01,8,2018,Government of Canada Treasury Bills_Anonymous Systems: IDBBs and ATSs,11325
31,2018-08-01,8,2018,Government of Canada Treasury Bills_Banks,4697
43,2018-08-01,8,2018,Government of Canada Treasury Bills_Institutional Clients,68870
7,2018-08-01,8,2018,Government of Canada Treasury Bills_Investment Dealers,4307
79,2018-08-01,8,2018,Government of Canada Treasury Bills_Issuer,0
67,2018-08-01,8,2018,Government of Canada Treasury Bills_Non-Residents,12304
55,2018-08-01,8,2018,Government of Canada Treasury Bills_Retail Clients,1230
104,2018-09-01,9,2018,Government of Canada Bonds_Anonymous Systems: IDBBs and ATSs,309022
116,2018-09-01,9,2018,Government of Canada Bonds_Banks,118025
128,2018-09-01,9,2018,Government of Canada Bonds_Institutional Clients,148260
92,2018-09-01,9,2018,Government of Canada Bonds_Investment Dealers,63641
164,2018-09-01,9,2018,Government of Canada Bonds_Issuer,10
152,2018-09-01,9,2018,Government of Canada Bonds_Non-Residents,168216
140,2018-09-01,9,2018,Government of Canada Bonds_Retail Clients,401
20,2018-09-01,9,2018,Government of Canada Treasury Bills_Anonymous Systems: IDBBs and ATSs,11965
32,2018-09-01,9,2018,Government of Canada Treasury Bills_Banks,7785
44,2018-09-01,9,2018,Government of Canada Treasury Bills_Institutional Clients,63712
8,2018-09-01,9,2018,Government of Canada Treasury Bills_Investment Dealers,5139
80,2018-09-01,9,2018,Government of Canada Treasury Bills_Issuer,0
68,2018-09-01,9,2018,Government of Canada Treasury Bills_Non-Residents,15295
56,2018-09-01,9,2018,Government of Canada Treasury Bills_Retail Clients,935
105,2018-10-01,10,2018,Government of Canada Bonds_Anonymous Systems: IDBBs and ATSs,378728
117,2018-10-01,10,2018,Government of Canada Bonds_Banks,203583
129,2018-10-01,10,2018,Government of Canada Bonds_Institutional Clients,189816
93,2018-10-01,10,2018,Government of Canada Bonds_Investment Dealers,87169
165,2018-10-01,10,2018,Government of Canada Bonds_Issuer,0
153,2018-10-01,10,2018,Government of Canada Bonds_Non-Residents,229942
141,2018-10-01,10,2018,Government of Canada Bonds_Retail Clients,408
21,2018-10-01,10,2018,Government of Canada Treasury Bills_Anonymous Systems: IDBBs and ATSs,12451
33,2018-10-01,10,2018,Government of Canada Treasury Bills_Banks,7471
45,2018-10-01,10,2018,Government of Canada Treasury Bills_Institutional Clients,87472
9,2018-10-01,10,2018,Government of Canada Treasury Bills_Investment Dealers,5329
81,2018-10-01,10,2018,Government of Canada Treasury Bills_Issuer,0
69,2018-10-01,10,2018,Government of Canada Treasury Bills_Non-Residents,17043
57,2018-10-01,10,2018,Government of Canada Treasury Bills_Retail Clients,1120
106,2018-11-01,11,2018,Government of Canada Bonds_Anonymous Systems: IDBBs and ATSs,276302
118,2018-11-01,11,2018,Government of Canada Bonds_Banks,146440
130,2018-11-01,11,2018,Government of Canada Bonds_Institutional Clients,150276
94,2018-11-01,11,2018,Government of Canada Bonds_Investment Dealers,66844
166,2018-11-01,11,2018,Government of Canada Bonds_Issuer,0
154,2018-11-01,11,2018,Government of Canada Bonds_Non-Residents,183296
142,2018-11-01,11,2018,Government of Canada Bonds_Retail Clients,1797
22,2018-11-01,11,2018,Government of Canada Treasury Bills_Anonymous Systems: IDBBs and ATSs,12283
34,2018-11-01,11,2018,Government of Canada Treasury Bills_Banks,7583
46,2018-11-01,11,2018,Government of Canada Treasury Bills_Institutional Clients,81522
10,2018-11-01,11,2018,Government of Canada Treasury Bills_Investment Dealers,5674
82,2018-11-01,11,2018,Government of Canada Treasury Bills_Issuer,0
70,2018-11-01,11,2018,Government of Canada Treasury Bills_Non-Residents,21196
58,2018-11-01,11,2018,Government of Canada Treasury Bills_Retail Clients,5441
107,2018-12-01,12,2018,Government of Canada Bonds_Anonymous Systems: IDBBs and ATSs,230904
119,2018-12-01,12,2018,Government of Canada Bonds_Banks,171481
131,2018-12-01,12,2018,Government of Canada Bonds_Institutional Clients,170625
95,2018-12-01,12,2018,Government of Canada Bonds_Investment Dealers,66448
167,2018-12-01,12,2018,Government of Canada Bonds_Issuer,0
155,2018-12-01,12,2018,Government of Canada Bonds_Non-Residents,194492
143,2018-12-01,12,2018,Government of Canada Bonds_Retail Clients,787
23,2018-12-01,12,2018,Government of Canada Treasury Bills_Anonymous Systems: IDBBs and ATSs,11425
35,2018-12-01,12,2018,Government of Canada Treasury Bills_Banks,6537
47,2018-12-01,12,2018,Government of Canada Treasury Bills_Institutional Clients,80011
11,2018-12-01,12,2018,Government of Canada Treasury Bills_Investment Dealers,4769
83,2018-12-01,12,2018,Government of Canada Treasury Bills_Issuer,0
71,2018-12-01,12,2018,Government of Canada Treasury Bills_Non-Residents,14556
59,2018-12-01,12,2018,Government of Canada Treasury Bills_Retail Clients,1639
96,2019-01-01,1,2019,Government of Canada Bonds_Anonymous Systems: IDBBs and ATSs,300471
108,2019-01-01,1,2019,Government of Canada Bonds_Banks,140773
120,2019-01-01,1,2019,Government of Canada Bonds_Institutional Clients,194662
84,2019-01-01,1,2019,Government of Canada Bonds_Investment Dealers,62040
156,2019-01-01,1,2019,Government of Canada Bonds_Issuer,35
144,2019-01-01,1,2019,Government of Canada Bonds_Non-Residents,210184
132,2019-01-01,1,2019,Government of Canada Bonds_Retail Clients,633
12,2019-01-01,1,2019,Government of Canada Treasury Bills_Anonymous Systems: IDBBs and ATSs,13294
24,2019-01-01,1,2019,Government of Canada Treasury Bills_Banks,7356
36,2019-01-01,1,2019,Government of Canada Treasury Bills_Institutional Clients,67072
0,2019-01-01,1,2019,Government of Canada Treasury Bills_Investment Dealers,4296
72,2019-01-01,1,2019,Government of Canada Treasury Bills_Issuer,0
60,2019-01-01,1,2019,Government of Canada Treasury Bills_Non-Residents,12833
48,2019-01-01,1,2019,Government of Canada Treasury Bills_Retail Clients,1951
97,2019-02-01,2,2019,Government of Canada Bonds_Anonymous Systems: IDBBs and ATSs,226981
109,2019-02-01,2,2019,Government of Canada Bonds_Banks,103181
121,2019-02-01,2,2019,Government of Canada Bonds_Institutional Clients,166481
85,2019-02-01,2,2019,Government of Canada Bonds_Investment Dealers,60599
157,2019-02-01,2,2019,Government of Canada Bonds_Issuer,0
145,2019-02-01,2,2019,Government of Canada Bonds_Non-Residents,158740
133,2019-02-01,2,2019,Government of Canada Bonds_Retail Clients,521
13,2019-02-01,2,2019,Government of Canada Treasury Bills_Anonymous Systems: IDBBs and ATSs,10623
25,2019-02-01,2,2019,Government of Canada Treasury Bills_Banks,6953
37,2019-02-01,2,2019,Government of Canada Treasury Bills_Institutional Clients,70636
1,2019-02-01,2,2019,Government of Canada Treasury Bills_Investment Dealers,4241
73,2019-02-01,2,2019,Government of Canada Treasury Bills_Issuer,0
61,2019-02-01,2,2019,Government of Canada Treasury Bills_Non-Residents,14651
49,2019-02-01,2,2019,Government of Canada Treasury Bills_Retail Clients,1111
98,2019-03-01,3,2019,Government of Canada Bonds_Anonymous Systems: IDBBs and ATSs,311908
110,2019-03-01,3,2019,Government of Canada Bonds_Banks,140818
122,2019-03-01,3,2019,Government of Canada Bonds_Institutional Clients,183367
86,2019-03-01,3,2019,Government of Canada Bonds_Investment Dealers,75312
158,2019-03-01,3,2019,Government of Canada Bonds_Issuer,0
146,2019-03-01,3,2019,Government of Canada Bonds_Non-Residents,193965
134,2019-03-01,3,2019,Government of Canada Bonds_Retail Clients,381
14,2019-03-01,3,2019,Government of Canada Treasury Bills_Anonymous Systems: IDBBs and ATSs,9329
26,2019-03-01,3,2019,Government of Canada Treasury Bills_Banks,6369
38,2019-03-01,3,2019,Government of Canada Treasury Bills_Institutional Clients,72275
2,2019-03-01,3,2019,Government of Canada Treasury Bills_Investment Dealers,3728
74,2019-03-01,3,2019,Government of Canada Treasury Bills_Issuer,0
62,2019-03-01,3,2019,Government of Canada Treasury Bills_Non-Residents,15344
50,2019-03-01,3,2019,Government of Canada Treasury Bills_Retail Clients,1144
99,2019-04-01,4,2019,Government of Canada Bonds_Anonymous Systems: IDBBs and ATSs,329450
111,2019-04-01,4,2019,Government of Canada Bonds_Banks,160441
123,2019-04-01,4,2019,Government of Canada Bonds_Institutional Clients,184430
87,2019-04-01,4,2019,Government of Canada Bonds_Investment Dealers,78855
159,2019-04-01,4,2019,Government of Canada Bonds_Issuer,3
147,2019-04-01,4,2019,Government of Canada Bonds_Non-Residents,213685
135,2019-04-01,4,2019,Government of Canada Bonds_Retail Clients,254
15,2019-04-01,4,2019,Government of Canada Treasury Bills_Anonymous Systems: IDBBs and ATSs,5866
27,2019-04-01,4,2019,Government of Canada Treasury Bills_Banks,6607
39,2019-04-01,4,2019,Government of Canada Treasury Bills_Institutional Clients,78793
3,2019-04-01,4,2019,Government of Canada Treasury Bills_Investment Dealers,3603
75,2019-04-01,4,2019,Government of Canada Treasury Bills_Issuer,0
63,2019-04-01,4,2019,Government of Canada Treasury Bills_Non-Residents,18860
51,2019-04-01,4,2019,Government of Canada Treasury Bills_Retail Clients,891
100,2019-05-01,5,2019,Government of Canada Bonds_Anonymous Systems: IDBBs and ATSs,367050
112,2019-05-01,5,2019,Government of Canada Bonds_Banks,147282
124,2019-05-01,5,2019,Government of Canada Bonds_Institutional Clients,194784
88,2019-05-01,5,2019,Government of Canada Bonds_Investment Dealers,82016
160,2019-05-01,5,2019,Government of Canada Bonds_Issuer,4
148,2019-05-01,5,2019,Government of Canada Bonds_Non-Residents,213293
136,2019-05-01,5,2019,Government of Canada Bonds_Retail Clients,2261
16,2019-05-01,5,2019,Government of Canada Treasury Bills_Anonymous Systems: IDBBs and ATSs,12068
28,2019-05-01,5,2019,Government of Canada Treasury Bills_Banks,6098
40,2019-05-01,5,2019,Government of Canada Treasury Bills_Institutional Clients,79023
4,2019-05-01,5,2019,Government of Canada Treasury Bills_Investment Dealers,3743
76,2019-05-01,5,2019,Government of Canada Treasury Bills_Issuer,4
64,2019-05-01,5,2019,Government of Canada Treasury Bills_Non-Residents,21136
52,2019-05-01,5,2019,Government of Canada Treasury Bills_Retail Clients,1527
101,2019-06-01,6,2019,Government of Canada Bonds_Anonymous Systems: IDBBs and ATSs,325447
113,2019-06-01,6,2019,Government of Canada Bonds_Banks,139761
125,2019-06-01,6,2019,Government of Canada Bonds_Institutional Clients,216447
89,2019-06-01,6,2019,Government of Canada Bonds_Investment Dealers,61028
161,2019-06-01,6,2019,Government of Canada Bonds_Issuer,284
149,2019-06-01,6,2019,Government of Canada Bonds_Non-Residents,178948
137,2019-06-01,6,2019,Government of Canada Bonds_Retail Clients,2149
17,2019-06-01,6,2019,Government of Canada Treasury Bills_Anonymous Systems: IDBBs and ATSs,8038
29,2019-06-01,6,2019,Government of Canada Treasury Bills_Banks,5471
41,2019-06-01,6,2019,Government of Canada Treasury Bills_Institutional Clients,66046
5,2019-06-01,6,2019,Government of Canada Treasury Bills_Investment Dealers,3941
77,2019-06-01,6,2019,Government of Canada Treasury Bills_Issuer,0
65,2019-06-01,6,2019,Government of Canada Treasury Bills_Non-Residents,16863
53,2019-06-01,6,2019,Government of Canada Treasury Bills_Retail Clients,1393
102,2019-07-01,7,2019,Government of Canada Bonds_Anonymous Systems: IDBBs and ATSs,341265
114,2019-07-01,7,2019,Government of Canada Bonds_Banks,178856
126,2019-07-01,7,2019,Government of Canada Bonds_Institutional Clients,185980
90,2019-07-01,7,2019,Government of Canada Bonds_Investment Dealers,80351
162,2019-07-01,7,2019,Government of Canada Bonds_Issuer,12
150,2019-07-01,7,2019,Government of Canada Bonds_Non-Residents,206867
138,2019-07-01,7,2019,Government of Canada Bonds_Retail Clients,405
18,2019-07-01,7,2019,Government of Canada Treasury Bills_Anonymous Systems: IDBBs and ATSs,6080
30,2019-07-01,7,2019,Government of Canada Treasury Bills_Banks,5399
42,2019-07-01,7,2019,Government of Canada Treasury Bills_Institutional Clients,66324
6,2019-07-01,7,2019,Government of Canada Treasury Bills_Investment Dealers,3326
78,2019-07-01,7,2019,Government of Canada Treasury Bills_Issuer,0
66,2019-07-01,7,2019,Government of Canada Treasury Bills_Non-Residents,14972
54,2019-07-01,7,2019,Government of Canada Treasury Bills_Retail Clients,1085
103,2019-08-01,8,2019,Government of Canada Bonds_Anonymous Systems: IDBBs and ATSs,237734
115,2019-08-01,8,2019,Government of Canada Bonds_Banks,139923
127,2019-08-01,8,2019,Government of Canada Bonds_Institutional Clients,158624
91,2019-08-01,8,2019,Government of Canada Bonds_Investment Dealers,64890
163,2019-08-01,8,2019,Government of Canada Bonds_Issuer,10
151,2019-08-01,8,2019,Government of Canada Bonds_Non-Residents,171702
139,2019-08-01,8,2019,Government of Canada Bonds_Retail Clients,385
19,2019-08-01,8,2019,Government of Canada Treasury Bills_Anonymous Systems: IDBBs and ATSs,11528
31,2019-08-01,8,2019,Government of Canada Treasury Bills_Banks,4181
43,2019-08-01,8,2019,Government of Canada Treasury Bills_Institutional Clients,68685
7,2019-08-01,8,2019,Government of Canada Treasury Bills_Investment Dealers,3590
79,2019-08-01,8,2019,Government of Canada Treasury Bills_Issuer,0
67,2019-08-01,8,2019,Government of Canada Treasury Bills_Non-Residents,14404
55,2019-08-01,8,2019,Government of Canada Treasury Bills_Retail Clients,1315
104,2019-09-01,9,2019,Government of Canada Bonds_Anonymous Systems: IDBBs and ATSs,259467
116,2019-09-01,9,2019,Government of Canada Bonds_Banks,145821
128,2019-09-01,9,2019,Government of Canada Bonds_Institutional Clients,158428
92,2019-09-01,9,2019,Government of Canada Bonds_Investment Dealers,71564
164,2019-09-01,9,2019,Government of Canada Bonds_Issuer,0
152,2019-09-01,9,2019,Government of Canada Bonds_Non-Residents,174430
140,2019-09-01,9,2019,Government of Canada Bonds_Retail Clients,342
20,2019-09-01,9,2019,Government of Canada Treasury Bills_Anonymous Systems: IDBBs and ATSs,11151
32,2019-09-01,9,2019,Government of Canada Treasury Bills_Banks,5702
44,2019-09-01,9,2019,Government of Canada Treasury Bills_Institutional Clients,66373
8,2019-09-01,9,2019,Government of Canada Treasury Bills_Investment Dealers,3183
80,2019-09-01,9,2019,Government of Canada Treasury Bills_Issuer,0
68,2019-09-01,9,2019,Government of Canada Treasury Bills_Non-Residents,12113
56,2019-09-01,9,2019,Government of Canada Treasury Bills_Retail Clients,1425
105,2019-10-01,10,2019,Government of Canada Bonds_Anonymous Systems: IDBBs and ATSs,299689
117,2019-10-01,10,2019,Government of Canada Bonds_Banks,151818
129,2019-10-01,10,2019,Government of Canada Bonds_Institutional Clients,218657
93,2019-10-01,10,2019,Government of Canada Bonds_Investment Dealers,80552
165,2019-10-01,10,2019,Government of Canada Bonds_Issuer,0
153,2019-10-01,10,2019,Government of Canada Bonds_Non-Residents,157858
141,2019-10-01,10,2019,Government of Canada Bonds_Retail Clients,286
21,2019-10-01,10,2019,Government of Canada Treasury Bills_Anonymous Systems: IDBBs and ATSs,6690
33,2019-10-01,10,2019,Government of Canada Treasury Bills_Banks,6275
45,2019-10-01,10,2019,Government of Canada Treasury Bills_Institutional Clients,71890
9,2019-10-01,10,2019,Government of Canada Treasury Bills_Investment Dealers,3082
81,2019-10-01,10,2019,Government of Canada Treasury Bills_Issuer,1675
69,2019-10-01,10,2019,Government of Canada Treasury Bills_Non-Residents,12468
57,2019-10-01,10,2019,Government of Canada Treasury Bills_Retail Clients,4080
106,2019-11-01,11,2019,Government of Canada Bonds_Anonymous Systems: IDBBs and ATSs,244600
118,2019-11-01,11,2019,Government of Canada Bonds_Banks,89477
130,2019-11-01,11,2019,Government of Canada Bonds_Institutional Clients,221918
94,2019-11-01,11,2019,Government of Canada Bonds_Investment Dealers,58924
166,2019-11-01,11,2019,Government of Canada Bonds_Issuer,7
154,2019-11-01,11,2019,Government of Canada Bonds_Non-Residents,119682
142,2019-11-01,11,2019,Government of Canada Bonds_Retail Clients,291
22,2019-11-01,11,2019,Government of Canada Treasury Bills_Anonymous Systems: IDBBs and ATSs,4263
34,2019-11-01,11,2019,Government of Canada Treasury Bills_Banks,6497
46,2019-11-01,11,2019,Government of Canada Treasury Bills_Institutional Clients,58296
10,2019-11-01,11,2019,Government of Canada Treasury Bills_Investment Dealers,3433
82,2019-11-01,11,2019,Government of Canada Treasury Bills_Issuer,4701
70,2019-11-01,11,2019,Government of Canada Treasury Bills_Non-Residents,9314
58,2019-11-01,11,2019,Government of Canada Treasury Bills_Retail Clients,3928
107,2019-12-01,12,2019,Government of Canada Bonds_Anonymous Systems: IDBBs and ATSs,224862
119,2019-12-01,12,2019,Government of Canada Bonds_Banks,115602
131,2019-12-01,12,2019,Government of Canada Bonds_Institutional Clients,212885
95,2019-12-01,12,2019,Government of Canada Bonds_Investment Dealers,51052
167,2019-12-01,12,2019,Government of Canada Bonds_Issuer,9
155,2019-12-01,12,2019,Government of Canada Bonds_Non-Residents,106502
143,2019-12-01,12,2019,Government of Canada Bonds_Retail Clients,362
23,2019-12-01,12,2019,Government of Canada Treasury Bills_Anonymous Systems: IDBBs and ATSs,4290
35,2019-12-01,12,2019,Government of Canada Treasury Bills_Banks,6189
47,2019-12-01,12,2019,Government of Canada Treasury Bills_Institutional Clients,64848
11,2019-12-01,12,2019,Government of Canada Treasury Bills_Investment Dealers,4514
83,2019-12-01,12,2019,Government of Canada Treasury Bills_Issuer,4365
71,2019-12-01,12,2019,Government of Canada Treasury Bills_Non-Residents,7982
59,2019-12-01,12,2019,Government of Canada Treasury Bills_Retail Clients,1870
96,2020-01-01,1,2020,Government of Canada Bonds_Anonymous Systems: IDBBs and ATSs,306152.2475
108,2020-01-01,1,2020,Government of Canada Bonds_Banks,93870.12855
120,2020-01-01,1,2020,Government of Canada Bonds_Institutional Clients,281255.113212
84,2020-01-01,1,2020,Government of Canada Bonds_Investment Dealers,65927.549502
156,2020-01-01,1,2020,Government of Canada Bonds_Issuer,18
144,2020-01-01,1,2020,Government of Canada Bonds_Non-Residents,178737.712711
132,2020-01-01,1,2020,Government of Canada Bonds_Retail Clients,448.476711
12,2020-01-01,1,2020,Government of Canada Treasury Bills_Anonymous Systems: IDBBs and ATSs,5304
24,2020-01-01,1,2020,Government of Canada Treasury Bills_Banks,3345.3385
36,2020-01-01,1,2020,Government of Canada Treasury Bills_Institutional Clients,54499.011609
0,2020-01-01,1,2020,Government of Canada Treasury Bills_Investment Dealers,3111.861233
72,2020-01-01,1,2020,Government of Canada Treasury Bills_Issuer,4389.272
60,2020-01-01,1,2020,Government of Canada Treasury Bills_Non-Residents,11509.807477
48,2020-01-01,1,2020,Government of Canada Treasury Bills_Retail Clients,1063.224375
97,2020-02-01,2,2020,Government of Canada Bonds_Anonymous Systems: IDBBs and ATSs,261125.9425
109,2020-02-01,2,2020,Government of Canada Bonds_Banks,86672.462622
121,2020-02-01,2,2020,Government of Canada Bonds_Institutional Clients,245377.344431
85,2020-02-01,2,2020,Government of Canada Bonds_Investment Dealers,66558.180854
157,2020-02-01,2,2020,Government of Canada Bonds_Issuer,442.1
145,2020-02-01,2,2020,Government of Canada Bonds_Non-Residents,165187.75125
133,2020-02-01,2,2020,Government of Canada Bonds_Retail Clients,745.006722
13,2020-02-01,2,2020,Government of Canada Treasury Bills_Anonymous Systems: IDBBs and ATSs,5937.325
25,2020-02-01,2,2020,Government of Canada Treasury Bills_Banks,5497.799175
37,2020-02-01,2,2020,Government of Canada Treasury Bills_Institutional Clients,60909.516022
1,2020-02-01,2,2020,Government of Canada Treasury Bills_Investment Dealers,4234.066764
73,2020-02-01,2,2020,Government of Canada Treasury Bills_Issuer,4301.302
61,2020-02-01,2,2020,Government of Canada Treasury Bills_Non-Residents,13199.799606
49,2020-02-01,2,2020,Government of Canada Treasury Bills_Retail Clients,1031.138637
98,2020-03-01,3,2020,Government of Canada Bonds_Anonymous Systems: IDBBs and ATSs,356261.913
110,2020-03-01,3,2020,Government of Canada Bonds_Banks,163602.513765
122,2020-03-01,3,2020,Government of Canada Bonds_Institutional Clients,424855.752468
86,2020-03-01,3,2020,Government of Canada Bonds_Investment Dealers,87596.776689
158,2020-03-01,3,2020,Government of Canada Bonds_Issuer,358.051
146,2020-03-01,3,2020,Government of Canada Bonds_Non-Residents,265093.83611
134,2020-03-01,3,2020,Government of Canada Bonds_Retail Clients,1162.783116
14,2020-03-01,3,2020,Government of Canada Treasury Bills_Anonymous Systems: IDBBs and ATSs,5812.137
26,2020-03-01,3,2020,Government of Canada Treasury Bills_Banks,4711.042391
38,2020-03-01,3,2020,Government of Canada Treasury Bills_Institutional Clients,103726.587431
2,2020-03-01,3,2020,Government of Canada Treasury Bills_Investment Dealers,4636.983663
74,2020-03-01,3,2020,Government of Canada Treasury Bills_Issuer,11102
62,2020-03-01,3,2020,Government of Canada Treasury Bills_Non-Residents,18450.379369
50,2020-03-01,3,2020,Government of Canada Treasury Bills_Retail Clients,2351.211018
99,2020-04-01,4,2020,Government of Canada Bonds_Anonymous Systems: IDBBs and ATSs,401240.1575
111,2020-04-01,4,2020,Government of Canada Bonds_Banks,114214.571
123,2020-04-01,4,2020,Government of Canada Bonds_Institutional Clients,362300.416593
87,2020-04-01,4,2020,Government of Canada Bonds_Investment Dealers,81807.246534
159,2020-04-01,4,2020,Government of Canada Bonds_Issuer,2086.184
147,2020-04-01,4,2020,Government of Canada Bonds_Non-Residents,272791.353855
135,2020-04-01,4,2020,Government of Canada Bonds_Retail Clients,430.2984
15,2020-04-01,4,2020,Government of Canada Treasury Bills_Anonymous Systems: IDBBs and ATSs,8405.526
27,2020-04-01,4,2020,Government of Canada Treasury Bills_Banks,11690.308911
39,2020-04-01,4,2020,Government of Canada Treasury Bills_Institutional Clients,94468.474588
3,2020-04-01,4,2020,Government of Canada Treasury Bills_Investment Dealers,6539.323483
75,2020-04-01,4,2020,Government of Canada Treasury Bills_Issuer,17693.991
63,2020-04-01,4,2020,Government of Canada Treasury Bills_Non-Residents,27840.20318
51,2020-04-01,4,2020,Government of Canada Treasury Bills_Retail Clients,1379.548404
100,2020-05-01,5,2020,Government of Canada Bonds_Anonymous Systems: IDBBs and ATSs,293172.9845
112,2020-05-01,5,2020,Government of Canada Bonds_Banks,86828.524515
124,2020-05-01,5,2020,Government of Canada Bonds_Institutional Clients,221816.7055
88,2020-05-01,5,2020,Government of Canada Bonds_Investment Dealers,75495.901441
160,2020-05-01,5,2020,Government of Canada Bonds_Issuer,2711.659
148,2020-05-01,5,2020,Government of Canada Bonds_Non-Residents,203163.654212
136,2020-05-01,5,2020,Government of Canada Bonds_Retail Clients,415.350936
16,2020-05-01,5,2020,Government of Canada Treasury Bills_Anonymous Systems: IDBBs and ATSs,7042.4
28,2020-05-01,5,2020,Government of Canada Treasury Bills_Banks,7008.109943
40,2020-05-01,5,2020,Government of Canada Treasury Bills_Institutional Clients,102054.372155
4,2020-05-01,5,2020,Government of Canada Treasury Bills_Investment Dealers,4113.615712
76,2020-05-01,5,2020,Government of Canada Treasury Bills_Issuer,13237.991
64,2020-05-01,5,2020,Government of Canada Treasury Bills_Non-Residents,23305.96777
52,2020-05-01,5,2020,Government of Canada Treasury Bills_Retail Clients,1747.5988
101,2020-06-01,6,2020,Government of Canada Bonds_Anonymous Systems: IDBBs and ATSs,294700.8255
113,2020-06-01,6,2020,Government of Canada Bonds_Banks,104085.79845
125,2020-06-01,6,2020,Government of Canada Bonds_Institutional Clients,268569.1553
89,2020-06-01,6,2020,Government of Canada Bonds_Investment Dealers,81715.423425
161,2020-06-01,6,2020,Government of Canada Bonds_Issuer,4488.296
149,2020-06-01,6,2020,Government of Canada Bonds_Non-Residents,209112.1742
137,2020-06-01,6,2020,Government of Canada Bonds_Retail Clients,459.710209
17,2020-06-01,6,2020,Government of Canada Treasury Bills_Anonymous Systems: IDBBs and ATSs,6567.858
29,2020-06-01,6,2020,Government of Canada Treasury Bills_Banks,5327.343892
41,2020-06-01,6,2020,Government of Canada Treasury Bills_Institutional Clients,98902.980208
5,2020-06-01,6,2020,Government of Canada Treasury Bills_Investment Dealers,4424.923364
77,2020-06-01,6,2020,Government of Canada Treasury Bills_Issuer,7448.576
65,2020-06-01,6,2020,Government of Canada Treasury Bills_Non-Residents,18286.898261
53,2020-06-01,6,2020,Government of Canada Treasury Bills_Retail Clients,1516.636544
102,2020-07-01,7,2020,Government of Canada Bonds_Anonymous Systems: IDBBs and ATSs,236723.3945
114,2020-07-01,7,2020,Government of Canada Bonds_Banks,73609.074656
126,2020-07-01,7,2020,Government of Canada Bonds_Institutional Clients,178014.754588
90,2020-07-01,7,2020,Government of Canada Bonds_Investment Dealers,46106.517316
162,2020-07-01,7,2020,Government of Canada Bonds_Issuer,7146.428
150,2020-07-01,7,2020,Government of Canada Bonds_Non-Residents,145764.346192
138,2020-07-01,7,2020,Government of Canada Bonds_Retail Clients,1505.94077
18,2020-07-01,7,2020,Government of Canada Treasury Bills_Anonymous Systems: IDBBs and ATSs,8488.8
30,2020-07-01,7,2020,Government of Canada Treasury Bills_Banks,10242.627528
42,2020-07-01,7,2020,Government of Canada Treasury Bills_Institutional Clients,75824.390802
6,2020-07-01,7,2020,Government of Canada Treasury Bills_Investment Dealers,4070.953877
78,2020-07-01,7,2020,Government of Canada Treasury Bills_Issuer,6627.377
66,2020-07-01,7,2020,Government of Canada Treasury Bills_Non-Residents,20436.16013
54,2020-07-01,7,2020,Government of Canada Treasury Bills_Retail Clients,1145.281257
103,2020-08-01,8,2020,Government of Canada Bonds_Anonymous Systems: IDBBs and ATSs,280272.587
115,2020-08-01,8,2020,Government of Canada Bonds_Banks,73932.67585
127,2020-08-01,8,2020,Government of Canada Bonds_Institutional Clients,160812.269924
91,2020-08-01,8,2020,Government of Canada Bonds_Investment Dealers,53118.377002
163,2020-08-01,8,2020,Government of Canada Bonds_Issuer,6558.636
151,2020-08-01,8,2020,Government of Canada Bonds_Non-Residents,218320.25748
139,2020-08-01,8,2020,Government of Canada Bonds_Retail Clients,1560.60828
19,2020-08-01,8,2020,Government of Canada Treasury Bills_Anonymous Systems: IDBBs and ATSs,8875.1
31,2020-08-01,8,2020,Government of Canada Treasury Bills_Banks,6387.63491
43,2020-08-01,8,2020,Government of Canada Treasury Bills_Institutional Clients,77858.261601
7,2020-08-01,8,2020,Government of Canada Treasury Bills_Investment Dealers,3428.116987
79,2020-08-01,8,2020,Government of Canada Treasury Bills_Issuer,7601.215
67,2020-08-01,8,2020,Government of Canada Treasury Bills_Non-Residents,20597.448165
55,2020-08-01,8,2020,Government of Canada Treasury Bills_Retail Clients,1397.331669
104,2020-09-01,9,2020,Government of Canada Bonds_Anonymous Systems: IDBBs and ATSs,272721.086
116,2020-09-01,9,2020,Government of Canada Bonds_Banks,68356.8629
128,2020-09-01,9,2020,Government of Canada Bonds_Institutional Clients,175566.07706
92,2020-09-01,9,2020,Government of Canada Bonds_Investment Dealers,71670.58825
164,2020-09-01,9,2020,Government of Canada Bonds_Issuer,7919.005
152,2020-09-01,9,2020,Government of Canada Bonds_Non-Residents,195438.02975
140,2020-09-01,9,2020,Government of Canada Bonds_Retail Clients,1329.865738
20,2020-09-01,9,2020,Government of Canada Treasury Bills_Anonymous Systems: IDBBs and ATSs,6992.9975
32,2020-09-01,9,2020,Government of Canada Treasury Bills_Banks,5324.993227
44,2020-09-01,9,2020,Government of Canada Treasury Bills_Institutional Clients,97859.069215
8,2020-09-01,9,2020,Government of Canada Treasury Bills_Investment Dealers,5724.29254
80,2020-09-01,9,2020,Government of Canada Treasury Bills_Issuer,10010.194
68,2020-09-01,9,2020,Government of Canada Treasury Bills_Non-Residents,28760.884175
56,2020-09-01,9,2020,Government of Canada Treasury Bills_Retail Clients,1266.12982
105,2020-10-01,10,2020,Government of Canada Bonds_Anonymous Systems: IDBBs and ATSs,382433.8075
117,2020-10-01,10,2020,Government of Canada Bonds_Banks,93486.832701
129,2020-10-01,10,2020,Government of Canada Bonds_Institutional Clients,201831.565525
93,2020-10-01,10,2020,Government of Canada Bonds_Investment Dealers,67901.197517
165,2020-10-01,10,2020,Government of Canada Bonds_Issuer,5169.121
153,2020-10-01,10,2020,Government of Canada Bonds_Non-Residents,243379.50864
141,2020-10-01,10,2020,Government of Canada Bonds_Retail Clients,1517.437794
21,2020-10-01,10,2020,Government of Canada Treasury Bills_Anonymous Systems: IDBBs and ATSs,7833.005
33,2020-10-01,10,2020,Government of Canada Treasury Bills_Banks,4036.110722
45,2020-10-01,10,2020,Government of Canada Treasury Bills_Institutional Clients,87279.455246
9,2020-10-01,10,2020,Government of Canada Treasury Bills_Investment Dealers,4174.966586
81,2020-10-01,10,2020,Government of Canada Treasury Bills_Issuer,7776.267
69,2020-10-01,10,2020,Government of Canada Treasury Bills_Non-Residents,23227.258845
57,2020-10-01,10,2020,Government of Canada Treasury Bills_Retail Clients,863.135157
106,2020-11-01,11,2020,Government of Canada Bonds_Anonymous Systems: IDBBs and ATSs,243057.088
118,2020-11-01,11,2020,Government of Canada Bonds_Banks,69277.0915
130,2020-11-01,11,2020,Government of Canada Bonds_Institutional Clients,178402.146013
94,2020-11-01,11,2020,Government of Canada Bonds_Investment Dealers,49385.872316
166,2020-11-01,11,2020,Government of Canada Bonds_Issuer,2063.556
154,2020-11-01,11,2020,Government of Canada Bonds_Non-Residents,187648.175208
142,2020-11-01,11,2020,Government of Canada Bonds_Retail Clients,1323.830442
22,2020-11-01,11,2020,Government of Canada Treasury Bills_Anonymous Systems: IDBBs and ATSs,5364
34,2020-11-01,11,2020,Government of Canada Treasury Bills_Banks,3068.656906
46,2020-11-01,11,2020,Government of Canada Treasury Bills_Institutional Clients,72773.691462
10,2020-11-01,11,2020,Government of Canada Treasury Bills_Investment Dealers,2231.144073
82,2020-11-01,11,2020,Government of Canada Treasury Bills_Issuer,6516.315
70,2020-11-01,11,2020,Government of Canada Treasury Bills_Non-Residents,22767.36551
58,2020-11-01,11,2020,Government of Canada Treasury Bills_Retail Clients,1132.420918
107,2020-12-01,12,2020,Government of Canada Bonds_Anonymous Systems: IDBBs and ATSs,218862.773
119,2020-12-01,12,2020,Government of Canada Bonds_Banks,74372.705
131,2020-12-01,12,2020,Government of Canada Bonds_Institutional Clients,174773.384973
95,2020-12-01,12,2020,Government of Canada Bonds_Investment Dealers,52615.432031
167,2020-12-01,12,2020,Government of Canada Bonds_Issuer,1257.83
155,2020-12-01,12,2020,Government of Canada Bonds_Non-Residents,152160.70424
143,2020-12-01,12,2020,Government of Canada Bonds_Retail Clients,1149.021699
23,2020-12-01,12,2020,Government of Canada Treasury Bills_Anonymous Systems: IDBBs and ATSs,4960.2
35,2020-12-01,12,2020,Government of Canada Treasury Bills_Banks,2677.431324
47,2020-12-01,12,2020,Government of Canada Treasury Bills_Institutional Clients,66972.035
11,2020-12-01,12,2020,Government of Canada Treasury Bills_Investment Dealers,3021.994998
83,2020-12-01,12,2020,Government of Canada Treasury Bills_Issuer,5033.299
71,2020-12-01,12,2020,Government of Canada Treasury Bills_Non-Residents,19080.190948
59,2020-12-01,12,2020,Government of Canada Treasury Bills_Retail Clients,1071.157473
96,2021-01-01,1,2021,Government of Canada Bonds_Anonymous Systems: IDBBs and ATSs,311477.6635
108,2021-01-01,1,2021,Government of Canada Bonds_Banks,99290.9725
120,2021-01-01,1,2021,Government of Canada Bonds_Institutional Clients,218697.762053
84,2021-01-01,1,2021,Government of Canada Bonds_Investment Dealers,80348.136082
156,2021-01-01,1,2021,Government of Canada Bonds_Issuer,2723.799
144,2021-01-01,1,2021,Government of Canada Bonds_Non-Residents,231771.6141
132,2021-01-01,1,2021,Government of Canada Bonds_Retail Clients,1576.375855
12,2021-01-01,1,2021,Government of Canada Treasury Bills_Anonymous Systems: IDBBs and ATSs,4174.805
24,2021-01-01,1,2021,Government of Canada Treasury Bills_Banks,2143.774887
36,2021-01-01,1,2021,Government of Canada Treasury Bills_Institutional Clients,57983.1759
0,2021-01-01,1,2021,Government of Canada Treasury Bills_Investment Dealers,3320.984623
72,2021-01-01,1,2021,Government of Canada Treasury Bills_Issuer,4326
60,2021-01-01,1,2021,Government of Canada Treasury Bills_Non-Residents,13193.4905
48,2021-01-01,1,2021,Government of Canada Treasury Bills_Retail Clients,3472.511833
97,2021-02-01,2,2021,Government of Canada Bonds_Anonymous Systems: IDBBs and ATSs,296642.5215
109,2021-02-01,2,2021,Government of Canada Bonds_Banks,99308.3089
121,2021-02-01,2,2021,Government of Canada Bonds_Institutional Clients,216546.085481
85,2021-02-01,2,2021,Government of Canada Bonds_Investment Dealers,78547.582101
157,2021-02-01,2,2021,Government of Canada Bonds_Issuer,2172.744
145,2021-02-01,2,2021,Government of Canada Bonds_Non-Residents,268129.57916
133,2021-02-01,2,2021,Government of Canada Bonds_Retail Clients,1049.999915
13,2021-02-01,2,2021,Government of Canada Treasury Bills_Anonymous Systems: IDBBs and ATSs,3156.005
25,2021-02-01,2,2021,Government of Canada Treasury Bills_Banks,1980.370078
37,2021-02-01,2,2021,Government of Canada Treasury Bills_Institutional Clients,56804.46103
1,2021-02-01,2,2021,Government of Canada Treasury Bills_Investment Dealers,2205.189356
73,2021-02-01,2,2021,Government of Canada Treasury Bills_Issuer,4221.429
61,2021-02-01,2,2021,Government of Canada Treasury Bills_Non-Residents,13325.3266
49,2021-02-01,2,2021,Government of Canada Treasury Bills_Retail Clients,1609.532616
98,2021-03-01,3,2021,Government of Canada Bonds_Anonymous Systems: IDBBs and ATSs,391600.9585
110,2021-03-01,3,2021,Government of Canada Bonds_Banks,122572.52
122,2021-03-01,3,2021,Government of Canada Bonds_Institutional Clients,277828.645172
86,2021-03-01,3,2021,Government of Canada Bonds_Investment Dealers,89241.750031
158,2021-03-01,3,2021,Government of Canada Bonds_Issuer,4087.671
146,2021-03-01,3,2021,Government of Canada Bonds_Non-Residents,301487.292852
134,2021-03-01,3,2021,Government of Canada Bonds_Retail Clients,909.331599
14,2021-03-01,3,2021,Government of Canada Treasury Bills_Anonymous Systems: IDBBs and ATSs,7505.99
26,2021-03-01,3,2021,Government of Canada Treasury Bills_Banks,3574.260653
38,2021-03-01,3,2021,Government of Canada Treasury Bills_Institutional Clients,82560.65876
2,2021-03-01,3,2021,Government of Canada Treasury Bills_Investment Dealers,3017.317404
74,2021-03-01,3,2021,Government of Canada Treasury Bills_Issuer,8852.289
62,2021-03-01,3,2021,Government of Canada Treasury Bills_Non-Residents,22705.002
50,2021-03-01,3,2021,Government of Canada Treasury Bills_Retail Clients,1945.241924
99,2021-04-01,4,2021,Government of Canada Bonds_Anonymous Systems: IDBBs and ATSs,283328.3125
111,2021-04-01,4,2021,Government of Canada Bonds_Banks,94326.08045
123,2021-04-01,4,2021,Government of Canada Bonds_Institutional Clients,207003.579977
87,2021-04-01,4,2021,Government of Canada Bonds_Investment Dealers,73961.281219
159,2021-04-01,4,2021,Government of Canada Bonds_Issuer,3677.468
147,2021-04-01,4,2021,Government of Canada Bonds_Non-Residents,225806.80062
135,2021-04-01,4,2021,Government of Canada Bonds_Retail Clients,2324.930083
15,2021-04-01,4,2021,Government of Canada Treasury Bills_Anonymous Systems: IDBBs and ATSs,5167.781
27,2021-04-01,4,2021,Government of Canada Treasury Bills_Banks,2787.140078
39,2021-04-01,4,2021,Government of Canada Treasury Bills_Institutional Clients,71523.2141
3,2021-04-01,4,2021,Government of Canada Treasury Bills_Investment Dealers,2098.964306
75,2021-04-01,4,2021,Government of Canada Treasury Bills_Issuer,6151.205
63,2021-04-01,4,2021,Government of Canada Treasury Bills_Non-Residents,20137.895
51,2021-04-01,4,2021,Government of Canada Treasury Bills_Retail Clients,1742.180911
100,2021-05-01,5,2021,Government of Canada Bonds_Anonymous Systems: IDBBs and ATSs,266735.34
112,2021-05-01,5,2021,Government of Canada Bonds_Banks,73499.252425
124,2021-05-01,5,2021,Government of Canada Bonds_Institutional Clients,176766.310721
88,2021-05-01,5,2021,Government of Canada Bonds_Investment Dealers,58464.877735
160,2021-05-01,5,2021,Government of Canada Bonds_Issuer,930.735
148,2021-05-01,5,2021,Government of Canada Bonds_Non-Residents,228733.04645
136,2021-05-01,5,2021,Government of Canada Bonds_Retail Clients,2444.41477
16,2021-05-01,5,2021,Government of Canada Treasury Bills_Anonymous Systems: IDBBs and ATSs,4342
28,2021-05-01,5,2021,Government of Canada Treasury Bills_Banks,3011.723529
40,2021-05-01,5,2021,Government of Canada Treasury Bills_Institutional Clients,65450.0205
4,2021-05-01,5,2021,Government of Canada Treasury Bills_Investment Dealers,3353.067538
76,2021-05-01,5,2021,Government of Canada Treasury Bills_Issuer,6692.148
64,2021-05-01,5,2021,Government of Canada Treasury Bills_Non-Residents,27402.9785
52,2021-05-01,5,2021,Government of Canada Treasury Bills_Retail Clients,1146.456887
101,2021-06-01,6,2021,Government of Canada Bonds_Anonymous Systems: IDBBs and ATSs,262305.81
113,2021-06-01,6,2021,Government of Canada Bonds_Banks,85804.646
125,2021-06-01,6,2021,Government of Canada Bonds_Institutional Clients,235341.798845
89,2021-06-01,6,2021,Government of Canada Bonds_Investment Dealers,94924.848228
161,2021-06-01,6,2021,Government of Canada Bonds_Issuer,1816.834
149,2021-06-01,6,2021,Government of Canada Bonds_Non-Residents,239460.184422
137,2021-06-01,6,2021,Government of Canada Bonds_Retail Clients,1357.294048
17,2021-06-01,6,2021,Government of Canada Treasury Bills_Anonymous Systems: IDBBs and ATSs,3010.2
29,2021-06-01,6,2021,Government of Canada Treasury Bills_Banks,5129.898972
41,2021-06-01,6,2021,Government of Canada Treasury Bills_Institutional Clients,80772.49692
5,2021-06-01,6,2021,Government of Canada Treasury Bills_Investment Dealers,3417.631472
77,2021-06-01,6,2021,Government of Canada Treasury Bills_Issuer,8083.892
65,2021-06-01,6,2021,Government of Canada Treasury Bills_Non-Residents,26665.168
53,2021-06-01,6,2021,Government of Canada Treasury Bills_Retail Clients,1614.492566
102,2021-07-01,7,2021,Government of Canada Bonds_Anonymous Systems: IDBBs and ATSs,219633.3945
114,2021-07-01,7,2021,Government of Canada Bonds_Banks,87966.6195
126,2021-07-01,7,2021,Government of Canada Bonds_Institutional Clients,192792.54639
90,2021-07-01,7,2021,Government of Canada Bonds_Investment Dealers,96009.302413
162,2021-07-01,7,2021,Government of Canada Bonds_Issuer,917.107
150,2021-07-01,7,2021,Government of Canada Bonds_Non-Residents,186888.021504
138,2021-07-01,7,2021,Government of Canada Bonds_Retail Clients,297.25271
18,2021-07-01,7,2021,Government of Canada Treasury Bills_Anonymous Systems: IDBBs and ATSs,2678.8
30,2021-07-01,7,2021,Government of Canada Treasury Bills_Banks,3864.228533
42,2021-07-01,7,2021,Government of Canada Treasury Bills_Institutional Clients,62276.8186
6,2021-07-01,7,2021,Government of Canada Treasury Bills_Investment Dealers,3673.186906
78,2021-07-01,7,2021,Government of Canada Treasury Bills_Issuer,6645.588
66,2021-07-01,7,2021,Government of Canada Treasury Bills_Non-Residents,25633.503
54,2021-07-01,7,2021,Government of Canada Treasury Bills_Retail Clients,1263.03984
103,2021-08-01,8,2021,Government of Canada Bonds_Anonymous Systems: IDBBs and ATSs,187540.3005
115,2021-08-01,8,2021,Government of Canada Bonds_Banks,77028.5462
127,2021-08-01,8,2021,Government of Canada Bonds_Institutional Clients,165803.855761
91,2021-08-01,8,2021,Government of Canada Bonds_Investment Dealers,83145.399421
163,2021-08-01,8,2021,Government of Canada Bonds_Issuer,123.261
151,2021-08-01,8,2021,Government of Canada Bonds_Non-Residents,179660.75134
139,2021-08-01,8,2021,Government of Canada Bonds_Retail Clients,732.379782
19,2021-08-01,8,2021,Government of Canada Treasury Bills_Anonymous Systems: IDBBs and ATSs,3715.727
31,2021-08-01,8,2021,Government of Canada Treasury Bills_Banks,4906.506748
43,2021-08-01,8,2021,Government of Canada Treasury Bills_Institutional Clients,78239.559
7,2021-08-01,8,2021,Government of Canada Treasury Bills_Investment Dealers,5354.251171
79,2021-08-01,8,2021,Government of Canada Treasury Bills_Issuer,6150.643
67,2021-08-01,8,2021,Government of Canada Treasury Bills_Non-Residents,23476.532
55,2021-08-01,8,2021,Government of Canada Treasury Bills_Retail Clients,1123.789224
104,2021-09-01,9,2021,Government of Canada Bonds_Anonymous Systems: IDBBs and ATSs,293757.9965
116,2021-09-01,9,2021,Government of Canada Bonds_Banks,92594.977045
128,2021-09-01,9,2021,Government of Canada Bonds_Institutional Clients,226780.305361
92,2021-09-01,9,2021,Government of Canada Bonds_Investment Dealers,103761.158852
164,2021-09-01,9,2021,Government of Canada Bonds_Issuer,679.7
152,2021-09-01,9,2021,Government of Canada Bonds_Non-Residents,206186.483592
140,2021-09-01,9,2021,Government of Canada Bonds_Retail Clients,1737.606739
20,2021-09-01,9,2021,Government of Canada Treasury Bills_Anonymous Systems: IDBBs and ATSs,4607.9
32,2021-09-01,9,2021,Government of Canada Treasury Bills_Banks,4868.888893
44,2021-09-01,9,2021,Government of Canada Treasury Bills_Institutional Clients,70770.5572
8,2021-09-01,9,2021,Government of Canada Treasury Bills_Investment Dealers,3815.636368
80,2021-09-01,9,2021,Government of Canada Treasury Bills_Issuer,5138.789
68,2021-09-01,9,2021,Government of Canada Treasury Bills_Non-Residents,15275.4405
56,2021-09-01,9,2021,Government of Canada Treasury Bills_Retail Clients,939.819959
105,2021-10-01,10,2021,Government of Canada Bonds_Anonymous Systems: IDBBs and ATSs,309254.5875
117,2021-10-01,10,2021,Government of Canada Bonds_Banks,111109.45375
129,2021-10-01,10,2021,Government of Canada Bonds_Institutional Clients,218705.865207
93,2021-10-01,10,2021,Government of Canada Bonds_Investment Dealers,116361.534
165,2021-10-01,10,2021,Government of Canada Bonds_Issuer,1471.692
153,2021-10-01,10,2021,Government of Canada Bonds_Non-Residents,214303.69966
141,2021-10-01,10,2021,Government of Canada Bonds_Retail Clients,852.373909
21,2021-10-01,10,2021,Government of Canada Treasury Bills_Anonymous Systems: IDBBs and ATSs,3048.902
33,2021-10-01,10,2021,Government of Canada Treasury Bills_Banks,4851.491846
45,2021-10-01,10,2021,Government of Canada Treasury Bills_Institutional Clients,53691.352
9,2021-10-01,10,2021,Government of Canada Treasury Bills_Investment Dealers,3200.174542
81,2021-10-01,10,2021,Government of Canada Treasury Bills_Issuer,5381.76
69,2021-10-01,10,2021,Government of Canada Treasury Bills_Non-Residents,13382.3225
57,2021-10-01,10,2021,Government of Canada Treasury Bills_Retail Clients,1024.305476
106,2021-11-01,11,2021,Government of Canada Bonds_Anonymous Systems: IDBBs and ATSs,273173.203
118,2021-11-01,11,2021,Government of Canada Bonds_Banks,100970.6805
130,2021-11-01,11,2021,Government of Canada Bonds_Institutional Clients,222087.152945
94,2021-11-01,11,2021,Government of Canada Bonds_Investment Dealers,87864.233154
166,2021-11-01,11,2021,Government of Canada Bonds_Issuer,990
154,2021-11-01,11,2021,Government of Canada Bonds_Non-Residents,207744.63132
142,2021-11-01,11,2021,Government of Canada Bonds_Retail Clients,987.937871
22,2021-11-01,11,2021,Government of Canada Treasury Bills_Anonymous Systems: IDBBs and ATSs,4925.62
34,2021-11-01,11,2021,Government of Canada Treasury Bills_Banks,4781.700008
46,2021-11-01,11,2021,Government of Canada Treasury Bills_Institutional Clients,51704.19052
10,2021-11-01,11,2021,Government of Canada Treasury Bills_Investment Dealers,4786.577581
82,2021-11-01,11,2021,Government of Canada Treasury Bills_Issuer,5472.02
70,2021-11-01,11,2021,Government of Canada Treasury Bills_Non-Residents,21278.727219
58,2021-11-01,11,2021,Government of Canada Treasury Bills_Retail Clients,1174.325303
107,2021-12-01,12,2021,Government of Canada Bonds_Anonymous Systems: IDBBs and ATSs,229403.839
119,2021-12-01,12,2021,Government of Canada Bonds_Banks,82388.4665
131,2021-12-01,12,2021,Government of Canada Bonds_Institutional Clients,193246.169996
95,2021-12-01,12,2021,Government of Canada Bonds_Investment Dealers,85155.229999
167,2021-12-01,12,2021,Government of Canada Bonds_Issuer,103.34
155,2021-12-01,12,2021,Government of Canada Bonds_Non-Residents,156112.47893
143,2021-12-01,12,2021,Government of Canada Bonds_Retail Clients,407.35336
23,2021-12-01,12,2021,Government of Canada Treasury Bills_Anonymous Systems: IDBBs and ATSs,9711.978
35,2021-12-01,12,2021,Government of Canada Treasury Bills_Banks,5695.96959
47,2021-12-01,12,2021,Government of Canada Treasury Bills_Institutional Clients,58378.707937
11,2021-12-01,12,2021,Government of Canada Treasury Bills_Investment Dealers,4571.968179
83,2021-12-01,12,2021,Government of Canada Treasury Bills_Issuer,7890
71,2021-12-01,12,2021,Government of Canada Treasury Bills_Non-Residents,20109.577609
59,2021-12-01,12,2021,Government of Canada Treasury Bills_Retail Clients,791.541605
96,2022-01-01,1,2022,Government of Canada Bonds_Anonymous Systems: IDBBs and ATSs,267792.517
108,2022-01-01,1,2022,Government of Canada Bonds_Banks,113133.69513
120,2022-01-01,1,2022,Government of Canada Bonds_Institutional Clients,213411.382
84,2022-01-01,1,2022,Government of Canada Bonds_Investment Dealers,109363.807117
156,2022-01-01,1,2022,Government of Canada Bonds_Issuer,151.111
144,2022-01-01,1,2022,Government of Canada Bonds_Non-Residents,189615.72863
132,2022-01-01,1,2022,Government of Canada Bonds_Retail Clients,790.106824
12,2022-01-01,1,2022,Government of Canada Treasury Bills_Anonymous Systems: IDBBs and ATSs,13197.474
24,2022-01-01,1,2022,Government of Canada Treasury Bills_Banks,4243.695571
36,2022-01-01,1,2022,Government of Canada Treasury Bills_Institutional Clients,57607.301997
0,2022-01-01,1,2022,Government of Canada Treasury Bills_Investment Dealers,2862.737805
72,2022-01-01,1,2022,Government of Canada Treasury Bills_Issuer,4302.303
60,2022-01-01,1,2022,Government of Canada Treasury Bills_Non-Residents,17463.631
48,2022-01-01,1,2022,Government of Canada Treasury Bills_Retail Clients,663.034051
97,2022-02-01,2,2022,Government of Canada Bonds_Anonymous Systems: IDBBs and ATSs,255680.36
109,2022-02-01,2,2022,Government of Canada Bonds_Banks,94003.869
121,2022-02-01,2,2022,Government of Canada Bonds_Institutional Clients,194214.51904
85,2022-02-01,2,2022,Government of Canada Bonds_Investment Dealers,94954.6656
157,2022-02-01,2,2022,Government of Canada Bonds_Issuer,35
145,2022-02-01,2,2022,Government of Canada Bonds_Non-Residents,165774.234525
133,2022-02-01,2,2022,Government of Canada Bonds_Retail Clients,483.329359
13,2022-02-01,2,2022,Government of Canada Treasury Bills_Anonymous Systems: IDBBs and ATSs,6467.025
25,2022-02-01,2,2022,Government of Canada Treasury Bills_Banks,3648.400747
37,2022-02-01,2,2022,Government of Canada Treasury Bills_Institutional Clients,49116.447
1,2022-02-01,2,2022,Government of Canada Treasury Bills_Investment Dealers,2249.235129
73,2022-02-01,2,2022,Government of Canada Treasury Bills_Issuer,4632.19
61,2022-02-01,2,2022,Government of Canada Treasury Bills_Non-Residents,11710.4245
49,2022-02-01,2,2022,Government of Canada Treasury Bills_Retail Clients,432.38339
98,2022-03-01,3,2022,Government of Canada Bonds_Anonymous Systems: IDBBs and ATSs,445034.939
110,2022-03-01,3,2022,Government of Canada Bonds_Banks,159410.1635
122,2022-03-01,3,2022,Government of Canada Bonds_Institutional Clients,320209.086557
86,2022-03-01,3,2022,Government of Canada Bonds_Investment Dealers,186996.098502
158,2022-03-01,3,2022,Government of Canada Bonds_Issuer,104.091
146,2022-03-01,3,2022,Government of Canada Bonds_Non-Residents,259469.29375
134,2022-03-01,3,2022,Government of Canada Bonds_Retail Clients,1040.318407
14,2022-03-01,3,2022,Government of Canada Treasury Bills_Anonymous Systems: IDBBs and ATSs,10504.09
26,2022-03-01,3,2022,Government of Canada Treasury Bills_Banks,6401.360156
38,2022-03-01,3,2022,Government of Canada Treasury Bills_Institutional Clients,98678.39304
2,2022-03-01,3,2022,Government of Canada Treasury Bills_Investment Dealers,6388.410987
74,2022-03-01,3,2022,Government of Canada Treasury Bills_Issuer,8953.489
62,2022-03-01,3,2022,Government of Canada Treasury Bills_Non-Residents,26447.7205
50,2022-03-01,3,2022,Government of Canada Treasury Bills_Retail Clients,1307.358723
99,2022-04-01,4,2022,Government of Canada Bonds_Anonymous Systems: IDBBs and ATSs,270790.9695
111,2022-04-01,4,2022,Government of Canada Bonds_Banks,92265.8975
123,2022-04-01,4,2022,Government of Canada Bonds_Institutional Clients,200336.31442
87,2022-04-01,4,2022,Government of Canada Bonds_Investment Dealers,121659.41029
159,2022-04-01,4,2022,Government of Canada Bonds_Issuer,299.489
147,2022-04-01,4,2022,Government of Canada Bonds_Non-Residents,155911.230315
135,2022-04-01,4,2022,Government of Canada Bonds_Retail Clients,1304.634935
15,2022-04-01,4,2022,Government of Canada Treasury Bills_Anonymous Systems: IDBBs and ATSs,6271.3455
27,2022-04-01,4,2022,Government of Canada Treasury Bills_Banks,5255.791268
39,2022-04-01,4,2022,Government of Canada Treasury Bills_Institutional Clients,77466.71644
3,2022-04-01,4,2022,Government of Canada Treasury Bills_Investment Dealers,6616.06807
75,2022-04-01,4,2022,Government of Canada Treasury Bills_Issuer,5180.913
63,2022-04-01,4,2022,Government of Canada Treasury Bills_Non-Residents,15418.689
51,2022-04-01,4,2022,Government of Canada Treasury Bills_Retail Clients,1485.307314
100,2022-05-01,5,2022,Government of Canada Bonds_Anonymous Systems: IDBBs and ATSs,289342.8525
112,2022-05-01,5,2022,Government of Canada Bonds_Banks,101182.7605
124,2022-05-01,5,2022,Government of Canada Bonds_Institutional Clients,217960.805335
88,2022-05-01,5,2022,Government of Canada Bonds_Investment Dealers,124324.75663
160,2022-05-01,5,2022,Government of Canada Bonds_Issuer,109.5
148,2022-05-01,5,2022,Government of Canada Bonds_Non-Residents,202385.6036
136,2022-05-01,5,2022,Government of Canada Bonds_Retail Clients,1101.397108
16,2022-05-01,5,2022,Government of Canada Treasury Bills_Anonymous Systems: IDBBs and ATSs,7516.694
28,2022-05-01,5,2022,Government of Canada Treasury Bills_Banks,4990.77665
40,2022-05-01,5,2022,Government of Canada Treasury Bills_Institutional Clients,56624.673
4,2022-05-01,5,2022,Government of Canada Treasury Bills_Investment Dealers,4696.250196
76,2022-05-01,5,2022,Government of Canada Treasury Bills_Issuer,5845.5
64,2022-05-01,5,2022,Government of Canada Treasury Bills_Non-Residents,12262.077612
52,2022-05-01,5,2022,Government of Canada Treasury Bills_Retail Clients,848.934282
101,2022-06-01,6,2022,Government of Canada Bonds_Anonymous Systems: IDBBs and ATSs,315511.17
113,2022-06-01,6,2022,Government of Canada Bonds_Banks,108675.73442
125,2022-06-01,6,2022,Government of Canada Bonds_Institutional Clients,280357.64085
89,2022-06-01,6,2022,Government of Canada Bonds_Investment Dealers,140453.40026
161,2022-06-01,6,2022,Government of Canada Bonds_Issuer,173.1
149,2022-06-01,6,2022,Government of Canada Bonds_Non-Residents,220176.602675
137,2022-06-01,6,2022,Government of Canada Bonds_Retail Clients,1710.921395
17,2022-06-01,6,2022,Government of Canada Treasury Bills_Anonymous Systems: IDBBs and ATSs,8398.994
29,2022-06-01,6,2022,Government of Canada Treasury Bills_Banks,5531.205751
41,2022-06-01,6,2022,Government of Canada Treasury Bills_Institutional Clients,85331.089
5,2022-06-01,6,2022,Government of Canada Treasury Bills_Investment Dealers,5637.341307
77,2022-06-01,6,2022,Government of Canada Treasury Bills_Issuer,5997.511
65,2022-06-01,6,2022,Government of Canada Treasury Bills_Non-Residents,15420.042
53,2022-06-01,6,2022,Government of Canada Treasury Bills_Retail Clients,1563.146684
102,2022-07-01,7,2022,Government of Canada Bonds_Anonymous Systems: IDBBs and ATSs,224612.351
114,2022-07-01,7,2022,Government of Canada Bonds_Banks,99397.7846
126,2022-07-01,7,2022,Government of Canada Bonds_Institutional Clients,203721.287717
90,2022-07-01,7,2022,Government of Canada Bonds_Investment Dealers,116547.67095
162,2022-07-01,7,2022,Government of Canada Bonds_Issuer,176.2
150,2022-07-01,7,2022,Government of Canada Bonds_Non-Residents,153288.397088
138,2022-07-01,7,2022,Government of Canada Bonds_Retail Clients,1425.142087
18,2022-07-01,7,2022,Government of Canada Treasury Bills_Anonymous Systems: IDBBs and ATSs,4954.598
30,2022-07-01,7,2022,Government of Canada Treasury Bills_Banks,5598.666508
42,2022-07-01,7,2022,Government of Canada Treasury Bills_Institutional Clients,77551.409
6,2022-07-01,7,2022,Government of Canada Treasury Bills_Investment Dealers,4293.295372
78,2022-07-01,7,2022,Government of Canada Treasury Bills_Issuer,7507.727
66,2022-07-01,7,2022,Government of Canada Treasury Bills_Non-Residents,14852.6895
54,2022-07-01,7,2022,Government of Canada Treasury Bills_Retail Clients,1306.84102
103,2022-08-01,8,2022,Government of Canada Bonds_Anonymous Systems: IDBBs and ATSs,306464.041
115,2022-08-01,8,2022,Government of Canada Bonds_Banks,94498.3205
127,2022-08-01,8,2022,Government of Canada Bonds_Institutional Clients,284435.377215
91,2022-08-01,8,2022,Government of Canada Bonds_Investment Dealers,128007.73365
163,2022-08-01,8,2022,Government of Canada Bonds_Issuer,35
151,2022-08-01,8,2022,Government of Canada Bonds_Non-Residents,175486.03495
139,2022-08-01,8,2022,Government of Canada Bonds_Retail Clients,976.544616
19,2022-08-01,8,2022,Government of Canada Treasury Bills_Anonymous Systems: IDBBs and ATSs,3899.7245
31,2022-08-01,8,2022,Government of Canada Treasury Bills_Banks,7552.917431
43,2022-08-01,8,2022,Government of Canada Treasury Bills_Institutional Clients,97577.268322
7,2022-08-01,8,2022,Government of Canada Treasury Bills_Investment Dealers,6065.434512
79,2022-08-01,8,2022,Government of Canada Treasury Bills_Issuer,9854.51
67,2022-08-01,8,2022,Government of Canada Treasury Bills_Non-Residents,18134.114687
55,2022-08-01,8,2022,Government of Canada Treasury Bills_Retail Clients,2223.950989
104,2022-09-01,9,2022,Government of Canada Bonds_Anonymous Systems: IDBBs and ATSs,270485.941
116,2022-09-01,9,2022,Government of Canada Bonds_Banks,111137.705375
128,2022-09-01,9,2022,Government of Canada Bonds_Institutional Clients,216924.446621
92,2022-09-01,9,2022,Government of Canada Bonds_Investment Dealers,123654.901235
164,2022-09-01,9,2022,Government of Canada Bonds_Issuer,65
152,2022-09-01,9,2022,Government of Canada Bonds_Non-Residents,167995.624386
140,2022-09-01,9,2022,Government of Canada Bonds_Retail Clients,942.635327
20,2022-09-01,9,2022,Government of Canada Treasury Bills_Anonymous Systems: IDBBs and ATSs,3879.4035
32,2022-09-01,9,2022,Government of Canada Treasury Bills_Banks,4581.195936
44,2022-09-01,9,2022,Government of Canada Treasury Bills_Institutional Clients,74162.228641
8,2022-09-01,9,2022,Government of Canada Treasury Bills_Investment Dealers,3142.787009
80,2022-09-01,9,2022,Government of Canada Treasury Bills_Issuer,7321.75
68,2022-09-01,9,2022,Government of Canada Treasury Bills_Non-Residents,10140.200422
56,2022-09-01,9,2022,Government of Canada Treasury Bills_Retail Clients,2169.832421
105,2022-10-01,10,2022,Government of Canada Bonds_Anonymous Systems: IDBBs and ATSs,244498.189
117,2022-10-01,10,2022,Government of Canada Bonds_Banks,104744.512175
129,2022-10-01,10,2022,Government of Canada Bonds_Institutional Clients,242902.278829
93,2022-10-01,10,2022,Government of Canada Bonds_Investment Dealers,150513.892065
165,2022-10-01,10,2022,Government of Canada Bonds_Issuer,136.953
153,2022-10-01,10,2022,Government of Canada Bonds_Non-Residents,168256.643343
141,2022-10-01,10,2022,Government of Canada Bonds_Retail Clients,1081.945475
21,2022-10-01,10,2022,Government of Canada Treasury Bills_Anonymous Systems: IDBBs and ATSs,1688.5715
33,2022-10-01,10,2022,Government of Canada Treasury Bills_Banks,8444.835683
45,2022-10-01,10,2022,Government of Canada Treasury Bills_Institutional Clients,79718.981
9,2022-10-01,10,2022,Government of Canada Treasury Bills_Investment Dealers,5050.673345
81,2022-10-01,10,2022,Government of Canada Treasury Bills_Issuer,7975
69,2022-10-01,10,2022,Government of Canada Treasury Bills_Non-Residents,15624.429069
57,2022-10-01,10,2022,Government of Canada Treasury Bills_Retail Clients,2698.888224
106,2022-11-01,11,2022,Government of Canada Bonds_Anonymous Systems: IDBBs and ATSs,248675.133596
118,2022-11-01,11,2022,Government of Canada Bonds_Banks,104118.894
130,2022-11-01,11,2022,Government of Canada Bonds_Institutional Clients,242949.528754
94,2022-11-01,11,2022,Government of Canada Bonds_Investment Dealers,133299.328258
166,2022-11-01,11,2022,Government of Canada Bonds_Issuer,45
154,2022-11-01,11,2022,Government of Canada Bonds_Non-Residents,174939.762905
142,2022-11-01,11,2022,Government of Canada Bonds_Retail Clients,1321.894445
22,2022-11-01,11,2022,Government of Canada Treasury Bills_Anonymous Systems: IDBBs and ATSs,3680.7245
34,2022-11-01,11,2022,Government of Canada Treasury Bills_Banks,9219.721222
46,2022-11-01,11,2022,Government of Canada Treasury Bills_Institutional Clients,79892.824133
10,2022-11-01,11,2022,Government of Canada Treasury Bills_Investment Dealers,5710.464293
82,2022-11-01,11,2022,Government of Canada Treasury Bills_Issuer,6768.045
70,2022-11-01,11,2022,Government of Canada Treasury Bills_Non-Residents,21445.600372
58,2022-11-01,11,2022,Government of Canada Treasury Bills_Retail Clients,2096.000724
107,2022-12-01,12,2022,Government of Canada Bonds_Anonymous Systems: IDBBs and ATSs,210580.009
119,2022-12-01,12,2022,Government of Canada Bonds_Banks,93752.77842
131,2022-12-01,12,2022,Government of Canada Bonds_Institutional Clients,196179.584411
95,2022-12-01,12,2022,Government of Canada Bonds_Investment Dealers,134203.251316
167,2022-12-01,12,2022,Government of Canada Bonds_Issuer,159.6
155,2022-12-01,12,2022,Government of Canada Bonds_Non-Residents,154397.2752
143,2022-12-01,12,2022,Government of Canada Bonds_Retail Clients,1049.958539
23,2022-12-01,12,2022,Government of Canada Treasury Bills_Anonymous Systems: IDBBs and ATSs,3569.439
35,2022-12-01,12,2022,Government of Canada Treasury Bills_Banks,10015.064116
47,2022-12-01,12,2022,Government of Canada Treasury Bills_Institutional Clients,82880.696245
11,2022-12-01,12,2022,Government of Canada Treasury Bills_Investment Dealers,6220.091751
83,2022-12-01,12,2022,Government of Canada Treasury Bills_Issuer,6856
71,2022-12-01,12,2022,Government of Canada Treasury Bills_Non-Residents,17854.287512
59,2022-12-01,12,2022,Government of Canada Treasury Bills_Retail Clients,1943.132751
96,2023-01-01,1,2023,Government of Canada Bonds_Anonymous Systems: IDBBs and ATSs,292087.7755
108,2023-01-01,1,2023,Government of Canada Bonds_Banks,121571.021284
120,2023-01-01,1,2023,Government of Canada Bonds_Institutional Clients,192194.998595
84,2023-01-01,1,2023,Government of Canada Bonds_Investment Dealers,150392.301924
156,2023-01-01,1,2023,Government of Canada Bonds_Issuer,362.7
144,2023-01-01,1,2023,Government of Canada Bonds_Non-Residents,194962.951213
132,2023-01-01,1,2023,Government of Canada Bonds_Retail Clients,1138.020793
12,2023-01-01,1,2023,Government of Canada Treasury Bills_Anonymous Systems: IDBBs and ATSs,6405.357
24,2023-01-01,1,2023,Government of Canada Treasury Bills_Banks,9907.865077
36,2023-01-01,1,2023,Government of Canada Treasury Bills_Institutional Clients,90023.557678
0,2023-01-01,1,2023,Government of Canada Treasury Bills_Investment Dealers,7310.183996
72,2023-01-01,1,2023,Government of Canada Treasury Bills_Issuer,8672.236
60,2023-01-01,1,2023,Government of Canada Treasury Bills_Non-Residents,21324.681889
48,2023-01-01,1,2023,Government of Canada Treasury Bills_Retail Clients,1712.462494
97,2023-02-01,2,2023,Government of Canada Bonds_Anonymous Systems: IDBBs and ATSs,278898.1215
109,2023-02-01,2,2023,Government of Canada Bonds_Banks,105499.01505
121,2023-02-01,2,2023,Government of Canada Bonds_Institutional Clients,257938.945475
85,2023-02-01,2,2023,Government of Canada Bonds_Investment Dealers,132070.35105
157,2023-02-01,2,2023,Government of Canada Bonds_Issuer,64
145,2023-02-01,2,2023,Government of Canada Bonds_Non-Residents,203282.641313
133,2023-02-01,2,2023,Government of Canada Bonds_Retail Clients,1441.554847
13,2023-02-01,2,2023,Government of Canada Treasury Bills_Anonymous Systems: IDBBs and ATSs,4909.61
25,2023-02-01,2,2023,Government of Canada Treasury Bills_Banks,9607.434754
37,2023-02-01,2,2023,Government of Canada Treasury Bills_Institutional Clients,93803.086022
1,2023-02-01,2,2023,Government of Canada Treasury Bills_Investment Dealers,6001.374311
73,2023-02-01,2,2023,Government of Canada Treasury Bills_Issuer,8281.186
61,2023-02-01,2,2023,Government of Canada Treasury Bills_Non-Residents,17727.262897
49,2023-02-01,2,2023,Government of Canada Treasury Bills_Retail Clients,1521.478664
98,2023-03-01,3,2023,Government of Canada Bonds_Anonymous Systems: IDBBs and ATSs,321669.968
110,2023-03-01,3,2023,Government of Canada Bonds_Banks,138914.55655
122,2023-03-01,3,2023,Government of Canada Bonds_Institutional Clients,235888.37958
86,2023-03-01,3,2023,Government of Canada Bonds_Investment Dealers,175397.079
158,2023-03-01,3,2023,Government of Canada Bonds_Issuer,39
146,2023-03-01,3,2023,Government of Canada Bonds_Non-Residents,251661.585705
134,2023-03-01,3,2023,Government of Canada Bonds_Retail Clients,2328.817887
14,2023-03-01,3,2023,Government of Canada Treasury Bills_Anonymous Systems: IDBBs and ATSs,4302.4135
26,2023-03-01,3,2023,Government of Canada Treasury Bills_Banks,10083.843421
38,2023-03-01,3,2023,Government of Canada Treasury Bills_Institutional Clients,101942.53844
2,2023-03-01,3,2023,Government of Canada Treasury Bills_Investment Dealers,6825.157482
74,2023-03-01,3,2023,Government of Canada Treasury Bills_Issuer,7389.154
62,2023-03-01,3,2023,Government of Canada Treasury Bills_Non-Residents,21066.906608
50,2023-03-01,3,2023,Government of Canada Treasury Bills_Retail Clients,3971.294574
99,2023-04-01,4,2023,Government of Canada Bonds_Anonymous Systems: IDBBs and ATSs,188462.817546
111,2023-04-01,4,2023,Government of Canada Bonds_Banks,119786.045828
123,2023-04-01,4,2023,Government of Canada Bonds_Institutional Clients,163001.120965
87,2023-04-01,4,2023,Government of Canada Bonds_Investment Dealers,142477.181228
159,2023-04-01,4,2023,Government of Canada Bonds_Issuer,156
147,2023-04-01,4,2023,Government of Canada Bonds_Non-Residents,155472.340075
135,2023-04-01,4,2023,Government of Canada Bonds_Retail Clients,3144.790501
15,2023-04-01,4,2023,Government of Canada Treasury Bills_Anonymous Systems: IDBBs and ATSs,4163.204
27,2023-04-01,4,2023,Government of Canada Treasury Bills_Banks,8004.536011
39,2023-04-01,4,2023,Government of Canada Treasury Bills_Institutional Clients,84708.855906
3,2023-04-01,4,2023,Government of Canada Treasury Bills_Investment Dealers,5583.078773
75,2023-04-01,4,2023,Government of Canada Treasury Bills_Issuer,7775.29
63,2023-04-01,4,2023,Government of Canada Treasury Bills_Non-Residents,20939.400593
51,2023-04-01,4,2023,Government of Canada Treasury Bills_Retail Clients,3022.83675
100,2023-05-01,5,2023,Government of Canada Bonds_Anonymous Systems: IDBBs and ATSs,300751.435
112,2023-05-01,5,2023,Government of Canada Bonds_Banks,133581.695224
124,2023-05-01,5,2023,Government of Canada Bonds_Institutional Clients,222505.49554
88,2023-05-01,5,2023,Government of Canada Bonds_Investment Dealers,161584.556525
160,2023-05-01,5,2023,Government of Canada Bonds_Issuer,438.5
148,2023-05-01,5,2023,Government of Canada Bonds_Non-Residents,216848.663256
136,2023-05-01,5,2023,Government of Canada Bonds_Retail Clients,2506.889911
16,2023-05-01,5,2023,Government of Canada Treasury Bills_Anonymous Systems: IDBBs and ATSs,9377.8551
28,2023-05-01,5,2023,Government of Canada Treasury Bills_Banks,13009.82748
40,2023-05-01,5,2023,Government of Canada Treasury Bills_Institutional Clients,102655.065852
4,2023-05-01,5,2023,Government of Canada Treasury Bills_Investment Dealers,7243.141013
76,2023-05-01,5,2023,Government of Canada Treasury Bills_Issuer,1014.241
64,2023-05-01,5,2023,Government of Canada Treasury Bills_Non-Residents,26007.281652
52,2023-05-01,5,2023,Government of Canada Treasury Bills_Retail Clients,3484.528591
101,2023-06-01,6,2023,Government of Canada Bonds_Anonymous Systems: IDBBs and ATSs,244361.965
113,2023-06-01,6,2023,Government of Canada Bonds_Banks,136283.301528
125,2023-06-01,6,2023,Government of Canada Bonds_Institutional Clients,241969.709344
89,2023-06-01,6,2023,Government of Canada Bonds_Investment Dealers,159823.053991
161,2023-06-01,6,2023,Government of Canada Bonds_Issuer,63
149,2023-06-01,6,2023,Government of Canada Bonds_Non-Residents,223868.64284
137,2023-06-01,6,2023,Government of Canada Bonds_Retail Clients,2742.274849
17,2023-06-01,6,2023,Government of Canada Treasury Bills_Anonymous Systems: IDBBs and ATSs,13588.7755
29,2023-06-01,6,2023,Government of Canada Treasury Bills_Banks,13018.037713
41,2023-06-01,6,2023,Government of Canada Treasury Bills_Institutional Clients,95302.105267
5,2023-06-01,6,2023,Government of Canada Treasury Bills_Investment Dealers,7222.310302
77,2023-06-01,6,2023,Government of Canada Treasury Bills_Issuer,657.06
65,2023-06-01,6,2023,Government of Canada Treasury Bills_Non-Residents,23558.739127
53,2023-06-01,6,2023,Government of Canada Treasury Bills_Retail Clients,2799.690867
102,2023-07-01,7,2023,Government of Canada Bonds_Anonymous Systems: IDBBs and ATSs,196662.501
114,2023-07-01,7,2023,Government of Canada Bonds_Banks,120242.25552
126,2023-07-01,7,2023,Government of Canada Bonds_Institutional Clients,165346.6888
90,2023-07-01,7,2023,Government of Canada Bonds_Investment Dealers,132223.11655
162,2023-07-01,7,2023,Government of Canada Bonds_Issuer,25.3
150,2023-07-01,7,2023,Government of Canada Bonds_Non-Residents,175972.200416
138,2023-07-01,7,2023,Government of Canada Bonds_Retail Clients,2218.997668
18,2023-07-01,7,2023,Government of Canada Treasury Bills_Anonymous Systems: IDBBs and ATSs,7287.6875
30,2023-07-01,7,2023,Government of Canada Treasury Bills_Banks,6578.107572
42,2023-07-01,7,2023,Government of Canada Treasury Bills_Institutional Clients,84852.072865
6,2023-07-01,7,2023,Government of Canada Treasury Bills_Investment Dealers,3935.03235
78,2023-07-01,7,2023,Government of Canada Treasury Bills_Issuer,732
66,2023-07-01,7,2023,Government of Canada Treasury Bills_Non-Residents,19461.46327
54,2023-07-01,7,2023,Government of Canada Treasury Bills_Retail Clients,2416.825124
103,2023-08-01,8,2023,Government of Canada Bonds_Anonymous Systems: IDBBs and ATSs,216460.1475
115,2023-08-01,8,2023,Government of Canada Bonds_Banks,128651.67455
127,2023-08-01,8,2023,Government of Canada Bonds_Institutional Clients,197804.627
91,2023-08-01,8,2023,Government of Canada Bonds_Investment Dealers,141997.540704
163,2023-08-01,8,2023,Government of Canada Bonds_Issuer,45
151,2023-08-01,8,2023,Government of Canada Bonds_Non-Residents,233700.390725
139,2023-08-01,8,2023,Government of Canada Bonds_Retail Clients,3745.210404
19,2023-08-01,8,2023,Government of Canada Treasury Bills_Anonymous Systems: IDBBs and ATSs,6963.443
31,2023-08-01,8,2023,Government of Canada Treasury Bills_Banks,13592.677542
43,2023-08-01,8,2023,Government of Canada Treasury Bills_Institutional Clients,114564.521557
7,2023-08-01,8,2023,Government of Canada Treasury Bills_Investment Dealers,8275.942887
79,2023-08-01,8,2023,Government of Canada Treasury Bills_Issuer,1190.418
67,2023-08-01,8,2023,Government of Canada Treasury Bills_Non-Residents,32787.26404
55,2023-08-01,8,2023,Government of Canada Treasury Bills_Retail Clients,3103.409843
104,2023-09-01,9,2023,Government of Canada Bonds_Anonymous Systems: IDBBs and ATSs,209031.5755
116,2023-09-01,9,2023,Government of Canada Bonds_Banks,102896.85375
128,2023-09-01,9,2023,Government of Canada Bonds_Institutional Clients,191154.878347
92,2023-09-01,9,2023,Government of Canada Bonds_Investment Dealers,128478.246778
164,2023-09-01,9,2023,Government of Canada Bonds_Issuer,39
152,2023-09-01,9,2023,Government of Canada Bonds_Non-Residents,222728.712265
140,2023-09-01,9,2023,Government of Canada Bonds_Retail Clients,2006.694834
20,2023-09-01,9,2023,Government of Canada Treasury Bills_Anonymous Systems: IDBBs and ATSs,4634.265
32,2023-09-01,9,2023,Government of Canada Treasury Bills_Banks,10678.405557
44,2023-09-01,9,2023,Government of Canada Treasury Bills_Institutional Clients,104477.904919
8,2023-09-01,9,2023,Government of Canada Treasury Bills_Investment Dealers,8136.158496
80,2023-09-01,9,2023,Government of Canada Treasury Bills_Issuer,420.249
68,2023-09-01,9,2023,Government of Canada Treasury Bills_Non-Residents,21067.765776
56,2023-09-01,9,2023,Government of Canada Treasury Bills_Retail Clients,3075.163663
105,2023-10-01,10,2023,Government of Canada Bonds_Anonymous Systems: IDBBs and ATSs,330920.3745
117,2023-10-01,10,2023,Government of Canada Bonds_Banks,144310.65775
129,2023-10-01,10,2023,Government of Canada Bonds_Institutional Clients,260603.305462
93,2023-10-01,10,2023,Government of Canada Bonds_Investment Dealers,176452.897212
165,2023-10-01,10,2023,Government of Canada Bonds_Issuer,71.4
153,2023-10-01,10,2023,Government of Canada Bonds_Non-Residents,337781.035196
141,2023-10-01,10,2023,Government of Canada Bonds_Retail Clients,2248.693294
21,2023-10-01,10,2023,Government of Canada Treasury Bills_Anonymous Systems: IDBBs and ATSs,5210.4905
33,2023-10-01,10,2023,Government of Canada Treasury Bills_Banks,16416.451714
45,2023-10-01,10,2023,Government of Canada Treasury Bills_Institutional Clients,92091.91846
9,2023-10-01,10,2023,Government of Canada Treasury Bills_Investment Dealers,8556.795243
81,2023-10-01,10,2023,Government of Canada Treasury Bills_Issuer,899
69,2023-10-01,10,2023,Government of Canada Treasury Bills_Non-Residents,30302.653022
57,2023-10-01,10,2023,Government of Canada Treasury Bills_Retail Clients,3535.286014
106,2023-11-01,11,2023,Government of Canada Bonds_Anonymous Systems: IDBBs and ATSs,272230.3955
118,2023-11-01,11,2023,Government of Canada Bonds_Banks,135460.631814
130,2023-11-01,11,2023,Government of Canada Bonds_Institutional Clients,241546.610486
94,2023-11-01,11,2023,Government of Canada Bonds_Investment Dealers,155987.410742
166,2023-11-01,11,2023,Government of Canada Bonds_Issuer,106.2
154,2023-11-01,11,2023,Government of Canada Bonds_Non-Residents,306357.302744
142,2023-11-01,11,2023,Government of Canada Bonds_Retail Clients,3358.689009
22,2023-11-01,11,2023,Government of Canada Treasury Bills_Anonymous Systems: IDBBs and ATSs,3689.284
34,2023-11-01,11,2023,Government of Canada Treasury Bills_Banks,12962.853023
46,2023-11-01,11,2023,Government of Canada Treasury Bills_Institutional Clients,105291.44327
10,2023-11-01,11,2023,Government of Canada Treasury Bills_Investment Dealers,8178.013682
82,2023-11-01,11,2023,Government of Canada Treasury Bills_Issuer,1026.196
70,2023-11-01,11,2023,Government of Canada Treasury Bills_Non-Residents,33155.341683
58,2023-11-01,11,2023,Government of Canada Treasury Bills_Retail Clients,2896.849793
107,2023-12-01,12,2023,Government of Canada Bonds_Anonymous Systems: IDBBs and ATSs,197329.897
119,2023-12-01,12,2023,Government of Canada Bonds_Banks,95435.311493
131,2023-12-01,12,2023,Government of Canada Bonds_Institutional Clients,185442.073831
95,2023-12-01,12,2023,Government of Canada Bonds_Investment Dealers,124492.879783
167,2023-12-01,12,2023,Government of Canada Bonds_Issuer,96
155,2023-12-01,12,2023,Government of Canada Bonds_Non-Residents,222621.944601
143,2023-12-01,12,2023,Government of Canada Bonds_Retail Clients,2477.475483
23,2023-12-01,12,2023,Government of Canada Treasury Bills_Anonymous Systems: IDBBs and ATSs,4486.6775
35,2023-12-01,12,2023,Government of Canada Treasury Bills_Banks,14178.346554
47,2023-12-01,12,2023,Government of Canada Treasury Bills_Institutional Clients,92825.695844
11,2023-12-01,12,2023,Government of Canada Treasury Bills_Investment Dealers,7309.197077
83,2023-12-01,12,2023,Government of Canada Treasury Bills_Issuer,323.04
71,2023-12-01,12,2023,Government of Canada Treasury Bills_Non-Residents,21427.110682
59,2023-12-01,12,2023,Government of Canada Treasury Bills_Retail Clients,2982.30434
96,2024-01-01,1,2024,Government of Canada Bonds_Anonymous Systems: IDBBs and ATSs,345025.6645
108,2024-01-01,1,2024,Government of Canada Bonds_Banks,144201.079
120,2024-01-01,1,2024,Government of Canada Bonds_Institutional Clients,245969.8469
84,2024-01-01,1,2024,Government of Canada Bonds_Investment Dealers,190900.349805
156,2024-01-01,1,2024,Government of Canada Bonds_Issuer,70
144,2024-01-01,1,2024,Government of Canada Bonds_Non-Residents,412601.417733
132,2024-01-01,1,2024,Government of Canada Bonds_Retail Clients,2894.162266
12,2024-01-01,1,2024,Government of Canada Treasury Bills_Anonymous Systems: IDBBs and ATSs,6338.6365
24,2024-01-01,1,2024,Government of Canada Treasury Bills_Banks,16838.401273
36,2024-01-01,1,2024,Government of Canada Treasury Bills_Institutional Clients,121699.6416
0,2024-01-01,1,2024,Government of Canada Treasury Bills_Investment Dealers,8894.802771
72,2024-01-01,1,2024,Government of Canada Treasury Bills_Issuer,514.745
60,2024-01-01,1,2024,Government of Canada Treasury Bills_Non-Residents,34340.847854
48,2024-01-01,1,2024,Government of Canada Treasury Bills_Retail Clients,3009.013032
97,2024-02-01,2,2024,Government of Canada Bonds_Anonymous Systems: IDBBs and ATSs,290856.4765
109,2024-02-01,2,2024,Government of Canada Bonds_Banks,133845.227
121,2024-02-01,2,2024,Government of Canada Bonds_Institutional Clients,232848.036899
85,2024-02-01,2,2024,Government of Canada Bonds_Investment Dealers,193546.91545
157,2024-02-01,2,2024,Government of Canada Bonds_Issuer,25
145,2024-02-01,2,2024,Government of Canada Bonds_Non-Residents,411441.017088
133,2024-02-01,2,2024,Government of Canada Bonds_Retail Clients,3932.447602
13,2024-02-01,2,2024,Government of Canada Treasury Bills_Anonymous Systems: IDBBs and ATSs,3117.8735
25,2024-02-01,2,2024,Government of Canada Treasury Bills_Banks,8885.2098
37,2024-02-01,2,2024,Government of Canada Treasury Bills_Institutional Clients,97088.500672
1,2024-02-01,2,2024,Government of Canada Treasury Bills_Investment Dealers,6517.845215
73,2024-02-01,2,2024,Government of Canada Treasury Bills_Issuer,1291.725
61,2024-02-01,2,2024,Government of Canada Treasury Bills_Non-Residents,24575.887423
49,2024-02-01,2,2024,Government of Canada Treasury Bills_Retail Clients,3908.681108
98,2024-03-01,3,2024,Government of Canada Bonds_Anonymous Systems: IDBBs and ATSs,239501.768
110,2024-03-01,3,2024,Government of Canada Bonds_Banks,136364.304498
122,2024-03-01,3,2024,Government of Canada Bonds_Institutional Clients,198542.210024
86,2024-03-01,3,2024,Government of Canada Bonds_Investment Dealers,197846.317951
158,2024-03-01,3,2024,Government of Canada Bonds_Issuer,1235.5
146,2024-03-01,3,2024,Government of Canada Bonds_Non-Residents,345932.099783
134,2024-03-01,3,2024,Government of Canada Bonds_Retail Clients,2882.293711
14,2024-03-01,3,2024,Government of Canada Treasury Bills_Anonymous Systems: IDBBs and ATSs,6165.3105
26,2024-03-01,3,2024,Government of Canada Treasury Bills_Banks,9503.999786
38,2024-03-01,3,2024,Government of Canada Treasury Bills_Institutional Clients,95534.692725
2,2024-03-01,3,2024,Government of Canada Treasury Bills_Investment Dealers,7534.329708
74,2024-03-01,3,2024,Government of Canada Treasury Bills_Issuer,1388.6
62,2024-03-01,3,2024,Government of Canada Treasury Bills_Non-Residents,26476.110369
50,2024-03-01,3,2024,Government of Canada Treasury Bills_Retail Clients,3524.974132
99,2024-04-01,4,2024,Government of Canada Bonds_Anonymous Systems: IDBBs and ATSs,292617.837
111,2024-04-01,4,2024,Government of Canada Bonds_Banks,133508.315163
123,2024-04-01,4,2024,Government of Canada Bonds_Institutional Clients,236530.376753
87,2024-04-01,4,2024,Government of Canada Bonds_Investment Dealers,193533.87657
159,2024-04-01,4,2024,Government of Canada Bonds_Issuer,105
147,2024-04-01,4,2024,Government of Canada Bonds_Non-Residents,366660.404385
135,2024-04-01,4,2024,Government of Canada Bonds_Retail Clients,3520.364444
15,2024-04-01,4,2024,Government of Canada Treasury Bills_Anonymous Systems: IDBBs and ATSs,4362.163
27,2024-04-01,4,2024,Government of Canada Treasury Bills_Banks,11554.395688
39,2024-04-01,4,2024,Government of Canada Treasury Bills_Institutional Clients,92145.863139
3,2024-04-01,4,2024,Government of Canada Treasury Bills_Investment Dealers,7396.131408
75,2024-04-01,4,2024,Government of Canada Treasury Bills_Issuer,722.747
63,2024-04-01,4,2024,Government of Canada Treasury Bills_Non-Residents,31657.87378
51,2024-04-01,4,2024,Government of Canada Treasury Bills_Retail Clients,4187.613681
100,2024-05-01,5,2024,Government of Canada Bonds_Anonymous Systems: IDBBs and ATSs,358808.101
112,2024-05-01,5,2024,Government of Canada Bonds_Banks,136921.100798
124,2024-05-01,5,2024,Government of Canada Bonds_Institutional Clients,245811.473374
88,2024-05-01,5,2024,Government of Canada Bonds_Investment Dealers,192394.787607
160,2024-05-01,5,2024,Government of Canada Bonds_Issuer,90
148,2024-05-01,5,2024,Government of Canada Bonds_Non-Residents,380957.007135
136,2024-05-01,5,2024,Government of Canada Bonds_Retail Clients,3077.468431
16,2024-05-01,5,2024,Government of Canada Treasury Bills_Anonymous Systems: IDBBs and ATSs,6581.7225
28,2024-05-01,5,2024,Government of Canada Treasury Bills_Banks,8738.036846
40,2024-05-01,5,2024,Government of Canada Treasury Bills_Institutional Clients,93496.119878
4,2024-05-01,5,2024,Government of Canada Treasury Bills_Investment Dealers,5470.528993
76,2024-05-01,5,2024,Government of Canada Treasury Bills_Issuer,492
64,2024-05-01,5,2024,Government of Canada Treasury Bills_Non-Residents,28675.430729
52,2024-05-01,5,2024,Government of Canada Treasury Bills_Retail Clients,2710.440082
101,2024-06-01,6,2024,Government of Canada Bonds_Anonymous Systems: IDBBs and ATSs,343935.6415
113,2024-06-01,6,2024,Government of Canada Bonds_Banks,150652.524823
125,2024-06-01,6,2024,Government of Canada Bonds_Institutional Clients,260202.289207
89,2024-06-01,6,2024,Government of Canada Bonds_Investment Dealers,215576.847816
161,2024-06-01,6,2024,Government of Canada Bonds_Issuer,114.7
149,2024-06-01,6,2024,Government of Canada Bonds_Non-Residents,471357.685414
137,2024-06-01,6,2024,Government of Canada Bonds_Retail Clients,8628.032983
17,2024-06-01,6,2024,Government of Canada Treasury Bills_Anonymous Systems: IDBBs and ATSs,9266.0505
29,2024-06-01,6,2024,Government of Canada Treasury Bills_Banks,11594.081242
41,2024-06-01,6,2024,Government of Canada Treasury Bills_Institutional Clients,121238.38186
5,2024-06-01,6,2024,Government of Canada Treasury Bills_Investment Dealers,9388.051052
77,2024-06-01,6,2024,Government of Canada Treasury Bills_Issuer,662.404
65,2024-06-01,6,2024,Government of Canada Treasury Bills_Non-Residents,40294.999269
53,2024-06-01,6,2024,Government of Canada Treasury Bills_Retail Clients,5092.045486
102,2024-07-01,7,2024,Government of Canada Bonds_Anonymous Systems: IDBBs and ATSs,330569.725
114,2024-07-01,7,2024,Government of Canada Bonds_Banks,138980.836923
126,2024-07-01,7,2024,Government of Canada Bonds_Institutional Clients,248349.054615
90,2024-07-01,7,2024,Government of Canada Bonds_Investment Dealers,187522.978769
162,2024-07-01,7,2024,Government of Canada Bonds_Issuer,131.4
150,2024-07-01,7,2024,Government of Canada Bonds_Non-Residents,438595.493627
138,2024-07-01,7,2024,Government of Canada Bonds_Retail Clients,2729.243785
18,2024-07-01,7,2024,Government of Canada Treasury Bills_Anonymous Systems: IDBBs and ATSs,10204.434
30,2024-07-01,7,2024,Government of Canada Treasury Bills_Banks,16909.601495
42,2024-07-01,7,2024,Government of Canada Treasury Bills_Institutional Clients,124794.486529
6,2024-07-01,7,2024,Government of Canada Treasury Bills_Investment Dealers,11347.541082
78,2024-07-01,7,2024,Government of Canada Treasury Bills_Issuer,873.652
66,2024-07-01,7,2024,Government of Canada Treasury Bills_Non-Residents,44905.168436
54,2024-07-01,7,2024,Government of Canada Treasury Bills_Retail Clients,4271.881177
103,2024-08-01,8,2024,Government of Canada Bonds_Anonymous Systems: IDBBs and ATSs,343667.99
115,2024-08-01,8,2024,Government of Canada Bonds_Banks,130867.3631
127,2024-08-01,8,2024,Government of Canada Bonds_Institutional Clients,234045.03926
91,2024-08-01,8,2024,Government of Canada Bonds_Investment Dealers,191602.589893
163,2024-08-01,8,2024,Government of Canada Bonds_Issuer,153.9
151,2024-08-01,8,2024,Government of Canada Bonds_Non-Residents,492452.27689
139,2024-08-01,8,2024,Government of Canada Bonds_Retail Clients,2026.978922
19,2024-08-01,8,2024,Government of Canada Treasury Bills_Anonymous Systems: IDBBs and ATSs,6598.5455
31,2024-08-01,8,2024,Government of Canada Treasury Bills_Banks,16010.715823
43,2024-08-01,8,2024,Government of Canada Treasury Bills_Institutional Clients,113813.056427
7,2024-08-01,8,2024,Government of Canada Treasury Bills_Investment Dealers,11653.144562
79,2024-08-01,8,2024,Government of Canada Treasury Bills_Issuer,597
67,2024-08-01,8,2024,Government of Canada Treasury Bills_Non-Residents,41029.784153
55,2024-08-01,8,2024,Government of Canada Treasury Bills_Retail Clients,4619.587195
104,2024-09-01,9,2024,Government of Canada Bonds_Anonymous Systems: IDBBs and ATSs,506226.92
116,2024-09-01,9,2024,Government of Canada Bonds_Banks,151887.219
128,2024-09-01,9,2024,Government of Canada Bonds_Institutional Clients,226423.901159
92,2024-09-01,9,2024,Government of Canada Bonds_Investment Dealers,200898.767202
164,2024-09-01,9,2024,Government of Canada Bonds_Issuer,82.1
152,2024-09-01,9,2024,Government of Canada Bonds_Non-Residents,562685.873649
140,2024-09-01,9,2024,Government of Canada Bonds_Retail Clients,2356.362118
20,2024-09-01,9,2024,Government of Canada Treasury Bills_Anonymous Systems: IDBBs and ATSs,6269.6215
32,2024-09-01,9,2024,Government of Canada Treasury Bills_Banks,14321.163633
44,2024-09-01,9,2024,Government of Canada Treasury Bills_Institutional Clients,122115.400776
8,2024-09-01,9,2024,Government of Canada Treasury Bills_Investment Dealers,10536.800363
80,2024-09-01,9,2024,Government of Canada Treasury Bills_Issuer,839
68,2024-09-01,9,2024,Government of Canada Treasury Bills_Non-Residents,41311.523671
56,2024-09-01,9,2024,Government of Canada Treasury Bills_Retail Clients,5175.16519
105,2024-10-01,10,2024,Government of Canada Bonds_Anonymous Systems: IDBBs and ATSs,508780.1585
117,2024-10-01,10,2024,Government of Canada Bonds_Banks,159877.90131
129,2024-10-01,10,2024,Government of Canada Bonds_Institutional Clients,247512.415862
93,2024-10-01,10,2024,Government of Canada Bonds_Investment Dealers,218955.10151
165,2024-10-01,10,2024,Government of Canada Bonds_Issuer,172.5
153,2024-10-01,10,2024,Government of Canada Bonds_Non-Residents,569547.718746
141,2024-10-01,10,2024,Government of Canada Bonds_Retail Clients,3777.021903
21,2024-10-01,10,2024,Government of Canada Treasury Bills_Anonymous Systems: IDBBs and ATSs,5912.6075
33,2024-10-01,10,2024,Government of Canada Treasury Bills_Banks,14228.655167
45,2024-10-01,10,2024,Government of Canada Treasury Bills_Institutional Clients,127583.396245
9,2024-10-01,10,2024,Government of Canada Treasury Bills_Investment Dealers,11719.975552
81,2024-10-01,10,2024,Government of Canada Treasury Bills_Issuer,585.951
69,2024-10-01,10,2024,Government of Canada Treasury Bills_Non-Residents,41154.551995
57,2024-10-01,10,2024,Government of Canada Treasury Bills_Retail Clients,4206.695135
106,2024-11-01,11,2024,Government of Canada Bonds_Anonymous Systems: IDBBs and ATSs,389859.543
118,2024-11-01,11,2024,Government of Canada Bonds_Banks,144321.736
130,2024-11-01,11,2024,Government of Canada Bonds_Institutional Clients,287067.7063
94,2024-11-01,11,2024,Government of Canada Bonds_Investment Dealers,192098.137363
166,2024-11-01,11,2024,Government of Canada Bonds_Issuer,80.2
154,2024-11-01,11,2024,Government of Canada Bonds_Non-Residents,378125.438657
142,2024-11-01,11,2024,Government of Canada Bonds_Retail Clients,2400.70998
22,2024-11-01,11,2024,Government of Canada Treasury Bills_Anonymous Systems: IDBBs and ATSs,5251.581
34,2024-11-01,11,2024,Government of Canada Treasury Bills_Banks,14102.619525
46,2024-11-01,11,2024,Government of Canada Treasury Bills_Institutional Clients,118087.745508
10,2024-11-01,11,2024,Government of Canada Treasury Bills_Investment Dealers,9768.343877
82,2024-11-01,11,2024,Government of Canada Treasury Bills_Issuer,520
70,2024-11-01,11,2024,Government of Canada Treasury Bills_Non-Residents,49082.664946
58,2024-11-01,11,2024,Government of Canada Treasury Bills_Retail Clients,4600.632538
107,2024-12-01,12,2024,Government of Canada Bonds_Anonymous Systems: IDBBs and ATSs,306444.9615
119,2024-12-01,12,2024,Government of Canada Bonds_Banks,127559.653054
131,2024-12-01,12,2024,Government of Canada Bonds_Institutional Clients,272178.50693
95,2024-12-01,12,2024,Government of Canada Bonds_Investment Dealers,167403.633101
167,2024-12-01,12,2024,Government of Canada Bonds_Issuer,38
155,2024-12-01,12,2024,Government of Canada Bonds_Non-Residents,310233.434718
143,2024-12-01,12,2024,Government of Canada Bonds_Retail Clients,3266.193845
23,2024-12-01,12,2024,Government of Canada Treasury Bills_Anonymous Systems: IDBBs and ATSs,7246.36
35,2024-12-01,12,2024,Government of Canada Treasury Bills_Banks,14608.349395
47,2024-12-01,12,2024,Government of Canada Treasury Bills_Institutional Clients,117643.027501
11,2024-12-01,12,2024,Government of Canada Treasury Bills_Investment Dealers,10049.239847
83,2024-12-01,12,2024,Government of Canada Treasury Bills_Issuer,320
71,2024-12-01,12,2024,Government of Canada Treasury Bills_Non-Residents,44300.747742
59,2024-12-01,12,2024,Government of Canada Treasury Bills_Retail Clients,5386.107919
96,2025-01-01,1,2025,Government of Canada Bonds_Anonymous Systems: IDBBs and ATSs,374200.803
108,2025-01-01,1,2025,Government of Canada Bonds_Banks,188564.233474
120,2025-01-01,1,2025,Government of Canada Bonds_Institutional Clients,271440.9999
84,2025-01-01,1,2025,Government of Canada Bonds_Investment Dealers,235919.402049
156,2025-01-01,1,2025,Government of Canada Bonds_Issuer,53.4
144,2025-01-01,1,2025,Government of Canada Bonds_Non-Residents,416903.369333
132,2025-01-01,1,2025,Government of Canada Bonds_Retail Clients,1706.75007
12,2025-01-01,1,2025,Government of Canada Treasury Bills_Anonymous Systems: IDBBs and ATSs,8876.7855
24,2025-01-01,1,2025,Government of Canada Treasury Bills_Banks,16121.382118
36,2025-01-01,1,2025,Government of Canada Treasury Bills_Institutional Clients,115016.592227
0,2025-01-01,1,2025,Government of Canada Treasury Bills_Investment Dealers,12550.606286
72,2025-01-01,1,2025,Government of Canada Treasury Bills_Issuer,479.461
60,2025-01-01,1,2025,Government of Canada Treasury Bills_Non-Residents,60073.452116
48,2025-01-01,1,2025,Government of Canada Treasury Bills_Retail Clients,5107.598225
97,2025-02-01,2,2025,Government of Canada Bonds_Anonymous Systems: IDBBs and ATSs,342317.103
109,2025-02-01,2,2025,Government of Canada Bonds_Banks,131093.024105
121,2025-02-01,2,2025,Government of Canada Bonds_Institutional Clients,254942.870721
85,2025-02-01,2,2025,Government of Canada Bonds_Investment Dealers,195180.711172
157,2025-02-01,2,2025,Government of Canada Bonds_Issuer,50
145,2025-02-01,2,2025,Government of Canada Bonds_Non-Residents,418465.985676
133,2025-02-01,2,2025,Government of Canada Bonds_Retail Clients,2908.524701
13,2025-02-01,2,2025,Government of Canada Treasury Bills_Anonymous Systems: IDBBs and ATSs,4670.606
25,2025-02-01,2,2025,Government of Canada Treasury Bills_Banks,12594.57547
37,2025-02-01,2,2025,Government of Canada Treasury Bills_Institutional Clients,109821.752076
1,2025-02-01,2,2025,Government of Canada Treasury Bills_Investment Dealers,11588.709852
73,2025-02-01,2,2025,Government of Canada Treasury Bills_Issuer,15
61,2025-02-01,2,2025,Government of Canada Treasury Bills_Non-Residents,47007.832641
49,2025-02-01,2,2025,Government of Canada Treasury Bills_Retail Clients,4027.590878
98,2025-03-01,3,2025,Government of Canada Bonds_Anonymous Systems: IDBBs and ATSs,363641.242
110,2025-03-01,3,2025,Government of Canada Bonds_Banks,165162.2812
122,2025-03-01,3,2025,Government of Canada Bonds_Institutional Clients,257876.5164
86,2025-03-01,3,2025,Government of Canada Bonds_Investment Dealers,230787.10415
158,2025-03-01,3,2025,Government of Canada Bonds_Issuer,0
146,2025-03-01,3,2025,Government of Canada Bonds_Non-Residents,469344.455383
134,2025-03-01,3,2025,Government of Canada Bonds_Retail Clients,2828.203616
14,2025-03-01,3,2025,Government of Canada Treasury Bills_Anonymous Systems: IDBBs and ATSs,7087.963
26,2025-03-01,3,2025,Government of Canada Treasury Bills_Banks,13983.732513
38,2025-03-01,3,2025,Government of Canada Treasury Bills_Institutional Clients,128794.301613
2,2025-03-01,3,2025,Government of Canada Treasury Bills_Investment Dealers,11504.102849
74,2025-03-01,3,2025,Government of Canada Treasury Bills_Issuer,0
62,2025-03-01,3,2025,Government of Canada Treasury Bills_Non-Residents,43959.540705
50,2025-03-01,3,2025,Government of Canada Treasury Bills_Retail Clients,5619.176791
99,2025-04-01,4,2025,Government of Canada Bonds_Anonymous Systems: IDBBs and ATSs,390602.7915
111,2025-04-01,4,2025,Government of Canada Bonds_Banks,153687.618
123,2025-04-01,4,2025,Government of Canada Bonds_Institutional Clients,289231.138844
87,2025-04-01,4,2025,Government of Canada Bonds_Investment Dealers,230293.724749
159,2025-04-01,4,2025,Government of Canada Bonds_Issuer,150
147,2025-04-01,4,2025,Government of Canada Bonds_Non-Residents,463178.045865
135,2025-04-01,4,2025,Government of Canada Bonds_Retail Clients,2364.063931
15,2025-04-01,4,2025,Government of Canada Treasury Bills_Anonymous Systems: IDBBs and ATSs,3686.015
27,2025-04-01,4,2025,Government of Canada Treasury Bills_Banks,14624.395441
39,2025-04-01,4,2025,Government of Canada Treasury Bills_Institutional Clients,112460.003664
3,2025-04-01,4,2025,Government of Canada Treasury Bills_Investment Dealers,16203.789464
75,2025-04-01,4,2025,Government of Canada Treasury Bills_Issuer,0
63,2025-04-01,4,2025,Government of Canada Treasury Bills_Non-Residents,66063.617753
51,2025-04-01,4,2025,Government of Canada Treasury Bills_Retail Clients,4756.901912
100,2025-05-01,5,2025,Government of Canada Bonds_Anonymous Systems: IDBBs and ATSs,402616.0465
112,2025-05-01,5,2025,Government of Canada Bonds_Banks,146400.154336
124,2025-05-01,5,2025,Government of Canada Bonds_Institutional Clients,309600.2222
88,2025-05-01,5,2025,Government of Canada Bonds_Investment Dealers,221766.106305
160,2025-05-01,5,2025,Government of Canada Bonds_Issuer,509.755
148,2025-05-01,5,2025,Government of Canada Bonds_Non-Residents,448908.519157
136,2025-05-01,5,2025,Government of Canada Bonds_Retail Clients,2448.747862
16,2025-05-01,5,2025,Government of Canada Treasury Bills_Anonymous Systems: IDBBs and ATSs,3041.4215
28,2025-05-01,5,2025,Government of Canada Treasury Bills_Banks,17049.88701
40,2025-05-01,5,2025,Government of Canada Treasury Bills_Institutional Clients,114858.93043
4,2025-05-01,5,2025,Government of Canada Treasury Bills_Investment Dealers,17694.582536
76,2025-05-01,5,2025,Government of Canada Treasury Bills_Issuer,0
64,2025-05-01,5,2025,Government of Canada Treasury Bills_Non-Residents,52642.267676
52,2025-05-01,5,2025,Government of Canada Treasury Bills_Retail Clients,3752.974477
101,2025-06-01,6,2025,Government of Canada Bonds_Anonymous Systems: IDBBs and ATSs,347391.247
113,2025-06-01,6,2025,Government of Canada Bonds_Banks,132860.6287
125,2025-06-01,6,2025,Government of Canada Bonds_Institutional Clients,369941.179655
89,2025-06-01,6,2025,Government of Canada Bonds_Investment Dealers,204635.223599
161,2025-06-01,6,2025,Government of Canada Bonds_Issuer,199.2
149,2025-06-01,6,2025,Government of Canada Bonds_Non-Residents,396835.189101
137,2025-06-01,6,2025,Government of Canada Bonds_Retail Clients,3107.119538
17,2025-06-01,6,2025,Government of Canada Treasury Bills_Anonymous Systems: IDBBs and ATSs,5463.413
29,2025-06-01,6,2025,Government of Canada Treasury Bills_Banks,17276.690358
41,2025-06-01,6,2025,Government of Canada Treasury Bills_Institutional Clients,137773.385494
5,2025-06-01,6,2025,Government of Canada Treasury Bills_Investment Dealers,16972.084721
77,2025-06-01,6,2025,Government of Canada Treasury Bills_Issuer,30
65,2025-06-01,6,2025,Government of Canada Treasury Bills_Non-Residents,54907.020187
53,2025-06-01,6,2025,Government of Canada Treasury Bills_Retail Clients,4912.409689
102,2025-07-01,7,2025,Government of Canada Bonds_Anonymous Systems: IDBBs and ATSs,360995.863
114,2025-07-01,7,2025,Government of Canada Bonds_Banks,137188.409842
126,2025-07-01,7,2025,Government of Canada Bonds_Institutional Clients,301692.3846
90,2025-07-01,7,2025,Government of Canada Bonds_Investment Dealers,206928.907591
162,2025-07-01,7,2025,Government of Canada Bonds_Issuer,255.55
150,2025-07-01,7,2025,Government of Canada Bonds_Non-Residents,412088.648362
138,2025-07-01,7,2025,Government of Canada Bonds_Retail Clients,2430.755299
18,2025-07-01,7,2025,Government of Canada Treasury Bills_Anonymous Systems: IDBBs and ATSs,4464.8235
30,2025-07-01,7,2025,Government of Canada Treasury Bills_Banks,18686.785487
42,2025-07-01,7,2025,Government of Canada Treasury Bills_Institutional Clients,126619.90677
6,2025-07-01,7,2025,Government of Canada Treasury Bills_Investment Dealers,18817.045278
78,2025-07-01,7,2025,Government of Canada Treasury Bills_Issuer,0
66,2025-07-01,7,2025,Government of Canada Treasury Bills_Non-Residents,83964.122086
54,2025-07-01,7,2025,Government of Canada Treasury Bills_Retail Clients,4597.30131
103,2025-08-01,8,2025,Government of Canada Bonds_Anonymous Systems: IDBBs and ATSs,302221.441
115,2025-08-01,8,2025,Government of Canada Bonds_Banks,144249.3895
127,2025-08-01,8,2025,Government of Canada Bonds_Institutional Clients,270087.844956
91,2025-08-01,8,2025,Government of Canada Bonds_Investment Dealers,194875.5482
163,2025-08-01,8,2025,Government of Canada Bonds_Issuer,96.2
151,2025-08-01,8,2025,Government of Canada Bonds_Non-Residents,364895.958923
139,2025-08-01,8,2025,Government of Canada Bonds_Retail Clients,2328.970176
19,2025-08-01,8,2025,Government of Canada Treasury Bills_Anonymous Systems: IDBBs and ATSs,6400.5955
31,2025-08-01,8,2025,Government of Canada Treasury Bills_Banks,17578.402716
43,2025-08-01,8,2025,Government of Canada Treasury Bills_Institutional Clients,97321.436551
7,2025-08-01,8,2025,Government of Canada Treasury Bills_Investment Dealers,17399.69384
79,2025-08-01,8,2025,Government of Canada Treasury Bills_Issuer,75
67,2025-08-01,8,2025,Government of Canada Treasury Bills_Non-Residents,46135.268951
55,2025-08-01,8,2025,Government of Canada Treasury Bills_Retail Clients,3260.460854
104,2025-09-01,9,2025,Government of Canada Bonds_Anonymous Systems: IDBBs and ATSs,331569.7175
116,2025-09-01,9,2025,Government of Canada Bonds_Banks,138073.758
128,2025-09-01,9,2025,Government of Canada Bonds_Institutional Clients,306160.356004
92,2025-09-01,9,2025,Government of Canada Bonds_Investment Dealers,206403.3136
164,2025-09-01,9,2025,Government of Canada Bonds_Issuer,355.9
152,2025-09-01,9,2025,Government of Canada Bonds_Non-Residents,402794.582087
140,2025-09-01,9,2025,Government of Canada Bonds_Retail Clients,3978.280272
20,2025-09-01,9,2025,Government of Canada Treasury Bills_Anonymous Systems: IDBBs and ATSs,5264.2
32,2025-09-01,9,2025,Government of Canada Treasury Bills_Banks,21090.698587
44,2025-09-01,9,2025,Government of Canada Treasury Bills_Institutional Clients,121831.531292
8,2025-09-01,9,2025,Government of Canada Treasury Bills_Investment Dealers,22024.815744
80,2025-09-01,9,2025,Government of Canada Treasury Bills_Issuer,10
68,2025-09-01,9,2025,Government of Canada Treasury Bills_Non-Residents,63853.235727
56,2025-09-01,9,2025,Government of Canada Treasury Bills_Retail Clients,4669.621334
105,2025-10-01,10,2025,Government of Canada Bonds_Anonymous Systems: IDBBs and ATSs,410900.133
117,2025-10-01,10,2025,Government of Canada Bonds_Banks,152011.95393
129,2025-10-01,10,2025,Government of Canada Bonds_Institutional Clients,301847.985774
93,2025-10-01,10,2025,Government of Canada Bonds_Investment Dealers,224767.25784
165,2025-10-01,10,2025,Government of Canada Bonds_Issuer,2408.3
153,2025-10-01,10,2025,Government of Canada Bonds_Non-Residents,432624.43311
141,2025-10-01,10,2025,Government of Canada Bonds_Retail Clients,2490.06075
21,2025-10-01,10,2025,Government of Canada Treasury Bills_Anonymous Systems: IDBBs and ATSs,6941.3975
33,2025-10-01,10,2025,Government of Canada Treasury Bills_Banks,15878.576174
45,2025-10-01,10,2025,Government of Canada Treasury Bills_Institutional Clients,119113.193218
9,2025-10-01,10,2025,Government of Canada Treasury Bills_Investment Dealers,19377.051519
81,2025-10-01,10,2025,Government of Canada Treasury Bills_Issuer,0
69,2025-10-01,10,2025,Government of Canada Treasury Bills_Non-Residents,48851.341976
57,2025-10-01,10,2025,Government of Canada Treasury Bills_Retail Clients,4144.624833
106,2025-11-01,11,2025,Government of Canada Bonds_Anonymous Systems: IDBBs and ATSs,361458.431
118,2025-11-01,11,2025,Government of Canada Bonds_Banks,159568.482498
130,2025-11-01,11,2025,Government of Canada Bonds_Institutional Clients,274977.76035
94,2025-11-01,11,2025,Government of Canada Bonds_Investment Dealers,220050.187135
166,2025-11-01,11,2025,Government of Canada Bonds_Issuer,567.546
154,2025-11-01,11,2025,Government of Canada Bonds_Non-Residents,491740.766807
142,2025-11-01,11,2025,Government of Canada Bonds_Retail Clients,2137.007838
22,2025-11-01,11,2025,Government of Canada Treasury Bills_Anonymous Systems: IDBBs and ATSs,8707.8555
34,2025-11-01,11,2025,Government of Canada Treasury Bills_Banks,13269.04833
46,2025-11-01,11,2025,Government of Canada Treasury Bills_Institutional Clients,119221.269794
10,2025-11-01,11,2025,Government of Canada Treasury Bills_Investment Dealers,15121.80107
82,2025-11-01,11,2025,Government of Canada Treasury Bills_Issuer,105
70,2025-11-01,11,2025,Government of Canada Treasury Bills_Non-Residents,53198.890552
58,2025-11-01,11,2025,Government of Canada Treasury Bills_Retail Clients,4154.485724
107,2025-12-01,12,2025,Government of Canada Bonds_Anonymous Systems: IDBBs and ATSs,342829.2745
119,2025-12-01,12,2025,Government of Canada Bonds_Banks,158147.54
131,2025-12-01,12,2025,Government of Canada Bonds_Institutional Clients,291078.08019
95,2025-12-01,12,2025,Government of Canada Bonds_Investment Dealers,194472.447979
167,2025-12-01,12,2025,Government of Canada Bonds_Issuer,901.45
155,2025-12-01,12,2025,Government of Canada Bonds_Non-Residents,443156.25585
143,2025-12-01,12,2025,Government of Canada Bonds_Retail Clients,4227.925805
23,2025-12-01,12,2025,Government of Canada Treasury Bills_Anonymous Systems: IDBBs and ATSs,5198.941
35,2025-12-01,12,2025,Government of Canada Treasury Bills_Banks,13594.128111
47,2025-12-01,12,2025,Government of Canada Treasury Bills_Institutional Clients,131703.745052
11,2025-12-01,12,2025,Government of Canada Treasury Bills_Investment Dealers,15155.549567
83,2025-12-01,12,2025,Government of Canada Treasury Bills_Issuer,51.9
71,2025-12-01,12,2025,Government of Canada Treasury Bills_Non-Residents,54141.501908
59,2025-12-01,12,2025,Government of Canada Treasury Bills_Retail Clients,6268.208561
