,date,month,year,instruments,volume,Segment,AssetClass,Duration
96,2018-01-01,1,2018,Asset-Backed Securities_Anonymous Systems: IDBBs and ATSs,164,MBS_ABS,Asset-Backed Securities,Anonymous Systems: IDBBs and ATSs
108,2018-01-01,1,2018,Asset-Backed Securities_Banks,36,MBS_ABS,Asset-Backed Securities,Banks
120,2018-01-01,1,2018,Asset-Backed Securities_Institutional Clients,676,MBS_ABS,Asset-Backed Securities,Institutional Clients
84,2018-01-01,1,2018,Asset-Backed Securities_Investment Dealers,315,MBS_ABS,Asset-Backed Securities,Investment Dealers
156,2018-01-01,1,2018,Asset-Backed Securities_Issuer,550.0,MBS_ABS,Asset-Backed Securities,Issuer
144,2018-01-01,1,2018,Asset-Backed Securities_Non-Residents,25,MBS_ABS,Asset-Backed Securities,Non-Residents
132,2018-01-01,1,2018,Asset-Backed Securities_Retail Clients,1,MBS_ABS,Asset-Backed Securities,Retail Clients
12,2018-01-01,1,2018,Mortgage Backed Securities_Anonymous Systems: IDBBs and ATSs,196,MBS_ABS,Mortgage Backed Securities,Anonymous Systems: IDBBs and ATSs
24,2018-01-01,1,2018,Mortgage Backed Securities_Banks,1283,MBS_ABS,Mortgage Backed Securities,Banks
36,2018-01-01,1,2018,Mortgage Backed Securities_Institutional Clients,3055,MBS_ABS,Mortgage Backed Securities,Institutional Clients
0,2018-01-01,1,2018,Mortgage Backed Securities_Investment Dealers,522,MBS_ABS,Mortgage Backed Securities,Investment Dealers
72,2018-01-01,1,2018,Mortgage Backed Securities_Issuer,60,MBS_ABS,Mortgage Backed Securities,Issuer
60,2018-01-01,1,2018,Mortgage Backed Securities_Non-Residents,23,MBS_ABS,Mortgage Backed Securities,Non-Residents
48,2018-01-01,1,2018,Mortgage Backed Securities_Retail Clients,16,MBS_ABS,Mortgage Backed Securities,Retail Clients
97,2018-02-01,2,2018,Asset-Backed Securities_Anonymous Systems: IDBBs and ATSs,104,MBS_ABS,Asset-Backed Securities,Anonymous Systems: IDBBs and ATSs
109,2018-02-01,2,2018,Asset-Backed Securities_Banks,8,MBS_ABS,Asset-Backed Securities,Banks
121,2018-02-01,2,2018,Asset-Backed Securities_Institutional Clients,543,MBS_ABS,Asset-Backed Securities,Institutional Clients
85,2018-02-01,2,2018,Asset-Backed Securities_Investment Dealers,35,MBS_ABS,Asset-Backed Securities,Investment Dealers
157,2018-02-01,2,2018,Asset-Backed Securities_Issuer,0.0,MBS_ABS,Asset-Backed Securities,Issuer
145,2018-02-01,2,2018,Asset-Backed Securities_Non-Residents,49,MBS_ABS,Asset-Backed Securities,Non-Residents
133,2018-02-01,2,2018,Asset-Backed Securities_Retail Clients,2,MBS_ABS,Asset-Backed Securities,Retail Clients
13,2018-02-01,2,2018,Mortgage Backed Securities_Anonymous Systems: IDBBs and ATSs,198,MBS_ABS,Mortgage Backed Securities,Anonymous Systems: IDBBs and ATSs
25,2018-02-01,2,2018,Mortgage Backed Securities_Banks,3283,MBS_ABS,Mortgage Backed Securities,Banks
37,2018-02-01,2,2018,Mortgage Backed Securities_Institutional Clients,4090,MBS_ABS,Mortgage Backed Securities,Institutional Clients
1,2018-02-01,2,2018,Mortgage Backed Securities_Investment Dealers,1374,MBS_ABS,Mortgage Backed Securities,Investment Dealers
73,2018-02-01,2,2018,Mortgage Backed Securities_Issuer,0,MBS_ABS,Mortgage Backed Securities,Issuer
61,2018-02-01,2,2018,Mortgage Backed Securities_Non-Residents,208,MBS_ABS,Mortgage Backed Securities,Non-Residents
49,2018-02-01,2,2018,Mortgage Backed Securities_Retail Clients,14,MBS_ABS,Mortgage Backed Securities,Retail Clients
98,2018-03-01,3,2018,Asset-Backed Securities_Anonymous Systems: IDBBs and ATSs,48,MBS_ABS,Asset-Backed Securities,Anonymous Systems: IDBBs and ATSs
110,2018-03-01,3,2018,Asset-Backed Securities_Banks,1,MBS_ABS,Asset-Backed Securities,Banks
122,2018-03-01,3,2018,Asset-Backed Securities_Institutional Clients,631,MBS_ABS,Asset-Backed Securities,Institutional Clients
86,2018-03-01,3,2018,Asset-Backed Securities_Investment Dealers,63,MBS_ABS,Asset-Backed Securities,Investment Dealers
158,2018-03-01,3,2018,Asset-Backed Securities_Issuer,0.0,MBS_ABS,Asset-Backed Securities,Issuer
146,2018-03-01,3,2018,Asset-Backed Securities_Non-Residents,26,MBS_ABS,Asset-Backed Securities,Non-Residents
134,2018-03-01,3,2018,Asset-Backed Securities_Retail Clients,9,MBS_ABS,Asset-Backed Securities,Retail Clients
14,2018-03-01,3,2018,Mortgage Backed Securities_Anonymous Systems: IDBBs and ATSs,4,MBS_ABS,Mortgage Backed Securities,Anonymous Systems: IDBBs and ATSs
26,2018-03-01,3,2018,Mortgage Backed Securities_Banks,3401,MBS_ABS,Mortgage Backed Securities,Banks
38,2018-03-01,3,2018,Mortgage Backed Securities_Institutional Clients,6521,MBS_ABS,Mortgage Backed Securities,Institutional Clients
2,2018-03-01,3,2018,Mortgage Backed Securities_Investment Dealers,724,MBS_ABS,Mortgage Backed Securities,Investment Dealers
74,2018-03-01,3,2018,Mortgage Backed Securities_Issuer,783,MBS_ABS,Mortgage Backed Securities,Issuer
62,2018-03-01,3,2018,Mortgage Backed Securities_Non-Residents,25,MBS_ABS,Mortgage Backed Securities,Non-Residents
50,2018-03-01,3,2018,Mortgage Backed Securities_Retail Clients,13,MBS_ABS,Mortgage Backed Securities,Retail Clients
99,2018-04-01,4,2018,Asset-Backed Securities_Anonymous Systems: IDBBs and ATSs,121,MBS_ABS,Asset-Backed Securities,Anonymous Systems: IDBBs and ATSs
111,2018-04-01,4,2018,Asset-Backed Securities_Banks,6,MBS_ABS,Asset-Backed Securities,Banks
123,2018-04-01,4,2018,Asset-Backed Securities_Institutional Clients,768,MBS_ABS,Asset-Backed Securities,Institutional Clients
87,2018-04-01,4,2018,Asset-Backed Securities_Investment Dealers,28,MBS_ABS,Asset-Backed Securities,Investment Dealers
159,2018-04-01,4,2018,Asset-Backed Securities_Issuer,0.0,MBS_ABS,Asset-Backed Securities,Issuer
147,2018-04-01,4,2018,Asset-Backed Securities_Non-Residents,53,MBS_ABS,Asset-Backed Securities,Non-Residents
135,2018-04-01,4,2018,Asset-Backed Securities_Retail Clients,2,MBS_ABS,Asset-Backed Securities,Retail Clients
15,2018-04-01,4,2018,Mortgage Backed Securities_Anonymous Systems: IDBBs and ATSs,64,MBS_ABS,Mortgage Backed Securities,Anonymous Systems: IDBBs and ATSs
27,2018-04-01,4,2018,Mortgage Backed Securities_Banks,978,MBS_ABS,Mortgage Backed Securities,Banks
39,2018-04-01,4,2018,Mortgage Backed Securities_Institutional Clients,5230,MBS_ABS,Mortgage Backed Securities,Institutional Clients
3,2018-04-01,4,2018,Mortgage Backed Securities_Investment Dealers,1334,MBS_ABS,Mortgage Backed Securities,Investment Dealers
75,2018-04-01,4,2018,Mortgage Backed Securities_Issuer,1317,MBS_ABS,Mortgage Backed Securities,Issuer
63,2018-04-01,4,2018,Mortgage Backed Securities_Non-Residents,232,MBS_ABS,Mortgage Backed Securities,Non-Residents
51,2018-04-01,4,2018,Mortgage Backed Securities_Retail Clients,39,MBS_ABS,Mortgage Backed Securities,Retail Clients
100,2018-05-01,5,2018,Asset-Backed Securities_Anonymous Systems: IDBBs and ATSs,48,MBS_ABS,Asset-Backed Securities,Anonymous Systems: IDBBs and ATSs
112,2018-05-01,5,2018,Asset-Backed Securities_Banks,1,MBS_ABS,Asset-Backed Securities,Banks
124,2018-05-01,5,2018,Asset-Backed Securities_Institutional Clients,1337,MBS_ABS,Asset-Backed Securities,Institutional Clients
88,2018-05-01,5,2018,Asset-Backed Securities_Investment Dealers,7,MBS_ABS,Asset-Backed Securities,Investment Dealers
160,2018-05-01,5,2018,Asset-Backed Securities_Issuer,0.0,MBS_ABS,Asset-Backed Securities,Issuer
148,2018-05-01,5,2018,Asset-Backed Securities_Non-Residents,17,MBS_ABS,Asset-Backed Securities,Non-Residents
136,2018-05-01,5,2018,Asset-Backed Securities_Retail Clients,1,MBS_ABS,Asset-Backed Securities,Retail Clients
16,2018-05-01,5,2018,Mortgage Backed Securities_Anonymous Systems: IDBBs and ATSs,29,MBS_ABS,Mortgage Backed Securities,Anonymous Systems: IDBBs and ATSs
28,2018-05-01,5,2018,Mortgage Backed Securities_Banks,704,MBS_ABS,Mortgage Backed Securities,Banks
40,2018-05-01,5,2018,Mortgage Backed Securities_Institutional Clients,3038,MBS_ABS,Mortgage Backed Securities,Institutional Clients
4,2018-05-01,5,2018,Mortgage Backed Securities_Investment Dealers,620,MBS_ABS,Mortgage Backed Securities,Investment Dealers
76,2018-05-01,5,2018,Mortgage Backed Securities_Issuer,693,MBS_ABS,Mortgage Backed Securities,Issuer
64,2018-05-01,5,2018,Mortgage Backed Securities_Non-Residents,1,MBS_ABS,Mortgage Backed Securities,Non-Residents
52,2018-05-01,5,2018,Mortgage Backed Securities_Retail Clients,78,MBS_ABS,Mortgage Backed Securities,Retail Clients
101,2018-06-01,6,2018,Asset-Backed Securities_Anonymous Systems: IDBBs and ATSs,119,MBS_ABS,Asset-Backed Securities,Anonymous Systems: IDBBs and ATSs
113,2018-06-01,6,2018,Asset-Backed Securities_Banks,102,MBS_ABS,Asset-Backed Securities,Banks
125,2018-06-01,6,2018,Asset-Backed Securities_Institutional Clients,1380,MBS_ABS,Asset-Backed Securities,Institutional Clients
89,2018-06-01,6,2018,Asset-Backed Securities_Investment Dealers,95,MBS_ABS,Asset-Backed Securities,Investment Dealers
161,2018-06-01,6,2018,Asset-Backed Securities_Issuer,0.0,MBS_ABS,Asset-Backed Securities,Issuer
149,2018-06-01,6,2018,Asset-Backed Securities_Non-Residents,140,MBS_ABS,Asset-Backed Securities,Non-Residents
137,2018-06-01,6,2018,Asset-Backed Securities_Retail Clients,1,MBS_ABS,Asset-Backed Securities,Retail Clients
17,2018-06-01,6,2018,Mortgage Backed Securities_Anonymous Systems: IDBBs and ATSs,0,MBS_ABS,Mortgage Backed Securities,Anonymous Systems: IDBBs and ATSs
29,2018-06-01,6,2018,Mortgage Backed Securities_Banks,1553,MBS_ABS,Mortgage Backed Securities,Banks
41,2018-06-01,6,2018,Mortgage Backed Securities_Institutional Clients,3476,MBS_ABS,Mortgage Backed Securities,Institutional Clients
5,2018-06-01,6,2018,Mortgage Backed Securities_Investment Dealers,782,MBS_ABS,Mortgage Backed Securities,Investment Dealers
77,2018-06-01,6,2018,Mortgage Backed Securities_Issuer,642,MBS_ABS,Mortgage Backed Securities,Issuer
65,2018-06-01,6,2018,Mortgage Backed Securities_Non-Residents,10,MBS_ABS,Mortgage Backed Securities,Non-Residents
53,2018-06-01,6,2018,Mortgage Backed Securities_Retail Clients,24,MBS_ABS,Mortgage Backed Securities,Retail Clients
102,2018-07-01,7,2018,Asset-Backed Securities_Anonymous Systems: IDBBs and ATSs,230,MBS_ABS,Asset-Backed Securities,Anonymous Systems: IDBBs and ATSs
114,2018-07-01,7,2018,Asset-Backed Securities_Banks,9,MBS_ABS,Asset-Backed Securities,Banks
126,2018-07-01,7,2018,Asset-Backed Securities_Institutional Clients,762,MBS_ABS,Asset-Backed Securities,Institutional Clients
90,2018-07-01,7,2018,Asset-Backed Securities_Investment Dealers,77,MBS_ABS,Asset-Backed Securities,Investment Dealers
162,2018-07-01,7,2018,Asset-Backed Securities_Issuer,0.0,MBS_ABS,Asset-Backed Securities,Issuer
150,2018-07-01,7,2018,Asset-Backed Securities_Non-Residents,20,MBS_ABS,Asset-Backed Securities,Non-Residents
138,2018-07-01,7,2018,Asset-Backed Securities_Retail Clients,2,MBS_ABS,Asset-Backed Securities,Retail Clients
18,2018-07-01,7,2018,Mortgage Backed Securities_Anonymous Systems: IDBBs and ATSs,272,MBS_ABS,Mortgage Backed Securities,Anonymous Systems: IDBBs and ATSs
30,2018-07-01,7,2018,Mortgage Backed Securities_Banks,1884,MBS_ABS,Mortgage Backed Securities,Banks
42,2018-07-01,7,2018,Mortgage Backed Securities_Institutional Clients,4039,MBS_ABS,Mortgage Backed Securities,Institutional Clients
6,2018-07-01,7,2018,Mortgage Backed Securities_Investment Dealers,622,MBS_ABS,Mortgage Backed Securities,Investment Dealers
78,2018-07-01,7,2018,Mortgage Backed Securities_Issuer,404,MBS_ABS,Mortgage Backed Securities,Issuer
66,2018-07-01,7,2018,Mortgage Backed Securities_Non-Residents,91,MBS_ABS,Mortgage Backed Securities,Non-Residents
54,2018-07-01,7,2018,Mortgage Backed Securities_Retail Clients,61,MBS_ABS,Mortgage Backed Securities,Retail Clients
103,2018-08-01,8,2018,Asset-Backed Securities_Anonymous Systems: IDBBs and ATSs,80,MBS_ABS,Asset-Backed Securities,Anonymous Systems: IDBBs and ATSs
115,2018-08-01,8,2018,Asset-Backed Securities_Banks,17,MBS_ABS,Asset-Backed Securities,Banks
127,2018-08-01,8,2018,Asset-Backed Securities_Institutional Clients,793,MBS_ABS,Asset-Backed Securities,Institutional Clients
91,2018-08-01,8,2018,Asset-Backed Securities_Investment Dealers,17,MBS_ABS,Asset-Backed Securities,Investment Dealers
163,2018-08-01,8,2018,Asset-Backed Securities_Issuer,0.0,MBS_ABS,Asset-Backed Securities,Issuer
151,2018-08-01,8,2018,Asset-Backed Securities_Non-Residents,6,MBS_ABS,Asset-Backed Securities,Non-Residents
139,2018-08-01,8,2018,Asset-Backed Securities_Retail Clients,1,MBS_ABS,Asset-Backed Securities,Retail Clients
19,2018-08-01,8,2018,Mortgage Backed Securities_Anonymous Systems: IDBBs and ATSs,0,MBS_ABS,Mortgage Backed Securities,Anonymous Systems: IDBBs and ATSs
31,2018-08-01,8,2018,Mortgage Backed Securities_Banks,2135,MBS_ABS,Mortgage Backed Securities,Banks
43,2018-08-01,8,2018,Mortgage Backed Securities_Institutional Clients,4104,MBS_ABS,Mortgage Backed Securities,Institutional Clients
7,2018-08-01,8,2018,Mortgage Backed Securities_Investment Dealers,1504,MBS_ABS,Mortgage Backed Securities,Investment Dealers
79,2018-08-01,8,2018,Mortgage Backed Securities_Issuer,1126,MBS_ABS,Mortgage Backed Securities,Issuer
67,2018-08-01,8,2018,Mortgage Backed Securities_Non-Residents,176,MBS_ABS,Mortgage Backed Securities,Non-Residents
55,2018-08-01,8,2018,Mortgage Backed Securities_Retail Clients,103,MBS_ABS,Mortgage Backed Securities,Retail Clients
104,2018-09-01,9,2018,Asset-Backed Securities_Anonymous Systems: IDBBs and ATSs,98,MBS_ABS,Asset-Backed Securities,Anonymous Systems: IDBBs and ATSs
116,2018-09-01,9,2018,Asset-Backed Securities_Banks,46,MBS_ABS,Asset-Backed Securities,Banks
128,2018-09-01,9,2018,Asset-Backed Securities_Institutional Clients,1421,MBS_ABS,Asset-Backed Securities,Institutional Clients
92,2018-09-01,9,2018,Asset-Backed Securities_Investment Dealers,51,MBS_ABS,Asset-Backed Securities,Investment Dealers
164,2018-09-01,9,2018,Asset-Backed Securities_Issuer,0.0,MBS_ABS,Asset-Backed Securities,Issuer
152,2018-09-01,9,2018,Asset-Backed Securities_Non-Residents,56,MBS_ABS,Asset-Backed Securities,Non-Residents
140,2018-09-01,9,2018,Asset-Backed Securities_Retail Clients,7,MBS_ABS,Asset-Backed Securities,Retail Clients
20,2018-09-01,9,2018,Mortgage Backed Securities_Anonymous Systems: IDBBs and ATSs,14,MBS_ABS,Mortgage Backed Securities,Anonymous Systems: IDBBs and ATSs
32,2018-09-01,9,2018,Mortgage Backed Securities_Banks,1007,MBS_ABS,Mortgage Backed Securities,Banks
44,2018-09-01,9,2018,Mortgage Backed Securities_Institutional Clients,4272,MBS_ABS,Mortgage Backed Securities,Institutional Clients
8,2018-09-01,9,2018,Mortgage Backed Securities_Investment Dealers,1091,MBS_ABS,Mortgage Backed Securities,Investment Dealers
80,2018-09-01,9,2018,Mortgage Backed Securities_Issuer,709,MBS_ABS,Mortgage Backed Securities,Issuer
68,2018-09-01,9,2018,Mortgage Backed Securities_Non-Residents,235,MBS_ABS,Mortgage Backed Securities,Non-Residents
56,2018-09-01,9,2018,Mortgage Backed Securities_Retail Clients,74,MBS_ABS,Mortgage Backed Securities,Retail Clients
105,2018-10-01,10,2018,Asset-Backed Securities_Anonymous Systems: IDBBs and ATSs,167,MBS_ABS,Asset-Backed Securities,Anonymous Systems: IDBBs and ATSs
117,2018-10-01,10,2018,Asset-Backed Securities_Banks,88,MBS_ABS,Asset-Backed Securities,Banks
129,2018-10-01,10,2018,Asset-Backed Securities_Institutional Clients,1117,MBS_ABS,Asset-Backed Securities,Institutional Clients
93,2018-10-01,10,2018,Asset-Backed Securities_Investment Dealers,247,MBS_ABS,Asset-Backed Securities,Investment Dealers
165,2018-10-01,10,2018,Asset-Backed Securities_Issuer,0.0,MBS_ABS,Asset-Backed Securities,Issuer
153,2018-10-01,10,2018,Asset-Backed Securities_Non-Residents,158,MBS_ABS,Asset-Backed Securities,Non-Residents
141,2018-10-01,10,2018,Asset-Backed Securities_Retail Clients,2,MBS_ABS,Asset-Backed Securities,Retail Clients
21,2018-10-01,10,2018,Mortgage Backed Securities_Anonymous Systems: IDBBs and ATSs,134,MBS_ABS,Mortgage Backed Securities,Anonymous Systems: IDBBs and ATSs
33,2018-10-01,10,2018,Mortgage Backed Securities_Banks,1458,MBS_ABS,Mortgage Backed Securities,Banks
45,2018-10-01,10,2018,Mortgage Backed Securities_Institutional Clients,2481,MBS_ABS,Mortgage Backed Securities,Institutional Clients
9,2018-10-01,10,2018,Mortgage Backed Securities_Investment Dealers,556,MBS_ABS,Mortgage Backed Securities,Investment Dealers
81,2018-10-01,10,2018,Mortgage Backed Securities_Issuer,358,MBS_ABS,Mortgage Backed Securities,Issuer
69,2018-10-01,10,2018,Mortgage Backed Securities_Non-Residents,57,MBS_ABS,Mortgage Backed Securities,Non-Residents
57,2018-10-01,10,2018,Mortgage Backed Securities_Retail Clients,15,MBS_ABS,Mortgage Backed Securities,Retail Clients
106,2018-11-01,11,2018,Asset-Backed Securities_Anonymous Systems: IDBBs and ATSs,196,MBS_ABS,Asset-Backed Securities,Anonymous Systems: IDBBs and ATSs
118,2018-11-01,11,2018,Asset-Backed Securities_Banks,3,MBS_ABS,Asset-Backed Securities,Banks
130,2018-11-01,11,2018,Asset-Backed Securities_Institutional Clients,971,MBS_ABS,Asset-Backed Securities,Institutional Clients
94,2018-11-01,11,2018,Asset-Backed Securities_Investment Dealers,32,MBS_ABS,Asset-Backed Securities,Investment Dealers
166,2018-11-01,11,2018,Asset-Backed Securities_Issuer,0.0,MBS_ABS,Asset-Backed Securities,Issuer
154,2018-11-01,11,2018,Asset-Backed Securities_Non-Residents,73,MBS_ABS,Asset-Backed Securities,Non-Residents
142,2018-11-01,11,2018,Asset-Backed Securities_Retail Clients,2,MBS_ABS,Asset-Backed Securities,Retail Clients
22,2018-11-01,11,2018,Mortgage Backed Securities_Anonymous Systems: IDBBs and ATSs,23,MBS_ABS,Mortgage Backed Securities,Anonymous Systems: IDBBs and ATSs
34,2018-11-01,11,2018,Mortgage Backed Securities_Banks,1815,MBS_ABS,Mortgage Backed Securities,Banks
46,2018-11-01,11,2018,Mortgage Backed Securities_Institutional Clients,4349,MBS_ABS,Mortgage Backed Securities,Institutional Clients
10,2018-11-01,11,2018,Mortgage Backed Securities_Investment Dealers,694,MBS_ABS,Mortgage Backed Securities,Investment Dealers
82,2018-11-01,11,2018,Mortgage Backed Securities_Issuer,0,MBS_ABS,Mortgage Backed Securities,Issuer
70,2018-11-01,11,2018,Mortgage Backed Securities_Non-Residents,279,MBS_ABS,Mortgage Backed Securities,Non-Residents
58,2018-11-01,11,2018,Mortgage Backed Securities_Retail Clients,26,MBS_ABS,Mortgage Backed Securities,Retail Clients
107,2018-12-01,12,2018,Asset-Backed Securities_Anonymous Systems: IDBBs and ATSs,0,MBS_ABS,Asset-Backed Securities,Anonymous Systems: IDBBs and ATSs
119,2018-12-01,12,2018,Asset-Backed Securities_Banks,2,MBS_ABS,Asset-Backed Securities,Banks
131,2018-12-01,12,2018,Asset-Backed Securities_Institutional Clients,617,MBS_ABS,Asset-Backed Securities,Institutional Clients
95,2018-12-01,12,2018,Asset-Backed Securities_Investment Dealers,184,MBS_ABS,Asset-Backed Securities,Investment Dealers
167,2018-12-01,12,2018,Asset-Backed Securities_Issuer,0.0,MBS_ABS,Asset-Backed Securities,Issuer
155,2018-12-01,12,2018,Asset-Backed Securities_Non-Residents,12,MBS_ABS,Asset-Backed Securities,Non-Residents
143,2018-12-01,12,2018,Asset-Backed Securities_Retail Clients,2,MBS_ABS,Asset-Backed Securities,Retail Clients
23,2018-12-01,12,2018,Mortgage Backed Securities_Anonymous Systems: IDBBs and ATSs,31,MBS_ABS,Mortgage Backed Securities,Anonymous Systems: IDBBs and ATSs
35,2018-12-01,12,2018,Mortgage Backed Securities_Banks,2035,MBS_ABS,Mortgage Backed Securities,Banks
47,2018-12-01,12,2018,Mortgage Backed Securities_Institutional Clients,3429,MBS_ABS,Mortgage Backed Securities,Institutional Clients
11,2018-12-01,12,2018,Mortgage Backed Securities_Investment Dealers,304,MBS_ABS,Mortgage Backed Securities,Investment Dealers
83,2018-12-01,12,2018,Mortgage Backed Securities_Issuer,0,MBS_ABS,Mortgage Backed Securities,Issuer
71,2018-12-01,12,2018,Mortgage Backed Securities_Non-Residents,103,MBS_ABS,Mortgage Backed Securities,Non-Residents
59,2018-12-01,12,2018,Mortgage Backed Securities_Retail Clients,19,MBS_ABS,Mortgage Backed Securities,Retail Clients
96,2019-01-01,1,2019,Asset-Backed Securities_Anonymous Systems: IDBBs and ATSs,212,MBS_ABS,Asset-Backed Securities,Anonymous Systems: IDBBs and ATSs
108,2019-01-01,1,2019,Asset-Backed Securities_Banks,7,MBS_ABS,Asset-Backed Securities,Banks
120,2019-01-01,1,2019,Asset-Backed Securities_Institutional Clients,582,MBS_ABS,Asset-Backed Securities,Institutional Clients
84,2019-01-01,1,2019,Asset-Backed Securities_Investment Dealers,48,MBS_ABS,Asset-Backed Securities,Investment Dealers
156,2019-01-01,1,2019,Asset-Backed Securities_Issuer,0.0,MBS_ABS,Asset-Backed Securities,Issuer
144,2019-01-01,1,2019,Asset-Backed Securities_Non-Residents,169,MBS_ABS,Asset-Backed Securities,Non-Residents
132,2019-01-01,1,2019,Asset-Backed Securities_Retail Clients,43,MBS_ABS,Asset-Backed Securities,Retail Clients
12,2019-01-01,1,2019,Mortgage Backed Securities_Anonymous Systems: IDBBs and ATSs,24,MBS_ABS,Mortgage Backed Securities,Anonymous Systems: IDBBs and ATSs
24,2019-01-01,1,2019,Mortgage Backed Securities_Banks,2861,MBS_ABS,Mortgage Backed Securities,Banks
36,2019-01-01,1,2019,Mortgage Backed Securities_Institutional Clients,4996,MBS_ABS,Mortgage Backed Securities,Institutional Clients
0,2019-01-01,1,2019,Mortgage Backed Securities_Investment Dealers,1182,MBS_ABS,Mortgage Backed Securities,Investment Dealers
72,2019-01-01,1,2019,Mortgage Backed Securities_Issuer,0,MBS_ABS,Mortgage Backed Securities,Issuer
60,2019-01-01,1,2019,Mortgage Backed Securities_Non-Residents,917,MBS_ABS,Mortgage Backed Securities,Non-Residents
48,2019-01-01,1,2019,Mortgage Backed Securities_Retail Clients,103,MBS_ABS,Mortgage Backed Securities,Retail Clients
97,2019-02-01,2,2019,Asset-Backed Securities_Anonymous Systems: IDBBs and ATSs,42,MBS_ABS,Asset-Backed Securities,Anonymous Systems: IDBBs and ATSs
109,2019-02-01,2,2019,Asset-Backed Securities_Banks,11,MBS_ABS,Asset-Backed Securities,Banks
121,2019-02-01,2,2019,Asset-Backed Securities_Institutional Clients,1254,MBS_ABS,Asset-Backed Securities,Institutional Clients
85,2019-02-01,2,2019,Asset-Backed Securities_Investment Dealers,12,MBS_ABS,Asset-Backed Securities,Investment Dealers
157,2019-02-01,2,2019,Asset-Backed Securities_Issuer,0.0,MBS_ABS,Asset-Backed Securities,Issuer
145,2019-02-01,2,2019,Asset-Backed Securities_Non-Residents,103,MBS_ABS,Asset-Backed Securities,Non-Residents
133,2019-02-01,2,2019,Asset-Backed Securities_Retail Clients,2,MBS_ABS,Asset-Backed Securities,Retail Clients
13,2019-02-01,2,2019,Mortgage Backed Securities_Anonymous Systems: IDBBs and ATSs,0,MBS_ABS,Mortgage Backed Securities,Anonymous Systems: IDBBs and ATSs
25,2019-02-01,2,2019,Mortgage Backed Securities_Banks,1063,MBS_ABS,Mortgage Backed Securities,Banks
37,2019-02-01,2,2019,Mortgage Backed Securities_Institutional Clients,3258,MBS_ABS,Mortgage Backed Securities,Institutional Clients
1,2019-02-01,2,2019,Mortgage Backed Securities_Investment Dealers,1030,MBS_ABS,Mortgage Backed Securities,Investment Dealers
73,2019-02-01,2,2019,Mortgage Backed Securities_Issuer,880,MBS_ABS,Mortgage Backed Securities,Issuer
61,2019-02-01,2,2019,Mortgage Backed Securities_Non-Residents,74,MBS_ABS,Mortgage Backed Securities,Non-Residents
49,2019-02-01,2,2019,Mortgage Backed Securities_Retail Clients,18,MBS_ABS,Mortgage Backed Securities,Retail Clients
98,2019-03-01,3,2019,Asset-Backed Securities_Anonymous Systems: IDBBs and ATSs,114,MBS_ABS,Asset-Backed Securities,Anonymous Systems: IDBBs and ATSs
110,2019-03-01,3,2019,Asset-Backed Securities_Banks,495,MBS_ABS,Asset-Backed Securities,Banks
122,2019-03-01,3,2019,Asset-Backed Securities_Institutional Clients,1803,MBS_ABS,Asset-Backed Securities,Institutional Clients
86,2019-03-01,3,2019,Asset-Backed Securities_Investment Dealers,18,MBS_ABS,Asset-Backed Securities,Investment Dealers
158,2019-03-01,3,2019,Asset-Backed Securities_Issuer,0.0,MBS_ABS,Asset-Backed Securities,Issuer
146,2019-03-01,3,2019,Asset-Backed Securities_Non-Residents,76,MBS_ABS,Asset-Backed Securities,Non-Residents
134,2019-03-01,3,2019,Asset-Backed Securities_Retail Clients,3,MBS_ABS,Asset-Backed Securities,Retail Clients
14,2019-03-01,3,2019,Mortgage Backed Securities_Anonymous Systems: IDBBs and ATSs,0,MBS_ABS,Mortgage Backed Securities,Anonymous Systems: IDBBs and ATSs
26,2019-03-01,3,2019,Mortgage Backed Securities_Banks,1280,MBS_ABS,Mortgage Backed Securities,Banks
38,2019-03-01,3,2019,Mortgage Backed Securities_Institutional Clients,2563,MBS_ABS,Mortgage Backed Securities,Institutional Clients
2,2019-03-01,3,2019,Mortgage Backed Securities_Investment Dealers,170,MBS_ABS,Mortgage Backed Securities,Investment Dealers
74,2019-03-01,3,2019,Mortgage Backed Securities_Issuer,0,MBS_ABS,Mortgage Backed Securities,Issuer
62,2019-03-01,3,2019,Mortgage Backed Securities_Non-Residents,40,MBS_ABS,Mortgage Backed Securities,Non-Residents
50,2019-03-01,3,2019,Mortgage Backed Securities_Retail Clients,92,MBS_ABS,Mortgage Backed Securities,Retail Clients
99,2019-04-01,4,2019,Asset-Backed Securities_Anonymous Systems: IDBBs and ATSs,79,MBS_ABS,Asset-Backed Securities,Anonymous Systems: IDBBs and ATSs
111,2019-04-01,4,2019,Asset-Backed Securities_Banks,14,MBS_ABS,Asset-Backed Securities,Banks
123,2019-04-01,4,2019,Asset-Backed Securities_Institutional Clients,730,MBS_ABS,Asset-Backed Securities,Institutional Clients
87,2019-04-01,4,2019,Asset-Backed Securities_Investment Dealers,24,MBS_ABS,Asset-Backed Securities,Investment Dealers
159,2019-04-01,4,2019,Asset-Backed Securities_Issuer,0.0,MBS_ABS,Asset-Backed Securities,Issuer
147,2019-04-01,4,2019,Asset-Backed Securities_Non-Residents,83,MBS_ABS,Asset-Backed Securities,Non-Residents
135,2019-04-01,4,2019,Asset-Backed Securities_Retail Clients,1,MBS_ABS,Asset-Backed Securities,Retail Clients
15,2019-04-01,4,2019,Mortgage Backed Securities_Anonymous Systems: IDBBs and ATSs,2,MBS_ABS,Mortgage Backed Securities,Anonymous Systems: IDBBs and ATSs
27,2019-04-01,4,2019,Mortgage Backed Securities_Banks,2677,MBS_ABS,Mortgage Backed Securities,Banks
39,2019-04-01,4,2019,Mortgage Backed Securities_Institutional Clients,4429,MBS_ABS,Mortgage Backed Securities,Institutional Clients
3,2019-04-01,4,2019,Mortgage Backed Securities_Investment Dealers,878,MBS_ABS,Mortgage Backed Securities,Investment Dealers
75,2019-04-01,4,2019,Mortgage Backed Securities_Issuer,0,MBS_ABS,Mortgage Backed Securities,Issuer
63,2019-04-01,4,2019,Mortgage Backed Securities_Non-Residents,26,MBS_ABS,Mortgage Backed Securities,Non-Residents
51,2019-04-01,4,2019,Mortgage Backed Securities_Retail Clients,11,MBS_ABS,Mortgage Backed Securities,Retail Clients
100,2019-05-01,5,2019,Asset-Backed Securities_Anonymous Systems: IDBBs and ATSs,153,MBS_ABS,Asset-Backed Securities,Anonymous Systems: IDBBs and ATSs
112,2019-05-01,5,2019,Asset-Backed Securities_Banks,10,MBS_ABS,Asset-Backed Securities,Banks
124,2019-05-01,5,2019,Asset-Backed Securities_Institutional Clients,796,MBS_ABS,Asset-Backed Securities,Institutional Clients
88,2019-05-01,5,2019,Asset-Backed Securities_Investment Dealers,20,MBS_ABS,Asset-Backed Securities,Investment Dealers
160,2019-05-01,5,2019,Asset-Backed Securities_Issuer,0.0,MBS_ABS,Asset-Backed Securities,Issuer
148,2019-05-01,5,2019,Asset-Backed Securities_Non-Residents,105,MBS_ABS,Asset-Backed Securities,Non-Residents
136,2019-05-01,5,2019,Asset-Backed Securities_Retail Clients,3,MBS_ABS,Asset-Backed Securities,Retail Clients
16,2019-05-01,5,2019,Mortgage Backed Securities_Anonymous Systems: IDBBs and ATSs,0,MBS_ABS,Mortgage Backed Securities,Anonymous Systems: IDBBs and ATSs
28,2019-05-01,5,2019,Mortgage Backed Securities_Banks,1719,MBS_ABS,Mortgage Backed Securities,Banks
40,2019-05-01,5,2019,Mortgage Backed Securities_Institutional Clients,2655,MBS_ABS,Mortgage Backed Securities,Institutional Clients
4,2019-05-01,5,2019,Mortgage Backed Securities_Investment Dealers,546,MBS_ABS,Mortgage Backed Securities,Investment Dealers
76,2019-05-01,5,2019,Mortgage Backed Securities_Issuer,0,MBS_ABS,Mortgage Backed Securities,Issuer
64,2019-05-01,5,2019,Mortgage Backed Securities_Non-Residents,14,MBS_ABS,Mortgage Backed Securities,Non-Residents
52,2019-05-01,5,2019,Mortgage Backed Securities_Retail Clients,22,MBS_ABS,Mortgage Backed Securities,Retail Clients
101,2019-06-01,6,2019,Asset-Backed Securities_Anonymous Systems: IDBBs and ATSs,70,MBS_ABS,Asset-Backed Securities,Anonymous Systems: IDBBs and ATSs
113,2019-06-01,6,2019,Asset-Backed Securities_Banks,521,MBS_ABS,Asset-Backed Securities,Banks
125,2019-06-01,6,2019,Asset-Backed Securities_Institutional Clients,1475,MBS_ABS,Asset-Backed Securities,Institutional Clients
89,2019-06-01,6,2019,Asset-Backed Securities_Investment Dealers,19,MBS_ABS,Asset-Backed Securities,Investment Dealers
161,2019-06-01,6,2019,Asset-Backed Securities_Issuer,0.0,MBS_ABS,Asset-Backed Securities,Issuer
149,2019-06-01,6,2019,Asset-Backed Securities_Non-Residents,48,MBS_ABS,Asset-Backed Securities,Non-Residents
137,2019-06-01,6,2019,Asset-Backed Securities_Retail Clients,3,MBS_ABS,Asset-Backed Securities,Retail Clients
17,2019-06-01,6,2019,Mortgage Backed Securities_Anonymous Systems: IDBBs and ATSs,20,MBS_ABS,Mortgage Backed Securities,Anonymous Systems: IDBBs and ATSs
29,2019-06-01,6,2019,Mortgage Backed Securities_Banks,1513,MBS_ABS,Mortgage Backed Securities,Banks
41,2019-06-01,6,2019,Mortgage Backed Securities_Institutional Clients,3366,MBS_ABS,Mortgage Backed Securities,Institutional Clients
5,2019-06-01,6,2019,Mortgage Backed Securities_Investment Dealers,397,MBS_ABS,Mortgage Backed Securities,Investment Dealers
77,2019-06-01,6,2019,Mortgage Backed Securities_Issuer,0,MBS_ABS,Mortgage Backed Securities,Issuer
65,2019-06-01,6,2019,Mortgage Backed Securities_Non-Residents,8,MBS_ABS,Mortgage Backed Securities,Non-Residents
53,2019-06-01,6,2019,Mortgage Backed Securities_Retail Clients,29,MBS_ABS,Mortgage Backed Securities,Retail Clients
102,2019-07-01,7,2019,Asset-Backed Securities_Anonymous Systems: IDBBs and ATSs,213,MBS_ABS,Asset-Backed Securities,Anonymous Systems: IDBBs and ATSs
114,2019-07-01,7,2019,Asset-Backed Securities_Banks,18,MBS_ABS,Asset-Backed Securities,Banks
126,2019-07-01,7,2019,Asset-Backed Securities_Institutional Clients,839,MBS_ABS,Asset-Backed Securities,Institutional Clients
90,2019-07-01,7,2019,Asset-Backed Securities_Investment Dealers,42,MBS_ABS,Asset-Backed Securities,Investment Dealers
162,2019-07-01,7,2019,Asset-Backed Securities_Issuer,0.0,MBS_ABS,Asset-Backed Securities,Issuer
150,2019-07-01,7,2019,Asset-Backed Securities_Non-Residents,32,MBS_ABS,Asset-Backed Securities,Non-Residents
138,2019-07-01,7,2019,Asset-Backed Securities_Retail Clients,4,MBS_ABS,Asset-Backed Securities,Retail Clients
18,2019-07-01,7,2019,Mortgage Backed Securities_Anonymous Systems: IDBBs and ATSs,129,MBS_ABS,Mortgage Backed Securities,Anonymous Systems: IDBBs and ATSs
30,2019-07-01,7,2019,Mortgage Backed Securities_Banks,3030,MBS_ABS,Mortgage Backed Securities,Banks
42,2019-07-01,7,2019,Mortgage Backed Securities_Institutional Clients,5089,MBS_ABS,Mortgage Backed Securities,Institutional Clients
6,2019-07-01,7,2019,Mortgage Backed Securities_Investment Dealers,1361,MBS_ABS,Mortgage Backed Securities,Investment Dealers
78,2019-07-01,7,2019,Mortgage Backed Securities_Issuer,0,MBS_ABS,Mortgage Backed Securities,Issuer
66,2019-07-01,7,2019,Mortgage Backed Securities_Non-Residents,12,MBS_ABS,Mortgage Backed Securities,Non-Residents
54,2019-07-01,7,2019,Mortgage Backed Securities_Retail Clients,25,MBS_ABS,Mortgage Backed Securities,Retail Clients
103,2019-08-01,8,2019,Asset-Backed Securities_Anonymous Systems: IDBBs and ATSs,65,MBS_ABS,Asset-Backed Securities,Anonymous Systems: IDBBs and ATSs
115,2019-08-01,8,2019,Asset-Backed Securities_Banks,3,MBS_ABS,Asset-Backed Securities,Banks
127,2019-08-01,8,2019,Asset-Backed Securities_Institutional Clients,361,MBS_ABS,Asset-Backed Securities,Institutional Clients
91,2019-08-01,8,2019,Asset-Backed Securities_Investment Dealers,1,MBS_ABS,Asset-Backed Securities,Investment Dealers
163,2019-08-01,8,2019,Asset-Backed Securities_Issuer,0.0,MBS_ABS,Asset-Backed Securities,Issuer
151,2019-08-01,8,2019,Asset-Backed Securities_Non-Residents,73,MBS_ABS,Asset-Backed Securities,Non-Residents
139,2019-08-01,8,2019,Asset-Backed Securities_Retail Clients,1,MBS_ABS,Asset-Backed Securities,Retail Clients
19,2019-08-01,8,2019,Mortgage Backed Securities_Anonymous Systems: IDBBs and ATSs,91,MBS_ABS,Mortgage Backed Securities,Anonymous Systems: IDBBs and ATSs
31,2019-08-01,8,2019,Mortgage Backed Securities_Banks,3829,MBS_ABS,Mortgage Backed Securities,Banks
43,2019-08-01,8,2019,Mortgage Backed Securities_Institutional Clients,4590,MBS_ABS,Mortgage Backed Securities,Institutional Clients
7,2019-08-01,8,2019,Mortgage Backed Securities_Investment Dealers,1033,MBS_ABS,Mortgage Backed Securities,Investment Dealers
79,2019-08-01,8,2019,Mortgage Backed Securities_Issuer,0,MBS_ABS,Mortgage Backed Securities,Issuer
67,2019-08-01,8,2019,Mortgage Backed Securities_Non-Residents,5,MBS_ABS,Mortgage Backed Securities,Non-Residents
55,2019-08-01,8,2019,Mortgage Backed Securities_Retail Clients,41,MBS_ABS,Mortgage Backed Securities,Retail Clients
104,2019-09-01,9,2019,Asset-Backed Securities_Anonymous Systems: IDBBs and ATSs,23,MBS_ABS,Asset-Backed Securities,Anonymous Systems: IDBBs and ATSs
116,2019-09-01,9,2019,Asset-Backed Securities_Banks,47,MBS_ABS,Asset-Backed Securities,Banks
128,2019-09-01,9,2019,Asset-Backed Securities_Institutional Clients,751,MBS_ABS,Asset-Backed Securities,Institutional Clients
92,2019-09-01,9,2019,Asset-Backed Securities_Investment Dealers,119,MBS_ABS,Asset-Backed Securities,Investment Dealers
164,2019-09-01,9,2019,Asset-Backed Securities_Issuer,0.0,MBS_ABS,Asset-Backed Securities,Issuer
152,2019-09-01,9,2019,Asset-Backed Securities_Non-Residents,149,MBS_ABS,Asset-Backed Securities,Non-Residents
140,2019-09-01,9,2019,Asset-Backed Securities_Retail Clients,3,MBS_ABS,Asset-Backed Securities,Retail Clients
20,2019-09-01,9,2019,Mortgage Backed Securities_Anonymous Systems: IDBBs and ATSs,32,MBS_ABS,Mortgage Backed Securities,Anonymous Systems: IDBBs and ATSs
32,2019-09-01,9,2019,Mortgage Backed Securities_Banks,1575,MBS_ABS,Mortgage Backed Securities,Banks
44,2019-09-01,9,2019,Mortgage Backed Securities_Institutional Clients,2401,MBS_ABS,Mortgage Backed Securities,Institutional Clients
8,2019-09-01,9,2019,Mortgage Backed Securities_Investment Dealers,446,MBS_ABS,Mortgage Backed Securities,Investment Dealers
80,2019-09-01,9,2019,Mortgage Backed Securities_Issuer,0,MBS_ABS,Mortgage Backed Securities,Issuer
68,2019-09-01,9,2019,Mortgage Backed Securities_Non-Residents,0,MBS_ABS,Mortgage Backed Securities,Non-Residents
56,2019-09-01,9,2019,Mortgage Backed Securities_Retail Clients,57,MBS_ABS,Mortgage Backed Securities,Retail Clients
105,2019-10-01,10,2019,Asset-Backed Securities_Anonymous Systems: IDBBs and ATSs,181,MBS_ABS,Asset-Backed Securities,Anonymous Systems: IDBBs and ATSs
117,2019-10-01,10,2019,Asset-Backed Securities_Banks,37,MBS_ABS,Asset-Backed Securities,Banks
129,2019-10-01,10,2019,Asset-Backed Securities_Institutional Clients,1001,MBS_ABS,Asset-Backed Securities,Institutional Clients
93,2019-10-01,10,2019,Asset-Backed Securities_Investment Dealers,45,MBS_ABS,Asset-Backed Securities,Investment Dealers
165,2019-10-01,10,2019,Asset-Backed Securities_Issuer,0.0,MBS_ABS,Asset-Backed Securities,Issuer
153,2019-10-01,10,2019,Asset-Backed Securities_Non-Residents,136,MBS_ABS,Asset-Backed Securities,Non-Residents
141,2019-10-01,10,2019,Asset-Backed Securities_Retail Clients,6,MBS_ABS,Asset-Backed Securities,Retail Clients
21,2019-10-01,10,2019,Mortgage Backed Securities_Anonymous Systems: IDBBs and ATSs,38,MBS_ABS,Mortgage Backed Securities,Anonymous Systems: IDBBs and ATSs
33,2019-10-01,10,2019,Mortgage Backed Securities_Banks,3404,MBS_ABS,Mortgage Backed Securities,Banks
45,2019-10-01,10,2019,Mortgage Backed Securities_Institutional Clients,3814,MBS_ABS,Mortgage Backed Securities,Institutional Clients
9,2019-10-01,10,2019,Mortgage Backed Securities_Investment Dealers,904,MBS_ABS,Mortgage Backed Securities,Investment Dealers
81,2019-10-01,10,2019,Mortgage Backed Securities_Issuer,0,MBS_ABS,Mortgage Backed Securities,Issuer
69,2019-10-01,10,2019,Mortgage Backed Securities_Non-Residents,0,MBS_ABS,Mortgage Backed Securities,Non-Residents
57,2019-10-01,10,2019,Mortgage Backed Securities_Retail Clients,49,MBS_ABS,Mortgage Backed Securities,Retail Clients
106,2019-11-01,11,2019,Asset-Backed Securities_Anonymous Systems: IDBBs and ATSs,87,MBS_ABS,Asset-Backed Securities,Anonymous Systems: IDBBs and ATSs
118,2019-11-01,11,2019,Asset-Backed Securities_Banks,43,MBS_ABS,Asset-Backed Securities,Banks
130,2019-11-01,11,2019,Asset-Backed Securities_Institutional Clients,945,MBS_ABS,Asset-Backed Securities,Institutional Clients
94,2019-11-01,11,2019,Asset-Backed Securities_Investment Dealers,143,MBS_ABS,Asset-Backed Securities,Investment Dealers
166,2019-11-01,11,2019,Asset-Backed Securities_Issuer,0.0,MBS_ABS,Asset-Backed Securities,Issuer
154,2019-11-01,11,2019,Asset-Backed Securities_Non-Residents,44,MBS_ABS,Asset-Backed Securities,Non-Residents
142,2019-11-01,11,2019,Asset-Backed Securities_Retail Clients,8,MBS_ABS,Asset-Backed Securities,Retail Clients
22,2019-11-01,11,2019,Mortgage Backed Securities_Anonymous Systems: IDBBs and ATSs,191,MBS_ABS,Mortgage Backed Securities,Anonymous Systems: IDBBs and ATSs
34,2019-11-01,11,2019,Mortgage Backed Securities_Banks,1939,MBS_ABS,Mortgage Backed Securities,Banks
46,2019-11-01,11,2019,Mortgage Backed Securities_Institutional Clients,1718,MBS_ABS,Mortgage Backed Securities,Institutional Clients
10,2019-11-01,11,2019,Mortgage Backed Securities_Investment Dealers,958,MBS_ABS,Mortgage Backed Securities,Investment Dealers
82,2019-11-01,11,2019,Mortgage Backed Securities_Issuer,0,MBS_ABS,Mortgage Backed Securities,Issuer
70,2019-11-01,11,2019,Mortgage Backed Securities_Non-Residents,4,MBS_ABS,Mortgage Backed Securities,Non-Residents
58,2019-11-01,11,2019,Mortgage Backed Securities_Retail Clients,5,MBS_ABS,Mortgage Backed Securities,Retail Clients
107,2019-12-01,12,2019,Asset-Backed Securities_Anonymous Systems: IDBBs and ATSs,46,MBS_ABS,Asset-Backed Securities,Anonymous Systems: IDBBs and ATSs
119,2019-12-01,12,2019,Asset-Backed Securities_Banks,55,MBS_ABS,Asset-Backed Securities,Banks
131,2019-12-01,12,2019,Asset-Backed Securities_Institutional Clients,828,MBS_ABS,Asset-Backed Securities,Institutional Clients
95,2019-12-01,12,2019,Asset-Backed Securities_Investment Dealers,12,MBS_ABS,Asset-Backed Securities,Investment Dealers
167,2019-12-01,12,2019,Asset-Backed Securities_Issuer,0.0,MBS_ABS,Asset-Backed Securities,Issuer
155,2019-12-01,12,2019,Asset-Backed Securities_Non-Residents,11,MBS_ABS,Asset-Backed Securities,Non-Residents
143,2019-12-01,12,2019,Asset-Backed Securities_Retail Clients,2,MBS_ABS,Asset-Backed Securities,Retail Clients
23,2019-12-01,12,2019,Mortgage Backed Securities_Anonymous Systems: IDBBs and ATSs,50,MBS_ABS,Mortgage Backed Securities,Anonymous Systems: IDBBs and ATSs
35,2019-12-01,12,2019,Mortgage Backed Securities_Banks,1089,MBS_ABS,Mortgage Backed Securities,Banks
47,2019-12-01,12,2019,Mortgage Backed Securities_Institutional Clients,3707,MBS_ABS,Mortgage Backed Securities,Institutional Clients
11,2019-12-01,12,2019,Mortgage Backed Securities_Investment Dealers,752,MBS_ABS,Mortgage Backed Securities,Investment Dealers
83,2019-12-01,12,2019,Mortgage Backed Securities_Issuer,0,MBS_ABS,Mortgage Backed Securities,Issuer
71,2019-12-01,12,2019,Mortgage Backed Securities_Non-Residents,30,MBS_ABS,Mortgage Backed Securities,Non-Residents
59,2019-12-01,12,2019,Mortgage Backed Securities_Retail Clients,63,MBS_ABS,Mortgage Backed Securities,Retail Clients
96,2020-01-01,1,2020,Asset-Backed Securities_Anonymous Systems: IDBBs and ATSs,99.796,MBS_ABS,Asset-Backed Securities,Anonymous Systems: IDBBs and ATSs
108,2020-01-01,1,2020,Asset-Backed Securities_Banks,44.5885,MBS_ABS,Asset-Backed Securities,Banks
120,2020-01-01,1,2020,Asset-Backed Securities_Institutional Clients,903.555,MBS_ABS,Asset-Backed Securities,Institutional Clients
84,2020-01-01,1,2020,Asset-Backed Securities_Investment Dealers,28.3205,MBS_ABS,Asset-Backed Securities,Investment Dealers
156,2020-01-01,1,2020,Asset-Backed Securities_Issuer,0.0,MBS_ABS,Asset-Backed Securities,Issuer
144,2020-01-01,1,2020,Asset-Backed Securities_Non-Residents,16.052,MBS_ABS,Asset-Backed Securities,Non-Residents
132,2020-01-01,1,2020,Asset-Backed Securities_Retail Clients,1.395,MBS_ABS,Asset-Backed Securities,Retail Clients
12,2020-01-01,1,2020,Mortgage Backed Securities_Anonymous Systems: IDBBs and ATSs,199.23,MBS_ABS,Mortgage Backed Securities,Anonymous Systems: IDBBs and ATSs
24,2020-01-01,1,2020,Mortgage Backed Securities_Banks,1251.646369,MBS_ABS,Mortgage Backed Securities,Banks
36,2020-01-01,1,2020,Mortgage Backed Securities_Institutional Clients,7155.45078,MBS_ABS,Mortgage Backed Securities,Institutional Clients
0,2020-01-01,1,2020,Mortgage Backed Securities_Investment Dealers,394.015349,MBS_ABS,Mortgage Backed Securities,Investment Dealers
72,2020-01-01,1,2020,Mortgage Backed Securities_Issuer,0,MBS_ABS,Mortgage Backed Securities,Issuer
60,2020-01-01,1,2020,Mortgage Backed Securities_Non-Residents,38.074073,MBS_ABS,Mortgage Backed Securities,Non-Residents
48,2020-01-01,1,2020,Mortgage Backed Securities_Retail Clients,23.726,MBS_ABS,Mortgage Backed Securities,Retail Clients
97,2020-02-01,2,2020,Asset-Backed Securities_Anonymous Systems: IDBBs and ATSs,14,MBS_ABS,Asset-Backed Securities,Anonymous Systems: IDBBs and ATSs
109,2020-02-01,2,2020,Asset-Backed Securities_Banks,57.2105,MBS_ABS,Asset-Backed Securities,Banks
121,2020-02-01,2,2020,Asset-Backed Securities_Institutional Clients,1037.134589,MBS_ABS,Asset-Backed Securities,Institutional Clients
85,2020-02-01,2,2020,Asset-Backed Securities_Investment Dealers,304.629,MBS_ABS,Asset-Backed Securities,Investment Dealers
157,2020-02-01,2,2020,Asset-Backed Securities_Issuer,0.0,MBS_ABS,Asset-Backed Securities,Issuer
145,2020-02-01,2,2020,Asset-Backed Securities_Non-Residents,111.718,MBS_ABS,Asset-Backed Securities,Non-Residents
133,2020-02-01,2,2020,Asset-Backed Securities_Retail Clients,8.351,MBS_ABS,Asset-Backed Securities,Retail Clients
13,2020-02-01,2,2020,Mortgage Backed Securities_Anonymous Systems: IDBBs and ATSs,40,MBS_ABS,Mortgage Backed Securities,Anonymous Systems: IDBBs and ATSs
25,2020-02-01,2,2020,Mortgage Backed Securities_Banks,2125.427581,MBS_ABS,Mortgage Backed Securities,Banks
37,2020-02-01,2,2020,Mortgage Backed Securities_Institutional Clients,3344.22662,MBS_ABS,Mortgage Backed Securities,Institutional Clients
1,2020-02-01,2,2020,Mortgage Backed Securities_Investment Dealers,754.538618,MBS_ABS,Mortgage Backed Securities,Investment Dealers
73,2020-02-01,2,2020,Mortgage Backed Securities_Issuer,0,MBS_ABS,Mortgage Backed Securities,Issuer
61,2020-02-01,2,2020,Mortgage Backed Securities_Non-Residents,25.284805,MBS_ABS,Mortgage Backed Securities,Non-Residents
49,2020-02-01,2,2020,Mortgage Backed Securities_Retail Clients,3.2,MBS_ABS,Mortgage Backed Securities,Retail Clients
98,2020-03-01,3,2020,Asset-Backed Securities_Anonymous Systems: IDBBs and ATSs,0,MBS_ABS,Asset-Backed Securities,Anonymous Systems: IDBBs and ATSs
110,2020-03-01,3,2020,Asset-Backed Securities_Banks,10.305,MBS_ABS,Asset-Backed Securities,Banks
122,2020-03-01,3,2020,Asset-Backed Securities_Institutional Clients,891.626,MBS_ABS,Asset-Backed Securities,Institutional Clients
86,2020-03-01,3,2020,Asset-Backed Securities_Investment Dealers,3.418,MBS_ABS,Asset-Backed Securities,Investment Dealers
158,2020-03-01,3,2020,Asset-Backed Securities_Issuer,0.0,MBS_ABS,Asset-Backed Securities,Issuer
146,2020-03-01,3,2020,Asset-Backed Securities_Non-Residents,106.123,MBS_ABS,Asset-Backed Securities,Non-Residents
134,2020-03-01,3,2020,Asset-Backed Securities_Retail Clients,2.599,MBS_ABS,Asset-Backed Securities,Retail Clients
14,2020-03-01,3,2020,Mortgage Backed Securities_Anonymous Systems: IDBBs and ATSs,0,MBS_ABS,Mortgage Backed Securities,Anonymous Systems: IDBBs and ATSs
26,2020-03-01,3,2020,Mortgage Backed Securities_Banks,2299.755189,MBS_ABS,Mortgage Backed Securities,Banks
38,2020-03-01,3,2020,Mortgage Backed Securities_Institutional Clients,6821.847512,MBS_ABS,Mortgage Backed Securities,Institutional Clients
2,2020-03-01,3,2020,Mortgage Backed Securities_Investment Dealers,744.813084,MBS_ABS,Mortgage Backed Securities,Investment Dealers
74,2020-03-01,3,2020,Mortgage Backed Securities_Issuer,0,MBS_ABS,Mortgage Backed Securities,Issuer
62,2020-03-01,3,2020,Mortgage Backed Securities_Non-Residents,278.873995,MBS_ABS,Mortgage Backed Securities,Non-Residents
50,2020-03-01,3,2020,Mortgage Backed Securities_Retail Clients,2.4,MBS_ABS,Mortgage Backed Securities,Retail Clients
99,2020-04-01,4,2020,Asset-Backed Securities_Anonymous Systems: IDBBs and ATSs,94,MBS_ABS,Asset-Backed Securities,Anonymous Systems: IDBBs and ATSs
111,2020-04-01,4,2020,Asset-Backed Securities_Banks,7.9515,MBS_ABS,Asset-Backed Securities,Banks
123,2020-04-01,4,2020,Asset-Backed Securities_Institutional Clients,922.590888,MBS_ABS,Asset-Backed Securities,Institutional Clients
87,2020-04-01,4,2020,Asset-Backed Securities_Investment Dealers,45.1205,MBS_ABS,Asset-Backed Securities,Investment Dealers
159,2020-04-01,4,2020,Asset-Backed Securities_Issuer,0.0,MBS_ABS,Asset-Backed Securities,Issuer
147,2020-04-01,4,2020,Asset-Backed Securities_Non-Residents,43.745,MBS_ABS,Asset-Backed Securities,Non-Residents
135,2020-04-01,4,2020,Asset-Backed Securities_Retail Clients,4.337,MBS_ABS,Asset-Backed Securities,Retail Clients
15,2020-04-01,4,2020,Mortgage Backed Securities_Anonymous Systems: IDBBs and ATSs,224.232,MBS_ABS,Mortgage Backed Securities,Anonymous Systems: IDBBs and ATSs
27,2020-04-01,4,2020,Mortgage Backed Securities_Banks,4027.279742,MBS_ABS,Mortgage Backed Securities,Banks
39,2020-04-01,4,2020,Mortgage Backed Securities_Institutional Clients,6997.214159,MBS_ABS,Mortgage Backed Securities,Institutional Clients
3,2020-04-01,4,2020,Mortgage Backed Securities_Investment Dealers,1551.548998,MBS_ABS,Mortgage Backed Securities,Investment Dealers
75,2020-04-01,4,2020,Mortgage Backed Securities_Issuer,0,MBS_ABS,Mortgage Backed Securities,Issuer
63,2020-04-01,4,2020,Mortgage Backed Securities_Non-Residents,49.527024,MBS_ABS,Mortgage Backed Securities,Non-Residents
51,2020-04-01,4,2020,Mortgage Backed Securities_Retail Clients,0.164,MBS_ABS,Mortgage Backed Securities,Retail Clients
100,2020-05-01,5,2020,Asset-Backed Securities_Anonymous Systems: IDBBs and ATSs,37.75,MBS_ABS,Asset-Backed Securities,Anonymous Systems: IDBBs and ATSs
112,2020-05-01,5,2020,Asset-Backed Securities_Banks,0.2115,MBS_ABS,Asset-Backed Securities,Banks
124,2020-05-01,5,2020,Asset-Backed Securities_Institutional Clients,567.475814,MBS_ABS,Asset-Backed Securities,Institutional Clients
88,2020-05-01,5,2020,Asset-Backed Securities_Investment Dealers,0.3845,MBS_ABS,Asset-Backed Securities,Investment Dealers
160,2020-05-01,5,2020,Asset-Backed Securities_Issuer,0.0,MBS_ABS,Asset-Backed Securities,Issuer
148,2020-05-01,5,2020,Asset-Backed Securities_Non-Residents,29.169,MBS_ABS,Asset-Backed Securities,Non-Residents
136,2020-05-01,5,2020,Asset-Backed Securities_Retail Clients,0.683,MBS_ABS,Asset-Backed Securities,Retail Clients
16,2020-05-01,5,2020,Mortgage Backed Securities_Anonymous Systems: IDBBs and ATSs,246.766,MBS_ABS,Mortgage Backed Securities,Anonymous Systems: IDBBs and ATSs
28,2020-05-01,5,2020,Mortgage Backed Securities_Banks,4311.671936,MBS_ABS,Mortgage Backed Securities,Banks
40,2020-05-01,5,2020,Mortgage Backed Securities_Institutional Clients,4656.557621,MBS_ABS,Mortgage Backed Securities,Institutional Clients
4,2020-05-01,5,2020,Mortgage Backed Securities_Investment Dealers,922.649067,MBS_ABS,Mortgage Backed Securities,Investment Dealers
76,2020-05-01,5,2020,Mortgage Backed Securities_Issuer,0,MBS_ABS,Mortgage Backed Securities,Issuer
64,2020-05-01,5,2020,Mortgage Backed Securities_Non-Residents,53.563724,MBS_ABS,Mortgage Backed Securities,Non-Residents
52,2020-05-01,5,2020,Mortgage Backed Securities_Retail Clients,0,MBS_ABS,Mortgage Backed Securities,Retail Clients
101,2020-06-01,6,2020,Asset-Backed Securities_Anonymous Systems: IDBBs and ATSs,95.6,MBS_ABS,Asset-Backed Securities,Anonymous Systems: IDBBs and ATSs
113,2020-06-01,6,2020,Asset-Backed Securities_Banks,0.0185,MBS_ABS,Asset-Backed Securities,Banks
125,2020-06-01,6,2020,Asset-Backed Securities_Institutional Clients,1065.703688,MBS_ABS,Asset-Backed Securities,Institutional Clients
89,2020-06-01,6,2020,Asset-Backed Securities_Investment Dealers,0.1295,MBS_ABS,Asset-Backed Securities,Investment Dealers
161,2020-06-01,6,2020,Asset-Backed Securities_Issuer,0.0,MBS_ABS,Asset-Backed Securities,Issuer
149,2020-06-01,6,2020,Asset-Backed Securities_Non-Residents,144.8895,MBS_ABS,Asset-Backed Securities,Non-Residents
137,2020-06-01,6,2020,Asset-Backed Securities_Retail Clients,0.858,MBS_ABS,Asset-Backed Securities,Retail Clients
17,2020-06-01,6,2020,Mortgage Backed Securities_Anonymous Systems: IDBBs and ATSs,195.542,MBS_ABS,Mortgage Backed Securities,Anonymous Systems: IDBBs and ATSs
29,2020-06-01,6,2020,Mortgage Backed Securities_Banks,3322.492248,MBS_ABS,Mortgage Backed Securities,Banks
41,2020-06-01,6,2020,Mortgage Backed Securities_Institutional Clients,8200.055804,MBS_ABS,Mortgage Backed Securities,Institutional Clients
5,2020-06-01,6,2020,Mortgage Backed Securities_Investment Dealers,918.695087,MBS_ABS,Mortgage Backed Securities,Investment Dealers
77,2020-06-01,6,2020,Mortgage Backed Securities_Issuer,0,MBS_ABS,Mortgage Backed Securities,Issuer
65,2020-06-01,6,2020,Mortgage Backed Securities_Non-Residents,11.843325,MBS_ABS,Mortgage Backed Securities,Non-Residents
53,2020-06-01,6,2020,Mortgage Backed Securities_Retail Clients,0,MBS_ABS,Mortgage Backed Securities,Retail Clients
102,2020-07-01,7,2020,Asset-Backed Securities_Anonymous Systems: IDBBs and ATSs,8,MBS_ABS,Asset-Backed Securities,Anonymous Systems: IDBBs and ATSs
114,2020-07-01,7,2020,Asset-Backed Securities_Banks,11.825,MBS_ABS,Asset-Backed Securities,Banks
126,2020-07-01,7,2020,Asset-Backed Securities_Institutional Clients,433.672836,MBS_ABS,Asset-Backed Securities,Institutional Clients
90,2020-07-01,7,2020,Asset-Backed Securities_Investment Dealers,0.042,MBS_ABS,Asset-Backed Securities,Investment Dealers
162,2020-07-01,7,2020,Asset-Backed Securities_Issuer,0.0,MBS_ABS,Asset-Backed Securities,Issuer
150,2020-07-01,7,2020,Asset-Backed Securities_Non-Residents,115.307,MBS_ABS,Asset-Backed Securities,Non-Residents
138,2020-07-01,7,2020,Asset-Backed Securities_Retail Clients,0.808,MBS_ABS,Asset-Backed Securities,Retail Clients
18,2020-07-01,7,2020,Mortgage Backed Securities_Anonymous Systems: IDBBs and ATSs,0,MBS_ABS,Mortgage Backed Securities,Anonymous Systems: IDBBs and ATSs
30,2020-07-01,7,2020,Mortgage Backed Securities_Banks,1903.11651,MBS_ABS,Mortgage Backed Securities,Banks
42,2020-07-01,7,2020,Mortgage Backed Securities_Institutional Clients,3900.843684,MBS_ABS,Mortgage Backed Securities,Institutional Clients
6,2020-07-01,7,2020,Mortgage Backed Securities_Investment Dealers,279.773081,MBS_ABS,Mortgage Backed Securities,Investment Dealers
78,2020-07-01,7,2020,Mortgage Backed Securities_Issuer,84.02754,MBS_ABS,Mortgage Backed Securities,Issuer
66,2020-07-01,7,2020,Mortgage Backed Securities_Non-Residents,14.999785,MBS_ABS,Mortgage Backed Securities,Non-Residents
54,2020-07-01,7,2020,Mortgage Backed Securities_Retail Clients,0,MBS_ABS,Mortgage Backed Securities,Retail Clients
103,2020-08-01,8,2020,Asset-Backed Securities_Anonymous Systems: IDBBs and ATSs,4,MBS_ABS,Asset-Backed Securities,Anonymous Systems: IDBBs and ATSs
115,2020-08-01,8,2020,Asset-Backed Securities_Banks,2.5555,MBS_ABS,Asset-Backed Securities,Banks
127,2020-08-01,8,2020,Asset-Backed Securities_Institutional Clients,416.374,MBS_ABS,Asset-Backed Securities,Institutional Clients
91,2020-08-01,8,2020,Asset-Backed Securities_Investment Dealers,5.721,MBS_ABS,Asset-Backed Securities,Investment Dealers
163,2020-08-01,8,2020,Asset-Backed Securities_Issuer,0.0,MBS_ABS,Asset-Backed Securities,Issuer
151,2020-08-01,8,2020,Asset-Backed Securities_Non-Residents,18.709,MBS_ABS,Asset-Backed Securities,Non-Residents
139,2020-08-01,8,2020,Asset-Backed Securities_Retail Clients,1.348,MBS_ABS,Asset-Backed Securities,Retail Clients
19,2020-08-01,8,2020,Mortgage Backed Securities_Anonymous Systems: IDBBs and ATSs,0,MBS_ABS,Mortgage Backed Securities,Anonymous Systems: IDBBs and ATSs
31,2020-08-01,8,2020,Mortgage Backed Securities_Banks,1284.976616,MBS_ABS,Mortgage Backed Securities,Banks
43,2020-08-01,8,2020,Mortgage Backed Securities_Institutional Clients,1794.480758,MBS_ABS,Mortgage Backed Securities,Institutional Clients
7,2020-08-01,8,2020,Mortgage Backed Securities_Investment Dealers,321.987778,MBS_ABS,Mortgage Backed Securities,Investment Dealers
79,2020-08-01,8,2020,Mortgage Backed Securities_Issuer,36.205511,MBS_ABS,Mortgage Backed Securities,Issuer
67,2020-08-01,8,2020,Mortgage Backed Securities_Non-Residents,23.272,MBS_ABS,Mortgage Backed Securities,Non-Residents
55,2020-08-01,8,2020,Mortgage Backed Securities_Retail Clients,0,MBS_ABS,Mortgage Backed Securities,Retail Clients
104,2020-09-01,9,2020,Asset-Backed Securities_Anonymous Systems: IDBBs and ATSs,47.57,MBS_ABS,Asset-Backed Securities,Anonymous Systems: IDBBs and ATSs
116,2020-09-01,9,2020,Asset-Backed Securities_Banks,5.2905,MBS_ABS,Asset-Backed Securities,Banks
128,2020-09-01,9,2020,Asset-Backed Securities_Institutional Clients,904.852984,MBS_ABS,Asset-Backed Securities,Institutional Clients
92,2020-09-01,9,2020,Asset-Backed Securities_Investment Dealers,86.0365,MBS_ABS,Asset-Backed Securities,Investment Dealers
164,2020-09-01,9,2020,Asset-Backed Securities_Issuer,0.0,MBS_ABS,Asset-Backed Securities,Issuer
152,2020-09-01,9,2020,Asset-Backed Securities_Non-Residents,172.724613,MBS_ABS,Asset-Backed Securities,Non-Residents
140,2020-09-01,9,2020,Asset-Backed Securities_Retail Clients,3.163,MBS_ABS,Asset-Backed Securities,Retail Clients
20,2020-09-01,9,2020,Mortgage Backed Securities_Anonymous Systems: IDBBs and ATSs,10,MBS_ABS,Mortgage Backed Securities,Anonymous Systems: IDBBs and ATSs
32,2020-09-01,9,2020,Mortgage Backed Securities_Banks,1395.424385,MBS_ABS,Mortgage Backed Securities,Banks
44,2020-09-01,9,2020,Mortgage Backed Securities_Institutional Clients,1982.631949,MBS_ABS,Mortgage Backed Securities,Institutional Clients
8,2020-09-01,9,2020,Mortgage Backed Securities_Investment Dealers,1511.3193,MBS_ABS,Mortgage Backed Securities,Investment Dealers
80,2020-09-01,9,2020,Mortgage Backed Securities_Issuer,36.5338,MBS_ABS,Mortgage Backed Securities,Issuer
68,2020-09-01,9,2020,Mortgage Backed Securities_Non-Residents,210.379605,MBS_ABS,Mortgage Backed Securities,Non-Residents
56,2020-09-01,9,2020,Mortgage Backed Securities_Retail Clients,0.005,MBS_ABS,Mortgage Backed Securities,Retail Clients
105,2020-10-01,10,2020,Asset-Backed Securities_Anonymous Systems: IDBBs and ATSs,19.85,MBS_ABS,Asset-Backed Securities,Anonymous Systems: IDBBs and ATSs
117,2020-10-01,10,2020,Asset-Backed Securities_Banks,12.5175,MBS_ABS,Asset-Backed Securities,Banks
129,2020-10-01,10,2020,Asset-Backed Securities_Institutional Clients,625.782933,MBS_ABS,Asset-Backed Securities,Institutional Clients
93,2020-10-01,10,2020,Asset-Backed Securities_Investment Dealers,30.872,MBS_ABS,Asset-Backed Securities,Investment Dealers
165,2020-10-01,10,2020,Asset-Backed Securities_Issuer,0.0,MBS_ABS,Asset-Backed Securities,Issuer
153,2020-10-01,10,2020,Asset-Backed Securities_Non-Residents,38.682107,MBS_ABS,Asset-Backed Securities,Non-Residents
141,2020-10-01,10,2020,Asset-Backed Securities_Retail Clients,15.204,MBS_ABS,Asset-Backed Securities,Retail Clients
21,2020-10-01,10,2020,Mortgage Backed Securities_Anonymous Systems: IDBBs and ATSs,0,MBS_ABS,Mortgage Backed Securities,Anonymous Systems: IDBBs and ATSs
33,2020-10-01,10,2020,Mortgage Backed Securities_Banks,1333.756053,MBS_ABS,Mortgage Backed Securities,Banks
45,2020-10-01,10,2020,Mortgage Backed Securities_Institutional Clients,3223.688208,MBS_ABS,Mortgage Backed Securities,Institutional Clients
9,2020-10-01,10,2020,Mortgage Backed Securities_Investment Dealers,549.889059,MBS_ABS,Mortgage Backed Securities,Investment Dealers
81,2020-10-01,10,2020,Mortgage Backed Securities_Issuer,41.1759,MBS_ABS,Mortgage Backed Securities,Issuer
69,2020-10-01,10,2020,Mortgage Backed Securities_Non-Residents,84.597838,MBS_ABS,Mortgage Backed Securities,Non-Residents
57,2020-10-01,10,2020,Mortgage Backed Securities_Retail Clients,0,MBS_ABS,Mortgage Backed Securities,Retail Clients
106,2020-11-01,11,2020,Asset-Backed Securities_Anonymous Systems: IDBBs and ATSs,26,MBS_ABS,Asset-Backed Securities,Anonymous Systems: IDBBs and ATSs
118,2020-11-01,11,2020,Asset-Backed Securities_Banks,2.6075,MBS_ABS,Asset-Backed Securities,Banks
130,2020-11-01,11,2020,Asset-Backed Securities_Institutional Clients,362.790666,MBS_ABS,Asset-Backed Securities,Institutional Clients
94,2020-11-01,11,2020,Asset-Backed Securities_Investment Dealers,7.503,MBS_ABS,Asset-Backed Securities,Investment Dealers
166,2020-11-01,11,2020,Asset-Backed Securities_Issuer,0.0,MBS_ABS,Asset-Backed Securities,Issuer
154,2020-11-01,11,2020,Asset-Backed Securities_Non-Residents,114.25972,MBS_ABS,Asset-Backed Securities,Non-Residents
142,2020-11-01,11,2020,Asset-Backed Securities_Retail Clients,19.2707,MBS_ABS,Asset-Backed Securities,Retail Clients
22,2020-11-01,11,2020,Mortgage Backed Securities_Anonymous Systems: IDBBs and ATSs,2,MBS_ABS,Mortgage Backed Securities,Anonymous Systems: IDBBs and ATSs
34,2020-11-01,11,2020,Mortgage Backed Securities_Banks,1143.400219,MBS_ABS,Mortgage Backed Securities,Banks
46,2020-11-01,11,2020,Mortgage Backed Securities_Institutional Clients,1792.184802,MBS_ABS,Mortgage Backed Securities,Institutional Clients
10,2020-11-01,11,2020,Mortgage Backed Securities_Investment Dealers,531.860757,MBS_ABS,Mortgage Backed Securities,Investment Dealers
82,2020-11-01,11,2020,Mortgage Backed Securities_Issuer,48.9889,MBS_ABS,Mortgage Backed Securities,Issuer
70,2020-11-01,11,2020,Mortgage Backed Securities_Non-Residents,24.52211,MBS_ABS,Mortgage Backed Securities,Non-Residents
58,2020-11-01,11,2020,Mortgage Backed Securities_Retail Clients,0,MBS_ABS,Mortgage Backed Securities,Retail Clients
107,2020-12-01,12,2020,Asset-Backed Securities_Anonymous Systems: IDBBs and ATSs,23.9,MBS_ABS,Asset-Backed Securities,Anonymous Systems: IDBBs and ATSs
119,2020-12-01,12,2020,Asset-Backed Securities_Banks,7.835,MBS_ABS,Asset-Backed Securities,Banks
131,2020-12-01,12,2020,Asset-Backed Securities_Institutional Clients,508.744,MBS_ABS,Asset-Backed Securities,Institutional Clients
95,2020-12-01,12,2020,Asset-Backed Securities_Investment Dealers,26.9215,MBS_ABS,Asset-Backed Securities,Investment Dealers
167,2020-12-01,12,2020,Asset-Backed Securities_Issuer,10.0,MBS_ABS,Asset-Backed Securities,Issuer
155,2020-12-01,12,2020,Asset-Backed Securities_Non-Residents,302.751,MBS_ABS,Asset-Backed Securities,Non-Residents
143,2020-12-01,12,2020,Asset-Backed Securities_Retail Clients,0.156,MBS_ABS,Asset-Backed Securities,Retail Clients
23,2020-12-01,12,2020,Mortgage Backed Securities_Anonymous Systems: IDBBs and ATSs,0,MBS_ABS,Mortgage Backed Securities,Anonymous Systems: IDBBs and ATSs
35,2020-12-01,12,2020,Mortgage Backed Securities_Banks,282.549271,MBS_ABS,Mortgage Backed Securities,Banks
47,2020-12-01,12,2020,Mortgage Backed Securities_Institutional Clients,1462.423033,MBS_ABS,Mortgage Backed Securities,Institutional Clients
11,2020-12-01,12,2020,Mortgage Backed Securities_Investment Dealers,148.229126,MBS_ABS,Mortgage Backed Securities,Investment Dealers
83,2020-12-01,12,2020,Mortgage Backed Securities_Issuer,53.883954,MBS_ABS,Mortgage Backed Securities,Issuer
71,2020-12-01,12,2020,Mortgage Backed Securities_Non-Residents,9.68142,MBS_ABS,Mortgage Backed Securities,Non-Residents
59,2020-12-01,12,2020,Mortgage Backed Securities_Retail Clients,0,MBS_ABS,Mortgage Backed Securities,Retail Clients
96,2021-01-01,1,2021,Asset-Backed Securities_Anonymous Systems: IDBBs and ATSs,72.69,MBS_ABS,Asset-Backed Securities,Anonymous Systems: IDBBs and ATSs
108,2021-01-01,1,2021,Asset-Backed Securities_Banks,11.4075,MBS_ABS,Asset-Backed Securities,Banks
120,2021-01-01,1,2021,Asset-Backed Securities_Institutional Clients,548.349,MBS_ABS,Asset-Backed Securities,Institutional Clients
84,2021-01-01,1,2021,Asset-Backed Securities_Investment Dealers,28.9785,MBS_ABS,Asset-Backed Securities,Investment Dealers
156,2021-01-01,1,2021,Asset-Backed Securities_Issuer,25.0,MBS_ABS,Asset-Backed Securities,Issuer
144,2021-01-01,1,2021,Asset-Backed Securities_Non-Residents,58.535,MBS_ABS,Asset-Backed Securities,Non-Residents
132,2021-01-01,1,2021,Asset-Backed Securities_Retail Clients,1.2492,MBS_ABS,Asset-Backed Securities,Retail Clients
12,2021-01-01,1,2021,Mortgage Backed Securities_Anonymous Systems: IDBBs and ATSs,16,MBS_ABS,Mortgage Backed Securities,Anonymous Systems: IDBBs and ATSs
24,2021-01-01,1,2021,Mortgage Backed Securities_Banks,441.042833,MBS_ABS,Mortgage Backed Securities,Banks
36,2021-01-01,1,2021,Mortgage Backed Securities_Institutional Clients,4380.246361,MBS_ABS,Mortgage Backed Securities,Institutional Clients
0,2021-01-01,1,2021,Mortgage Backed Securities_Investment Dealers,288.928834,MBS_ABS,Mortgage Backed Securities,Investment Dealers
72,2021-01-01,1,2021,Mortgage Backed Securities_Issuer,62.6407,MBS_ABS,Mortgage Backed Securities,Issuer
60,2021-01-01,1,2021,Mortgage Backed Securities_Non-Residents,21.92711,MBS_ABS,Mortgage Backed Securities,Non-Residents
48,2021-01-01,1,2021,Mortgage Backed Securities_Retail Clients,1900.375324,MBS_ABS,Mortgage Backed Securities,Retail Clients
97,2021-02-01,2,2021,Asset-Backed Securities_Anonymous Systems: IDBBs and ATSs,42,MBS_ABS,Asset-Backed Securities,Anonymous Systems: IDBBs and ATSs
109,2021-02-01,2,2021,Asset-Backed Securities_Banks,0.1,MBS_ABS,Asset-Backed Securities,Banks
121,2021-02-01,2,2021,Asset-Backed Securities_Institutional Clients,440.224,MBS_ABS,Asset-Backed Securities,Institutional Clients
85,2021-02-01,2,2021,Asset-Backed Securities_Investment Dealers,10.945,MBS_ABS,Asset-Backed Securities,Investment Dealers
157,2021-02-01,2,2021,Asset-Backed Securities_Issuer,4.0,MBS_ABS,Asset-Backed Securities,Issuer
145,2021-02-01,2,2021,Asset-Backed Securities_Non-Residents,53.903,MBS_ABS,Asset-Backed Securities,Non-Residents
133,2021-02-01,2,2021,Asset-Backed Securities_Retail Clients,72.308,MBS_ABS,Asset-Backed Securities,Retail Clients
13,2021-02-01,2,2021,Mortgage Backed Securities_Anonymous Systems: IDBBs and ATSs,40,MBS_ABS,Mortgage Backed Securities,Anonymous Systems: IDBBs and ATSs
25,2021-02-01,2,2021,Mortgage Backed Securities_Banks,255.823014,MBS_ABS,Mortgage Backed Securities,Banks
37,2021-02-01,2,2021,Mortgage Backed Securities_Institutional Clients,1176.967307,MBS_ABS,Mortgage Backed Securities,Institutional Clients
1,2021-02-01,2,2021,Mortgage Backed Securities_Investment Dealers,180.390514,MBS_ABS,Mortgage Backed Securities,Investment Dealers
73,2021-02-01,2,2021,Mortgage Backed Securities_Issuer,48.5409,MBS_ABS,Mortgage Backed Securities,Issuer
61,2021-02-01,2,2021,Mortgage Backed Securities_Non-Residents,2.137975,MBS_ABS,Mortgage Backed Securities,Non-Residents
49,2021-02-01,2,2021,Mortgage Backed Securities_Retail Clients,114.623732,MBS_ABS,Mortgage Backed Securities,Retail Clients
98,2021-03-01,3,2021,Asset-Backed Securities_Anonymous Systems: IDBBs and ATSs,22,MBS_ABS,Asset-Backed Securities,Anonymous Systems: IDBBs and ATSs
110,2021-03-01,3,2021,Asset-Backed Securities_Banks,27.4225,MBS_ABS,Asset-Backed Securities,Banks
122,2021-03-01,3,2021,Asset-Backed Securities_Institutional Clients,572.119,MBS_ABS,Asset-Backed Securities,Institutional Clients
86,2021-03-01,3,2021,Asset-Backed Securities_Investment Dealers,23.691,MBS_ABS,Asset-Backed Securities,Investment Dealers
158,2021-03-01,3,2021,Asset-Backed Securities_Issuer,0.0,MBS_ABS,Asset-Backed Securities,Issuer
146,2021-03-01,3,2021,Asset-Backed Securities_Non-Residents,13.657456,MBS_ABS,Asset-Backed Securities,Non-Residents
134,2021-03-01,3,2021,Asset-Backed Securities_Retail Clients,13.6555,MBS_ABS,Asset-Backed Securities,Retail Clients
14,2021-03-01,3,2021,Mortgage Backed Securities_Anonymous Systems: IDBBs and ATSs,40,MBS_ABS,Mortgage Backed Securities,Anonymous Systems: IDBBs and ATSs
26,2021-03-01,3,2021,Mortgage Backed Securities_Banks,1770.589476,MBS_ABS,Mortgage Backed Securities,Banks
38,2021-03-01,3,2021,Mortgage Backed Securities_Institutional Clients,2361.93191,MBS_ABS,Mortgage Backed Securities,Institutional Clients
2,2021-03-01,3,2021,Mortgage Backed Securities_Investment Dealers,860.259861,MBS_ABS,Mortgage Backed Securities,Investment Dealers
74,2021-03-01,3,2021,Mortgage Backed Securities_Issuer,0,MBS_ABS,Mortgage Backed Securities,Issuer
62,2021-03-01,3,2021,Mortgage Backed Securities_Non-Residents,111.283365,MBS_ABS,Mortgage Backed Securities,Non-Residents
50,2021-03-01,3,2021,Mortgage Backed Securities_Retail Clients,6.795502,MBS_ABS,Mortgage Backed Securities,Retail Clients
99,2021-04-01,4,2021,Asset-Backed Securities_Anonymous Systems: IDBBs and ATSs,34,MBS_ABS,Asset-Backed Securities,Anonymous Systems: IDBBs and ATSs
111,2021-04-01,4,2021,Asset-Backed Securities_Banks,2.672,MBS_ABS,Asset-Backed Securities,Banks
123,2021-04-01,4,2021,Asset-Backed Securities_Institutional Clients,288.728,MBS_ABS,Asset-Backed Securities,Institutional Clients
87,2021-04-01,4,2021,Asset-Backed Securities_Investment Dealers,15.445,MBS_ABS,Asset-Backed Securities,Investment Dealers
159,2021-04-01,4,2021,Asset-Backed Securities_Issuer,0.0,MBS_ABS,Asset-Backed Securities,Issuer
147,2021-04-01,4,2021,Asset-Backed Securities_Non-Residents,31.218,MBS_ABS,Asset-Backed Securities,Non-Residents
135,2021-04-01,4,2021,Asset-Backed Securities_Retail Clients,3.322,MBS_ABS,Asset-Backed Securities,Retail Clients
15,2021-04-01,4,2021,Mortgage Backed Securities_Anonymous Systems: IDBBs and ATSs,16.6,MBS_ABS,Mortgage Backed Securities,Anonymous Systems: IDBBs and ATSs
27,2021-04-01,4,2021,Mortgage Backed Securities_Banks,1696.417055,MBS_ABS,Mortgage Backed Securities,Banks
39,2021-04-01,4,2021,Mortgage Backed Securities_Institutional Clients,2728.925148,MBS_ABS,Mortgage Backed Securities,Institutional Clients
3,2021-04-01,4,2021,Mortgage Backed Securities_Investment Dealers,700.110224,MBS_ABS,Mortgage Backed Securities,Investment Dealers
75,2021-04-01,4,2021,Mortgage Backed Securities_Issuer,0,MBS_ABS,Mortgage Backed Securities,Issuer
63,2021-04-01,4,2021,Mortgage Backed Securities_Non-Residents,228.620789,MBS_ABS,Mortgage Backed Securities,Non-Residents
51,2021-04-01,4,2021,Mortgage Backed Securities_Retail Clients,4.917887,MBS_ABS,Mortgage Backed Securities,Retail Clients
100,2021-05-01,5,2021,Asset-Backed Securities_Anonymous Systems: IDBBs and ATSs,7,MBS_ABS,Asset-Backed Securities,Anonymous Systems: IDBBs and ATSs
112,2021-05-01,5,2021,Asset-Backed Securities_Banks,0,MBS_ABS,Asset-Backed Securities,Banks
124,2021-05-01,5,2021,Asset-Backed Securities_Institutional Clients,392.941452,MBS_ABS,Asset-Backed Securities,Institutional Clients
88,2021-05-01,5,2021,Asset-Backed Securities_Investment Dealers,21.2775,MBS_ABS,Asset-Backed Securities,Investment Dealers
160,2021-05-01,5,2021,Asset-Backed Securities_Issuer,0.0,MBS_ABS,Asset-Backed Securities,Issuer
148,2021-05-01,5,2021,Asset-Backed Securities_Non-Residents,170.136,MBS_ABS,Asset-Backed Securities,Non-Residents
136,2021-05-01,5,2021,Asset-Backed Securities_Retail Clients,59.113,MBS_ABS,Asset-Backed Securities,Retail Clients
16,2021-05-01,5,2021,Mortgage Backed Securities_Anonymous Systems: IDBBs and ATSs,0,MBS_ABS,Mortgage Backed Securities,Anonymous Systems: IDBBs and ATSs
28,2021-05-01,5,2021,Mortgage Backed Securities_Banks,2112.633507,MBS_ABS,Mortgage Backed Securities,Banks
40,2021-05-01,5,2021,Mortgage Backed Securities_Institutional Clients,4372.949811,MBS_ABS,Mortgage Backed Securities,Institutional Clients
4,2021-05-01,5,2021,Mortgage Backed Securities_Investment Dealers,599.883118,MBS_ABS,Mortgage Backed Securities,Investment Dealers
76,2021-05-01,5,2021,Mortgage Backed Securities_Issuer,0,MBS_ABS,Mortgage Backed Securities,Issuer
64,2021-05-01,5,2021,Mortgage Backed Securities_Non-Residents,2.908068,MBS_ABS,Mortgage Backed Securities,Non-Residents
52,2021-05-01,5,2021,Mortgage Backed Securities_Retail Clients,0,MBS_ABS,Mortgage Backed Securities,Retail Clients
101,2021-06-01,6,2021,Asset-Backed Securities_Anonymous Systems: IDBBs and ATSs,11,MBS_ABS,Asset-Backed Securities,Anonymous Systems: IDBBs and ATSs
113,2021-06-01,6,2021,Asset-Backed Securities_Banks,0.58,MBS_ABS,Asset-Backed Securities,Banks
125,2021-06-01,6,2021,Asset-Backed Securities_Institutional Clients,1184.09153,MBS_ABS,Asset-Backed Securities,Institutional Clients
89,2021-06-01,6,2021,Asset-Backed Securities_Investment Dealers,88.2515,MBS_ABS,Asset-Backed Securities,Investment Dealers
161,2021-06-01,6,2021,Asset-Backed Securities_Issuer,0.0,MBS_ABS,Asset-Backed Securities,Issuer
149,2021-06-01,6,2021,Asset-Backed Securities_Non-Residents,137.056,MBS_ABS,Asset-Backed Securities,Non-Residents
137,2021-06-01,6,2021,Asset-Backed Securities_Retail Clients,6.560832,MBS_ABS,Asset-Backed Securities,Retail Clients
17,2021-06-01,6,2021,Mortgage Backed Securities_Anonymous Systems: IDBBs and ATSs,52,MBS_ABS,Mortgage Backed Securities,Anonymous Systems: IDBBs and ATSs
29,2021-06-01,6,2021,Mortgage Backed Securities_Banks,3536.308821,MBS_ABS,Mortgage Backed Securities,Banks
41,2021-06-01,6,2021,Mortgage Backed Securities_Institutional Clients,10563.126257,MBS_ABS,Mortgage Backed Securities,Institutional Clients
5,2021-06-01,6,2021,Mortgage Backed Securities_Investment Dealers,1587.182807,MBS_ABS,Mortgage Backed Securities,Investment Dealers
77,2021-06-01,6,2021,Mortgage Backed Securities_Issuer,0,MBS_ABS,Mortgage Backed Securities,Issuer
65,2021-06-01,6,2021,Mortgage Backed Securities_Non-Residents,76.748388,MBS_ABS,Mortgage Backed Securities,Non-Residents
53,2021-06-01,6,2021,Mortgage Backed Securities_Retail Clients,2.80065,MBS_ABS,Mortgage Backed Securities,Retail Clients
102,2021-07-01,7,2021,Asset-Backed Securities_Anonymous Systems: IDBBs and ATSs,6.4,MBS_ABS,Asset-Backed Securities,Anonymous Systems: IDBBs and ATSs
114,2021-07-01,7,2021,Asset-Backed Securities_Banks,6.25,MBS_ABS,Asset-Backed Securities,Banks
126,2021-07-01,7,2021,Asset-Backed Securities_Institutional Clients,254.114256,MBS_ABS,Asset-Backed Securities,Institutional Clients
90,2021-07-01,7,2021,Asset-Backed Securities_Investment Dealers,11.1,MBS_ABS,Asset-Backed Securities,Investment Dealers
162,2021-07-01,7,2021,Asset-Backed Securities_Issuer,0.0,MBS_ABS,Asset-Backed Securities,Issuer
150,2021-07-01,7,2021,Asset-Backed Securities_Non-Residents,14.366,MBS_ABS,Asset-Backed Securities,Non-Residents
138,2021-07-01,7,2021,Asset-Backed Securities_Retail Clients,0.956462,MBS_ABS,Asset-Backed Securities,Retail Clients
18,2021-07-01,7,2021,Mortgage Backed Securities_Anonymous Systems: IDBBs and ATSs,0,MBS_ABS,Mortgage Backed Securities,Anonymous Systems: IDBBs and ATSs
30,2021-07-01,7,2021,Mortgage Backed Securities_Banks,841.064891,MBS_ABS,Mortgage Backed Securities,Banks
42,2021-07-01,7,2021,Mortgage Backed Securities_Institutional Clients,2786.165486,MBS_ABS,Mortgage Backed Securities,Institutional Clients
6,2021-07-01,7,2021,Mortgage Backed Securities_Investment Dealers,628.990009,MBS_ABS,Mortgage Backed Securities,Investment Dealers
78,2021-07-01,7,2021,Mortgage Backed Securities_Issuer,0,MBS_ABS,Mortgage Backed Securities,Issuer
66,2021-07-01,7,2021,Mortgage Backed Securities_Non-Residents,132.39907,MBS_ABS,Mortgage Backed Securities,Non-Residents
54,2021-07-01,7,2021,Mortgage Backed Securities_Retail Clients,8.882777,MBS_ABS,Mortgage Backed Securities,Retail Clients
103,2021-08-01,8,2021,Asset-Backed Securities_Anonymous Systems: IDBBs and ATSs,8,MBS_ABS,Asset-Backed Securities,Anonymous Systems: IDBBs and ATSs
115,2021-08-01,8,2021,Asset-Backed Securities_Banks,24.245,MBS_ABS,Asset-Backed Securities,Banks
127,2021-08-01,8,2021,Asset-Backed Securities_Institutional Clients,524.009,MBS_ABS,Asset-Backed Securities,Institutional Clients
91,2021-08-01,8,2021,Asset-Backed Securities_Investment Dealers,44.2765,MBS_ABS,Asset-Backed Securities,Investment Dealers
163,2021-08-01,8,2021,Asset-Backed Securities_Issuer,0.0,MBS_ABS,Asset-Backed Securities,Issuer
151,2021-08-01,8,2021,Asset-Backed Securities_Non-Residents,21.713,MBS_ABS,Asset-Backed Securities,Non-Residents
139,2021-08-01,8,2021,Asset-Backed Securities_Retail Clients,7.816,MBS_ABS,Asset-Backed Securities,Retail Clients
19,2021-08-01,8,2021,Mortgage Backed Securities_Anonymous Systems: IDBBs and ATSs,0,MBS_ABS,Mortgage Backed Securities,Anonymous Systems: IDBBs and ATSs
31,2021-08-01,8,2021,Mortgage Backed Securities_Banks,1297.260326,MBS_ABS,Mortgage Backed Securities,Banks
43,2021-08-01,8,2021,Mortgage Backed Securities_Institutional Clients,2921.453703,MBS_ABS,Mortgage Backed Securities,Institutional Clients
7,2021-08-01,8,2021,Mortgage Backed Securities_Investment Dealers,990.978924,MBS_ABS,Mortgage Backed Securities,Investment Dealers
79,2021-08-01,8,2021,Mortgage Backed Securities_Issuer,0,MBS_ABS,Mortgage Backed Securities,Issuer
67,2021-08-01,8,2021,Mortgage Backed Securities_Non-Residents,209.03955,MBS_ABS,Mortgage Backed Securities,Non-Residents
55,2021-08-01,8,2021,Mortgage Backed Securities_Retail Clients,15.47617,MBS_ABS,Mortgage Backed Securities,Retail Clients
104,2021-09-01,9,2021,Asset-Backed Securities_Anonymous Systems: IDBBs and ATSs,42,MBS_ABS,Asset-Backed Securities,Anonymous Systems: IDBBs and ATSs
116,2021-09-01,9,2021,Asset-Backed Securities_Banks,7.75,MBS_ABS,Asset-Backed Securities,Banks
128,2021-09-01,9,2021,Asset-Backed Securities_Institutional Clients,571.345895,MBS_ABS,Asset-Backed Securities,Institutional Clients
92,2021-09-01,9,2021,Asset-Backed Securities_Investment Dealers,8.6275,MBS_ABS,Asset-Backed Securities,Investment Dealers
164,2021-09-01,9,2021,Asset-Backed Securities_Issuer,0.0,MBS_ABS,Asset-Backed Securities,Issuer
152,2021-09-01,9,2021,Asset-Backed Securities_Non-Residents,27.067,MBS_ABS,Asset-Backed Securities,Non-Residents
140,2021-09-01,9,2021,Asset-Backed Securities_Retail Clients,0.929028,MBS_ABS,Asset-Backed Securities,Retail Clients
20,2021-09-01,9,2021,Mortgage Backed Securities_Anonymous Systems: IDBBs and ATSs,0,MBS_ABS,Mortgage Backed Securities,Anonymous Systems: IDBBs and ATSs
32,2021-09-01,9,2021,Mortgage Backed Securities_Banks,1435.094346,MBS_ABS,Mortgage Backed Securities,Banks
44,2021-09-01,9,2021,Mortgage Backed Securities_Institutional Clients,4078.8277,MBS_ABS,Mortgage Backed Securities,Institutional Clients
8,2021-09-01,9,2021,Mortgage Backed Securities_Investment Dealers,968.68054,MBS_ABS,Mortgage Backed Securities,Investment Dealers
80,2021-09-01,9,2021,Mortgage Backed Securities_Issuer,0,MBS_ABS,Mortgage Backed Securities,Issuer
68,2021-09-01,9,2021,Mortgage Backed Securities_Non-Residents,86.301419,MBS_ABS,Mortgage Backed Securities,Non-Residents
56,2021-09-01,9,2021,Mortgage Backed Securities_Retail Clients,0,MBS_ABS,Mortgage Backed Securities,Retail Clients
105,2021-10-01,10,2021,Asset-Backed Securities_Anonymous Systems: IDBBs and ATSs,49.6,MBS_ABS,Asset-Backed Securities,Anonymous Systems: IDBBs and ATSs
117,2021-10-01,10,2021,Asset-Backed Securities_Banks,0,MBS_ABS,Asset-Backed Securities,Banks
129,2021-10-01,10,2021,Asset-Backed Securities_Institutional Clients,673.314,MBS_ABS,Asset-Backed Securities,Institutional Clients
93,2021-10-01,10,2021,Asset-Backed Securities_Investment Dealers,29.5125,MBS_ABS,Asset-Backed Securities,Investment Dealers
165,2021-10-01,10,2021,Asset-Backed Securities_Issuer,0.0,MBS_ABS,Asset-Backed Securities,Issuer
153,2021-10-01,10,2021,Asset-Backed Securities_Non-Residents,2.671,MBS_ABS,Asset-Backed Securities,Non-Residents
141,2021-10-01,10,2021,Asset-Backed Securities_Retail Clients,0.167276,MBS_ABS,Asset-Backed Securities,Retail Clients
21,2021-10-01,10,2021,Mortgage Backed Securities_Anonymous Systems: IDBBs and ATSs,42,MBS_ABS,Mortgage Backed Securities,Anonymous Systems: IDBBs and ATSs
33,2021-10-01,10,2021,Mortgage Backed Securities_Banks,949.120705,MBS_ABS,Mortgage Backed Securities,Banks
45,2021-10-01,10,2021,Mortgage Backed Securities_Institutional Clients,2351.345073,MBS_ABS,Mortgage Backed Securities,Institutional Clients
9,2021-10-01,10,2021,Mortgage Backed Securities_Investment Dealers,698.508176,MBS_ABS,Mortgage Backed Securities,Investment Dealers
81,2021-10-01,10,2021,Mortgage Backed Securities_Issuer,0,MBS_ABS,Mortgage Backed Securities,Issuer
69,2021-10-01,10,2021,Mortgage Backed Securities_Non-Residents,12.36243,MBS_ABS,Mortgage Backed Securities,Non-Residents
57,2021-10-01,10,2021,Mortgage Backed Securities_Retail Clients,0,MBS_ABS,Mortgage Backed Securities,Retail Clients
106,2021-11-01,11,2021,Asset-Backed Securities_Anonymous Systems: IDBBs and ATSs,36.8,MBS_ABS,Asset-Backed Securities,Anonymous Systems: IDBBs and ATSs
118,2021-11-01,11,2021,Asset-Backed Securities_Banks,17.506,MBS_ABS,Asset-Backed Securities,Banks
130,2021-11-01,11,2021,Asset-Backed Securities_Institutional Clients,511.598999,MBS_ABS,Asset-Backed Securities,Institutional Clients
94,2021-11-01,11,2021,Asset-Backed Securities_Investment Dealers,34.6265,MBS_ABS,Asset-Backed Securities,Investment Dealers
166,2021-11-01,11,2021,Asset-Backed Securities_Issuer,0.0,MBS_ABS,Asset-Backed Securities,Issuer
154,2021-11-01,11,2021,Asset-Backed Securities_Non-Residents,42.91,MBS_ABS,Asset-Backed Securities,Non-Residents
142,2021-11-01,11,2021,Asset-Backed Securities_Retail Clients,0.013,MBS_ABS,Asset-Backed Securities,Retail Clients
22,2021-11-01,11,2021,Mortgage Backed Securities_Anonymous Systems: IDBBs and ATSs,10,MBS_ABS,Mortgage Backed Securities,Anonymous Systems: IDBBs and ATSs
34,2021-11-01,11,2021,Mortgage Backed Securities_Banks,1357.548921,MBS_ABS,Mortgage Backed Securities,Banks
46,2021-11-01,11,2021,Mortgage Backed Securities_Institutional Clients,1689.96034,MBS_ABS,Mortgage Backed Securities,Institutional Clients
10,2021-11-01,11,2021,Mortgage Backed Securities_Investment Dealers,717.607476,MBS_ABS,Mortgage Backed Securities,Investment Dealers
82,2021-11-01,11,2021,Mortgage Backed Securities_Issuer,50,MBS_ABS,Mortgage Backed Securities,Issuer
70,2021-11-01,11,2021,Mortgage Backed Securities_Non-Residents,53.710618,MBS_ABS,Mortgage Backed Securities,Non-Residents
58,2021-11-01,11,2021,Mortgage Backed Securities_Retail Clients,10.24,MBS_ABS,Mortgage Backed Securities,Retail Clients
107,2021-12-01,12,2021,Asset-Backed Securities_Anonymous Systems: IDBBs and ATSs,0,MBS_ABS,Asset-Backed Securities,Anonymous Systems: IDBBs and ATSs
119,2021-12-01,12,2021,Asset-Backed Securities_Banks,1.1075,MBS_ABS,Asset-Backed Securities,Banks
131,2021-12-01,12,2021,Asset-Backed Securities_Institutional Clients,937.938,MBS_ABS,Asset-Backed Securities,Institutional Clients
95,2021-12-01,12,2021,Asset-Backed Securities_Investment Dealers,31.7225,MBS_ABS,Asset-Backed Securities,Investment Dealers
167,2021-12-01,12,2021,Asset-Backed Securities_Issuer,0.0,MBS_ABS,Asset-Backed Securities,Issuer
155,2021-12-01,12,2021,Asset-Backed Securities_Non-Residents,14.93,MBS_ABS,Asset-Backed Securities,Non-Residents
143,2021-12-01,12,2021,Asset-Backed Securities_Retail Clients,0.078,MBS_ABS,Asset-Backed Securities,Retail Clients
23,2021-12-01,12,2021,Mortgage Backed Securities_Anonymous Systems: IDBBs and ATSs,0,MBS_ABS,Mortgage Backed Securities,Anonymous Systems: IDBBs and ATSs
35,2021-12-01,12,2021,Mortgage Backed Securities_Banks,965.922643,MBS_ABS,Mortgage Backed Securities,Banks
47,2021-12-01,12,2021,Mortgage Backed Securities_Institutional Clients,2341.210545,MBS_ABS,Mortgage Backed Securities,Institutional Clients
11,2021-12-01,12,2021,Mortgage Backed Securities_Investment Dealers,886.451212,MBS_ABS,Mortgage Backed Securities,Investment Dealers
83,2021-12-01,12,2021,Mortgage Backed Securities_Issuer,0,MBS_ABS,Mortgage Backed Securities,Issuer
71,2021-12-01,12,2021,Mortgage Backed Securities_Non-Residents,14.515379,MBS_ABS,Mortgage Backed Securities,Non-Residents
59,2021-12-01,12,2021,Mortgage Backed Securities_Retail Clients,11.93309,MBS_ABS,Mortgage Backed Securities,Retail Clients
96,2022-01-01,1,2022,Asset-Backed Securities_Anonymous Systems: IDBBs and ATSs,18,MBS_ABS,Asset-Backed Securities,Anonymous Systems: IDBBs and ATSs
108,2022-01-01,1,2022,Asset-Backed Securities_Banks,15.656,MBS_ABS,Asset-Backed Securities,Banks
120,2022-01-01,1,2022,Asset-Backed Securities_Institutional Clients,590.941243,MBS_ABS,Asset-Backed Securities,Institutional Clients
84,2022-01-01,1,2022,Asset-Backed Securities_Investment Dealers,25.396,MBS_ABS,Asset-Backed Securities,Investment Dealers
156,2022-01-01,1,2022,Asset-Backed Securities_Issuer,0.0,MBS_ABS,Asset-Backed Securities,Issuer
144,2022-01-01,1,2022,Asset-Backed Securities_Non-Residents,2.585,MBS_ABS,Asset-Backed Securities,Non-Residents
132,2022-01-01,1,2022,Asset-Backed Securities_Retail Clients,4.608,MBS_ABS,Asset-Backed Securities,Retail Clients
12,2022-01-01,1,2022,Mortgage Backed Securities_Anonymous Systems: IDBBs and ATSs,20,MBS_ABS,Mortgage Backed Securities,Anonymous Systems: IDBBs and ATSs
24,2022-01-01,1,2022,Mortgage Backed Securities_Banks,779.385487,MBS_ABS,Mortgage Backed Securities,Banks
36,2022-01-01,1,2022,Mortgage Backed Securities_Institutional Clients,2851.659968,MBS_ABS,Mortgage Backed Securities,Institutional Clients
0,2022-01-01,1,2022,Mortgage Backed Securities_Investment Dealers,472.385605,MBS_ABS,Mortgage Backed Securities,Investment Dealers
72,2022-01-01,1,2022,Mortgage Backed Securities_Issuer,0,MBS_ABS,Mortgage Backed Securities,Issuer
60,2022-01-01,1,2022,Mortgage Backed Securities_Non-Residents,13.804401,MBS_ABS,Mortgage Backed Securities,Non-Residents
48,2022-01-01,1,2022,Mortgage Backed Securities_Retail Clients,0,MBS_ABS,Mortgage Backed Securities,Retail Clients
97,2022-02-01,2,2022,Asset-Backed Securities_Anonymous Systems: IDBBs and ATSs,3,MBS_ABS,Asset-Backed Securities,Anonymous Systems: IDBBs and ATSs
109,2022-02-01,2,2022,Asset-Backed Securities_Banks,8.005,MBS_ABS,Asset-Backed Securities,Banks
121,2022-02-01,2,2022,Asset-Backed Securities_Institutional Clients,1251.423,MBS_ABS,Asset-Backed Securities,Institutional Clients
85,2022-02-01,2,2022,Asset-Backed Securities_Investment Dealers,13.6155,MBS_ABS,Asset-Backed Securities,Investment Dealers
157,2022-02-01,2,2022,Asset-Backed Securities_Issuer,0.0,MBS_ABS,Asset-Backed Securities,Issuer
145,2022-02-01,2,2022,Asset-Backed Securities_Non-Residents,130.122,MBS_ABS,Asset-Backed Securities,Non-Residents
133,2022-02-01,2,2022,Asset-Backed Securities_Retail Clients,3.848,MBS_ABS,Asset-Backed Securities,Retail Clients
13,2022-02-01,2,2022,Mortgage Backed Securities_Anonymous Systems: IDBBs and ATSs,0,MBS_ABS,Mortgage Backed Securities,Anonymous Systems: IDBBs and ATSs
25,2022-02-01,2,2022,Mortgage Backed Securities_Banks,1789.142882,MBS_ABS,Mortgage Backed Securities,Banks
37,2022-02-01,2,2022,Mortgage Backed Securities_Institutional Clients,1883.484465,MBS_ABS,Mortgage Backed Securities,Institutional Clients
1,2022-02-01,2,2022,Mortgage Backed Securities_Investment Dealers,1142.253078,MBS_ABS,Mortgage Backed Securities,Investment Dealers
73,2022-02-01,2,2022,Mortgage Backed Securities_Issuer,0,MBS_ABS,Mortgage Backed Securities,Issuer
61,2022-02-01,2,2022,Mortgage Backed Securities_Non-Residents,68.58843,MBS_ABS,Mortgage Backed Securities,Non-Residents
49,2022-02-01,2,2022,Mortgage Backed Securities_Retail Clients,6.692,MBS_ABS,Mortgage Backed Securities,Retail Clients
98,2022-03-01,3,2022,Asset-Backed Securities_Anonymous Systems: IDBBs and ATSs,30,MBS_ABS,Asset-Backed Securities,Anonymous Systems: IDBBs and ATSs
110,2022-03-01,3,2022,Asset-Backed Securities_Banks,4.9595,MBS_ABS,Asset-Backed Securities,Banks
122,2022-03-01,3,2022,Asset-Backed Securities_Institutional Clients,988.04,MBS_ABS,Asset-Backed Securities,Institutional Clients
86,2022-03-01,3,2022,Asset-Backed Securities_Investment Dealers,10.613,MBS_ABS,Asset-Backed Securities,Investment Dealers
158,2022-03-01,3,2022,Asset-Backed Securities_Issuer,0.0,MBS_ABS,Asset-Backed Securities,Issuer
146,2022-03-01,3,2022,Asset-Backed Securities_Non-Residents,63.145,MBS_ABS,Asset-Backed Securities,Non-Residents
134,2022-03-01,3,2022,Asset-Backed Securities_Retail Clients,0.27,MBS_ABS,Asset-Backed Securities,Retail Clients
14,2022-03-01,3,2022,Mortgage Backed Securities_Anonymous Systems: IDBBs and ATSs,10,MBS_ABS,Mortgage Backed Securities,Anonymous Systems: IDBBs and ATSs
26,2022-03-01,3,2022,Mortgage Backed Securities_Banks,1079.759447,MBS_ABS,Mortgage Backed Securities,Banks
38,2022-03-01,3,2022,Mortgage Backed Securities_Institutional Clients,3426.820167,MBS_ABS,Mortgage Backed Securities,Institutional Clients
2,2022-03-01,3,2022,Mortgage Backed Securities_Investment Dealers,943.743862,MBS_ABS,Mortgage Backed Securities,Investment Dealers
74,2022-03-01,3,2022,Mortgage Backed Securities_Issuer,0,MBS_ABS,Mortgage Backed Securities,Issuer
62,2022-03-01,3,2022,Mortgage Backed Securities_Non-Residents,11.116756,MBS_ABS,Mortgage Backed Securities,Non-Residents
50,2022-03-01,3,2022,Mortgage Backed Securities_Retail Clients,0,MBS_ABS,Mortgage Backed Securities,Retail Clients
99,2022-04-01,4,2022,Asset-Backed Securities_Anonymous Systems: IDBBs and ATSs,30,MBS_ABS,Asset-Backed Securities,Anonymous Systems: IDBBs and ATSs
111,2022-04-01,4,2022,Asset-Backed Securities_Banks,15.3725,MBS_ABS,Asset-Backed Securities,Banks
123,2022-04-01,4,2022,Asset-Backed Securities_Institutional Clients,577.384,MBS_ABS,Asset-Backed Securities,Institutional Clients
87,2022-04-01,4,2022,Asset-Backed Securities_Investment Dealers,18.701085,MBS_ABS,Asset-Backed Securities,Investment Dealers
159,2022-04-01,4,2022,Asset-Backed Securities_Issuer,0.0,MBS_ABS,Asset-Backed Securities,Issuer
147,2022-04-01,4,2022,Asset-Backed Securities_Non-Residents,72.948,MBS_ABS,Asset-Backed Securities,Non-Residents
135,2022-04-01,4,2022,Asset-Backed Securities_Retail Clients,1.545,MBS_ABS,Asset-Backed Securities,Retail Clients
15,2022-04-01,4,2022,Mortgage Backed Securities_Anonymous Systems: IDBBs and ATSs,12,MBS_ABS,Mortgage Backed Securities,Anonymous Systems: IDBBs and ATSs
27,2022-04-01,4,2022,Mortgage Backed Securities_Banks,1696.052609,MBS_ABS,Mortgage Backed Securities,Banks
39,2022-04-01,4,2022,Mortgage Backed Securities_Institutional Clients,3746.624611,MBS_ABS,Mortgage Backed Securities,Institutional Clients
3,2022-04-01,4,2022,Mortgage Backed Securities_Investment Dealers,1372.604598,MBS_ABS,Mortgage Backed Securities,Investment Dealers
75,2022-04-01,4,2022,Mortgage Backed Securities_Issuer,0,MBS_ABS,Mortgage Backed Securities,Issuer
63,2022-04-01,4,2022,Mortgage Backed Securities_Non-Residents,101.336849,MBS_ABS,Mortgage Backed Securities,Non-Residents
51,2022-04-01,4,2022,Mortgage Backed Securities_Retail Clients,7.285,MBS_ABS,Mortgage Backed Securities,Retail Clients
100,2022-05-01,5,2022,Asset-Backed Securities_Anonymous Systems: IDBBs and ATSs,26,MBS_ABS,Asset-Backed Securities,Anonymous Systems: IDBBs and ATSs
112,2022-05-01,5,2022,Asset-Backed Securities_Banks,13.55,MBS_ABS,Asset-Backed Securities,Banks
124,2022-05-01,5,2022,Asset-Backed Securities_Institutional Clients,516.165,MBS_ABS,Asset-Backed Securities,Institutional Clients
88,2022-05-01,5,2022,Asset-Backed Securities_Investment Dealers,34.902,MBS_ABS,Asset-Backed Securities,Investment Dealers
160,2022-05-01,5,2022,Asset-Backed Securities_Issuer,0.0,MBS_ABS,Asset-Backed Securities,Issuer
148,2022-05-01,5,2022,Asset-Backed Securities_Non-Residents,2.485,MBS_ABS,Asset-Backed Securities,Non-Residents
136,2022-05-01,5,2022,Asset-Backed Securities_Retail Clients,0.187,MBS_ABS,Asset-Backed Securities,Retail Clients
16,2022-05-01,5,2022,Mortgage Backed Securities_Anonymous Systems: IDBBs and ATSs,10,MBS_ABS,Mortgage Backed Securities,Anonymous Systems: IDBBs and ATSs
28,2022-05-01,5,2022,Mortgage Backed Securities_Banks,913.170825,MBS_ABS,Mortgage Backed Securities,Banks
40,2022-05-01,5,2022,Mortgage Backed Securities_Institutional Clients,1636.489682,MBS_ABS,Mortgage Backed Securities,Institutional Clients
4,2022-05-01,5,2022,Mortgage Backed Securities_Investment Dealers,684.773947,MBS_ABS,Mortgage Backed Securities,Investment Dealers
76,2022-05-01,5,2022,Mortgage Backed Securities_Issuer,0,MBS_ABS,Mortgage Backed Securities,Issuer
64,2022-05-01,5,2022,Mortgage Backed Securities_Non-Residents,27.21048,MBS_ABS,Mortgage Backed Securities,Non-Residents
52,2022-05-01,5,2022,Mortgage Backed Securities_Retail Clients,2.44651,MBS_ABS,Mortgage Backed Securities,Retail Clients
101,2022-06-01,6,2022,Asset-Backed Securities_Anonymous Systems: IDBBs and ATSs,63.6,MBS_ABS,Asset-Backed Securities,Anonymous Systems: IDBBs and ATSs
113,2022-06-01,6,2022,Asset-Backed Securities_Banks,41.505,MBS_ABS,Asset-Backed Securities,Banks
125,2022-06-01,6,2022,Asset-Backed Securities_Institutional Clients,1016.076448,MBS_ABS,Asset-Backed Securities,Institutional Clients
89,2022-06-01,6,2022,Asset-Backed Securities_Investment Dealers,68.5125,MBS_ABS,Asset-Backed Securities,Investment Dealers
161,2022-06-01,6,2022,Asset-Backed Securities_Issuer,0.0,MBS_ABS,Asset-Backed Securities,Issuer
149,2022-06-01,6,2022,Asset-Backed Securities_Non-Residents,118.915,MBS_ABS,Asset-Backed Securities,Non-Residents
137,2022-06-01,6,2022,Asset-Backed Securities_Retail Clients,4.152,MBS_ABS,Asset-Backed Securities,Retail Clients
17,2022-06-01,6,2022,Mortgage Backed Securities_Anonymous Systems: IDBBs and ATSs,10,MBS_ABS,Mortgage Backed Securities,Anonymous Systems: IDBBs and ATSs
29,2022-06-01,6,2022,Mortgage Backed Securities_Banks,1240.580865,MBS_ABS,Mortgage Backed Securities,Banks
41,2022-06-01,6,2022,Mortgage Backed Securities_Institutional Clients,4157.748687,MBS_ABS,Mortgage Backed Securities,Institutional Clients
5,2022-06-01,6,2022,Mortgage Backed Securities_Investment Dealers,799.8433,MBS_ABS,Mortgage Backed Securities,Investment Dealers
77,2022-06-01,6,2022,Mortgage Backed Securities_Issuer,0,MBS_ABS,Mortgage Backed Securities,Issuer
65,2022-06-01,6,2022,Mortgage Backed Securities_Non-Residents,166.399144,MBS_ABS,Mortgage Backed Securities,Non-Residents
53,2022-06-01,6,2022,Mortgage Backed Securities_Retail Clients,1.010362,MBS_ABS,Mortgage Backed Securities,Retail Clients
102,2022-07-01,7,2022,Asset-Backed Securities_Anonymous Systems: IDBBs and ATSs,20,MBS_ABS,Asset-Backed Securities,Anonymous Systems: IDBBs and ATSs
114,2022-07-01,7,2022,Asset-Backed Securities_Banks,5.525,MBS_ABS,Asset-Backed Securities,Banks
126,2022-07-01,7,2022,Asset-Backed Securities_Institutional Clients,577.075852,MBS_ABS,Asset-Backed Securities,Institutional Clients
90,2022-07-01,7,2022,Asset-Backed Securities_Investment Dealers,100.081,MBS_ABS,Asset-Backed Securities,Investment Dealers
162,2022-07-01,7,2022,Asset-Backed Securities_Issuer,0.0,MBS_ABS,Asset-Backed Securities,Issuer
150,2022-07-01,7,2022,Asset-Backed Securities_Non-Residents,2.453,MBS_ABS,Asset-Backed Securities,Non-Residents
138,2022-07-01,7,2022,Asset-Backed Securities_Retail Clients,0.046,MBS_ABS,Asset-Backed Securities,Retail Clients
18,2022-07-01,7,2022,Mortgage Backed Securities_Anonymous Systems: IDBBs and ATSs,0,MBS_ABS,Mortgage Backed Securities,Anonymous Systems: IDBBs and ATSs
30,2022-07-01,7,2022,Mortgage Backed Securities_Banks,1501.777405,MBS_ABS,Mortgage Backed Securities,Banks
42,2022-07-01,7,2022,Mortgage Backed Securities_Institutional Clients,5911.521737,MBS_ABS,Mortgage Backed Securities,Institutional Clients
6,2022-07-01,7,2022,Mortgage Backed Securities_Investment Dealers,384.998641,MBS_ABS,Mortgage Backed Securities,Investment Dealers
78,2022-07-01,7,2022,Mortgage Backed Securities_Issuer,0,MBS_ABS,Mortgage Backed Securities,Issuer
66,2022-07-01,7,2022,Mortgage Backed Securities_Non-Residents,4.268774,MBS_ABS,Mortgage Backed Securities,Non-Residents
54,2022-07-01,7,2022,Mortgage Backed Securities_Retail Clients,0,MBS_ABS,Mortgage Backed Securities,Retail Clients
103,2022-08-01,8,2022,Asset-Backed Securities_Anonymous Systems: IDBBs and ATSs,3.246,MBS_ABS,Asset-Backed Securities,Anonymous Systems: IDBBs and ATSs
115,2022-08-01,8,2022,Asset-Backed Securities_Banks,1,MBS_ABS,Asset-Backed Securities,Banks
127,2022-08-01,8,2022,Asset-Backed Securities_Institutional Clients,555.151,MBS_ABS,Asset-Backed Securities,Institutional Clients
91,2022-08-01,8,2022,Asset-Backed Securities_Investment Dealers,9.098,MBS_ABS,Asset-Backed Securities,Investment Dealers
163,2022-08-01,8,2022,Asset-Backed Securities_Issuer,0.0,MBS_ABS,Asset-Backed Securities,Issuer
151,2022-08-01,8,2022,Asset-Backed Securities_Non-Residents,100.358,MBS_ABS,Asset-Backed Securities,Non-Residents
139,2022-08-01,8,2022,Asset-Backed Securities_Retail Clients,0.07,MBS_ABS,Asset-Backed Securities,Retail Clients
19,2022-08-01,8,2022,Mortgage Backed Securities_Anonymous Systems: IDBBs and ATSs,25.086,MBS_ABS,Mortgage Backed Securities,Anonymous Systems: IDBBs and ATSs
31,2022-08-01,8,2022,Mortgage Backed Securities_Banks,1268.456073,MBS_ABS,Mortgage Backed Securities,Banks
43,2022-08-01,8,2022,Mortgage Backed Securities_Institutional Clients,2858.967665,MBS_ABS,Mortgage Backed Securities,Institutional Clients
7,2022-08-01,8,2022,Mortgage Backed Securities_Investment Dealers,809.971695,MBS_ABS,Mortgage Backed Securities,Investment Dealers
79,2022-08-01,8,2022,Mortgage Backed Securities_Issuer,95.715193,MBS_ABS,Mortgage Backed Securities,Issuer
67,2022-08-01,8,2022,Mortgage Backed Securities_Non-Residents,4.066642,MBS_ABS,Mortgage Backed Securities,Non-Residents
55,2022-08-01,8,2022,Mortgage Backed Securities_Retail Clients,0,MBS_ABS,Mortgage Backed Securities,Retail Clients
104,2022-09-01,9,2022,Asset-Backed Securities_Anonymous Systems: IDBBs and ATSs,7.22,MBS_ABS,Asset-Backed Securities,Anonymous Systems: IDBBs and ATSs
116,2022-09-01,9,2022,Asset-Backed Securities_Banks,9,MBS_ABS,Asset-Backed Securities,Banks
128,2022-09-01,9,2022,Asset-Backed Securities_Institutional Clients,1041.658737,MBS_ABS,Asset-Backed Securities,Institutional Clients
92,2022-09-01,9,2022,Asset-Backed Securities_Investment Dealers,26.7,MBS_ABS,Asset-Backed Securities,Investment Dealers
164,2022-09-01,9,2022,Asset-Backed Securities_Issuer,0.0,MBS_ABS,Asset-Backed Securities,Issuer
152,2022-09-01,9,2022,Asset-Backed Securities_Non-Residents,172.113,MBS_ABS,Asset-Backed Securities,Non-Residents
140,2022-09-01,9,2022,Asset-Backed Securities_Retail Clients,0.104,MBS_ABS,Asset-Backed Securities,Retail Clients
20,2022-09-01,9,2022,Mortgage Backed Securities_Anonymous Systems: IDBBs and ATSs,0,MBS_ABS,Mortgage Backed Securities,Anonymous Systems: IDBBs and ATSs
32,2022-09-01,9,2022,Mortgage Backed Securities_Banks,433.592716,MBS_ABS,Mortgage Backed Securities,Banks
44,2022-09-01,9,2022,Mortgage Backed Securities_Institutional Clients,2052.233902,MBS_ABS,Mortgage Backed Securities,Institutional Clients
8,2022-09-01,9,2022,Mortgage Backed Securities_Investment Dealers,380.01071,MBS_ABS,Mortgage Backed Securities,Investment Dealers
80,2022-09-01,9,2022,Mortgage Backed Securities_Issuer,0,MBS_ABS,Mortgage Backed Securities,Issuer
68,2022-09-01,9,2022,Mortgage Backed Securities_Non-Residents,3.458759,MBS_ABS,Mortgage Backed Securities,Non-Residents
56,2022-09-01,9,2022,Mortgage Backed Securities_Retail Clients,0.047,MBS_ABS,Mortgage Backed Securities,Retail Clients
105,2022-10-01,10,2022,Asset-Backed Securities_Anonymous Systems: IDBBs and ATSs,54,MBS_ABS,Asset-Backed Securities,Anonymous Systems: IDBBs and ATSs
117,2022-10-01,10,2022,Asset-Backed Securities_Banks,29.225,MBS_ABS,Asset-Backed Securities,Banks
129,2022-10-01,10,2022,Asset-Backed Securities_Institutional Clients,476.34,MBS_ABS,Asset-Backed Securities,Institutional Clients
93,2022-10-01,10,2022,Asset-Backed Securities_Investment Dealers,129.394,MBS_ABS,Asset-Backed Securities,Investment Dealers
165,2022-10-01,10,2022,Asset-Backed Securities_Issuer,0.0,MBS_ABS,Asset-Backed Securities,Issuer
153,2022-10-01,10,2022,Asset-Backed Securities_Non-Residents,244.105183,MBS_ABS,Asset-Backed Securities,Non-Residents
141,2022-10-01,10,2022,Asset-Backed Securities_Retail Clients,0.124,MBS_ABS,Asset-Backed Securities,Retail Clients
21,2022-10-01,10,2022,Mortgage Backed Securities_Anonymous Systems: IDBBs and ATSs,0,MBS_ABS,Mortgage Backed Securities,Anonymous Systems: IDBBs and ATSs
33,2022-10-01,10,2022,Mortgage Backed Securities_Banks,975.928828,MBS_ABS,Mortgage Backed Securities,Banks
45,2022-10-01,10,2022,Mortgage Backed Securities_Institutional Clients,2844.273127,MBS_ABS,Mortgage Backed Securities,Institutional Clients
9,2022-10-01,10,2022,Mortgage Backed Securities_Investment Dealers,443.246599,MBS_ABS,Mortgage Backed Securities,Investment Dealers
81,2022-10-01,10,2022,Mortgage Backed Securities_Issuer,0,MBS_ABS,Mortgage Backed Securities,Issuer
69,2022-10-01,10,2022,Mortgage Backed Securities_Non-Residents,2.166314,MBS_ABS,Mortgage Backed Securities,Non-Residents
57,2022-10-01,10,2022,Mortgage Backed Securities_Retail Clients,0.881475,MBS_ABS,Mortgage Backed Securities,Retail Clients
106,2022-11-01,11,2022,Asset-Backed Securities_Anonymous Systems: IDBBs and ATSs,26,MBS_ABS,Asset-Backed Securities,Anonymous Systems: IDBBs and ATSs
118,2022-11-01,11,2022,Asset-Backed Securities_Banks,5,MBS_ABS,Asset-Backed Securities,Banks
130,2022-11-01,11,2022,Asset-Backed Securities_Institutional Clients,288.62997,MBS_ABS,Asset-Backed Securities,Institutional Clients
94,2022-11-01,11,2022,Asset-Backed Securities_Investment Dealers,43.599,MBS_ABS,Asset-Backed Securities,Investment Dealers
166,2022-11-01,11,2022,Asset-Backed Securities_Issuer,0.0,MBS_ABS,Asset-Backed Securities,Issuer
154,2022-11-01,11,2022,Asset-Backed Securities_Non-Residents,42.705,MBS_ABS,Asset-Backed Securities,Non-Residents
142,2022-11-01,11,2022,Asset-Backed Securities_Retail Clients,0.133,MBS_ABS,Asset-Backed Securities,Retail Clients
22,2022-11-01,11,2022,Mortgage Backed Securities_Anonymous Systems: IDBBs and ATSs,11.802048,MBS_ABS,Mortgage Backed Securities,Anonymous Systems: IDBBs and ATSs
34,2022-11-01,11,2022,Mortgage Backed Securities_Banks,2354.884707,MBS_ABS,Mortgage Backed Securities,Banks
46,2022-11-01,11,2022,Mortgage Backed Securities_Institutional Clients,4614.177057,MBS_ABS,Mortgage Backed Securities,Institutional Clients
10,2022-11-01,11,2022,Mortgage Backed Securities_Investment Dealers,839.980933,MBS_ABS,Mortgage Backed Securities,Investment Dealers
82,2022-11-01,11,2022,Mortgage Backed Securities_Issuer,0,MBS_ABS,Mortgage Backed Securities,Issuer
70,2022-11-01,11,2022,Mortgage Backed Securities_Non-Residents,7.348711,MBS_ABS,Mortgage Backed Securities,Non-Residents
58,2022-11-01,11,2022,Mortgage Backed Securities_Retail Clients,0,MBS_ABS,Mortgage Backed Securities,Retail Clients
107,2022-12-01,12,2022,Asset-Backed Securities_Anonymous Systems: IDBBs and ATSs,10,MBS_ABS,Asset-Backed Securities,Anonymous Systems: IDBBs and ATSs
119,2022-12-01,12,2022,Asset-Backed Securities_Banks,28.635,MBS_ABS,Asset-Backed Securities,Banks
131,2022-12-01,12,2022,Asset-Backed Securities_Institutional Clients,322.359,MBS_ABS,Asset-Backed Securities,Institutional Clients
95,2022-12-01,12,2022,Asset-Backed Securities_Investment Dealers,31.6555,MBS_ABS,Asset-Backed Securities,Investment Dealers
167,2022-12-01,12,2022,Asset-Backed Securities_Issuer,0.0,MBS_ABS,Asset-Backed Securities,Issuer
155,2022-12-01,12,2022,Asset-Backed Securities_Non-Residents,10.182,MBS_ABS,Asset-Backed Securities,Non-Residents
143,2022-12-01,12,2022,Asset-Backed Securities_Retail Clients,0.85,MBS_ABS,Asset-Backed Securities,Retail Clients
23,2022-12-01,12,2022,Mortgage Backed Securities_Anonymous Systems: IDBBs and ATSs,0,MBS_ABS,Mortgage Backed Securities,Anonymous Systems: IDBBs and ATSs
35,2022-12-01,12,2022,Mortgage Backed Securities_Banks,400.293767,MBS_ABS,Mortgage Backed Securities,Banks
47,2022-12-01,12,2022,Mortgage Backed Securities_Institutional Clients,1232.632464,MBS_ABS,Mortgage Backed Securities,Institutional Clients
11,2022-12-01,12,2022,Mortgage Backed Securities_Investment Dealers,269.81533,MBS_ABS,Mortgage Backed Securities,Investment Dealers
83,2022-12-01,12,2022,Mortgage Backed Securities_Issuer,0,MBS_ABS,Mortgage Backed Securities,Issuer
71,2022-12-01,12,2022,Mortgage Backed Securities_Non-Residents,1.807538,MBS_ABS,Mortgage Backed Securities,Non-Residents
59,2022-12-01,12,2022,Mortgage Backed Securities_Retail Clients,0,MBS_ABS,Mortgage Backed Securities,Retail Clients
96,2023-01-01,1,2023,Asset-Backed Securities_Anonymous Systems: IDBBs and ATSs,44,MBS_ABS,Asset-Backed Securities,Anonymous Systems: IDBBs and ATSs
108,2023-01-01,1,2023,Asset-Backed Securities_Banks,22.2075,MBS_ABS,Asset-Backed Securities,Banks
120,2023-01-01,1,2023,Asset-Backed Securities_Institutional Clients,619.085,MBS_ABS,Asset-Backed Securities,Institutional Clients
84,2023-01-01,1,2023,Asset-Backed Securities_Investment Dealers,93.633,MBS_ABS,Asset-Backed Securities,Investment Dealers
156,2023-01-01,1,2023,Asset-Backed Securities_Issuer,0.0,MBS_ABS,Asset-Backed Securities,Issuer
144,2023-01-01,1,2023,Asset-Backed Securities_Non-Residents,111.593,MBS_ABS,Asset-Backed Securities,Non-Residents
132,2023-01-01,1,2023,Asset-Backed Securities_Retail Clients,1.414,MBS_ABS,Asset-Backed Securities,Retail Clients
12,2023-01-01,1,2023,Mortgage Backed Securities_Anonymous Systems: IDBBs and ATSs,0,MBS_ABS,Mortgage Backed Securities,Anonymous Systems: IDBBs and ATSs
24,2023-01-01,1,2023,Mortgage Backed Securities_Banks,1485.257106,MBS_ABS,Mortgage Backed Securities,Banks
36,2023-01-01,1,2023,Mortgage Backed Securities_Institutional Clients,2437.965482,MBS_ABS,Mortgage Backed Securities,Institutional Clients
0,2023-01-01,1,2023,Mortgage Backed Securities_Investment Dealers,351.017023,MBS_ABS,Mortgage Backed Securities,Investment Dealers
72,2023-01-01,1,2023,Mortgage Backed Securities_Issuer,0,MBS_ABS,Mortgage Backed Securities,Issuer
60,2023-01-01,1,2023,Mortgage Backed Securities_Non-Residents,76.507373,MBS_ABS,Mortgage Backed Securities,Non-Residents
48,2023-01-01,1,2023,Mortgage Backed Securities_Retail Clients,0,MBS_ABS,Mortgage Backed Securities,Retail Clients
97,2023-02-01,2,2023,Asset-Backed Securities_Anonymous Systems: IDBBs and ATSs,0,MBS_ABS,Asset-Backed Securities,Anonymous Systems: IDBBs and ATSs
109,2023-02-01,2,2023,Asset-Backed Securities_Banks,11.749,MBS_ABS,Asset-Backed Securities,Banks
121,2023-02-01,2,2023,Asset-Backed Securities_Institutional Clients,352.214772,MBS_ABS,Asset-Backed Securities,Institutional Clients
85,2023-02-01,2,2023,Asset-Backed Securities_Investment Dealers,16.1305,MBS_ABS,Asset-Backed Securities,Investment Dealers
157,2023-02-01,2,2023,Asset-Backed Securities_Issuer,0.0,MBS_ABS,Asset-Backed Securities,Issuer
145,2023-02-01,2,2023,Asset-Backed Securities_Non-Residents,43.666,MBS_ABS,Asset-Backed Securities,Non-Residents
133,2023-02-01,2,2023,Asset-Backed Securities_Retail Clients,0.72,MBS_ABS,Asset-Backed Securities,Retail Clients
13,2023-02-01,2,2023,Mortgage Backed Securities_Anonymous Systems: IDBBs and ATSs,0,MBS_ABS,Mortgage Backed Securities,Anonymous Systems: IDBBs and ATSs
25,2023-02-01,2,2023,Mortgage Backed Securities_Banks,1193.26022,MBS_ABS,Mortgage Backed Securities,Banks
37,2023-02-01,2,2023,Mortgage Backed Securities_Institutional Clients,2551.390262,MBS_ABS,Mortgage Backed Securities,Institutional Clients
1,2023-02-01,2,2023,Mortgage Backed Securities_Investment Dealers,245.117255,MBS_ABS,Mortgage Backed Securities,Investment Dealers
73,2023-02-01,2,2023,Mortgage Backed Securities_Issuer,0,MBS_ABS,Mortgage Backed Securities,Issuer
61,2023-02-01,2,2023,Mortgage Backed Securities_Non-Residents,1.403031,MBS_ABS,Mortgage Backed Securities,Non-Residents
49,2023-02-01,2,2023,Mortgage Backed Securities_Retail Clients,0.104,MBS_ABS,Mortgage Backed Securities,Retail Clients
98,2023-03-01,3,2023,Asset-Backed Securities_Anonymous Systems: IDBBs and ATSs,10,MBS_ABS,Asset-Backed Securities,Anonymous Systems: IDBBs and ATSs
110,2023-03-01,3,2023,Asset-Backed Securities_Banks,4.602,MBS_ABS,Asset-Backed Securities,Banks
122,2023-03-01,3,2023,Asset-Backed Securities_Institutional Clients,410.86,MBS_ABS,Asset-Backed Securities,Institutional Clients
86,2023-03-01,3,2023,Asset-Backed Securities_Investment Dealers,36.567,MBS_ABS,Asset-Backed Securities,Investment Dealers
158,2023-03-01,3,2023,Asset-Backed Securities_Issuer,0.0,MBS_ABS,Asset-Backed Securities,Issuer
146,2023-03-01,3,2023,Asset-Backed Securities_Non-Residents,32.092281,MBS_ABS,Asset-Backed Securities,Non-Residents
134,2023-03-01,3,2023,Asset-Backed Securities_Retail Clients,3.741,MBS_ABS,Asset-Backed Securities,Retail Clients
14,2023-03-01,3,2023,Mortgage Backed Securities_Anonymous Systems: IDBBs and ATSs,10,MBS_ABS,Mortgage Backed Securities,Anonymous Systems: IDBBs and ATSs
26,2023-03-01,3,2023,Mortgage Backed Securities_Banks,1396.609572,MBS_ABS,Mortgage Backed Securities,Banks
38,2023-03-01,3,2023,Mortgage Backed Securities_Institutional Clients,4513.386077,MBS_ABS,Mortgage Backed Securities,Institutional Clients
2,2023-03-01,3,2023,Mortgage Backed Securities_Investment Dealers,1074.938157,MBS_ABS,Mortgage Backed Securities,Investment Dealers
74,2023-03-01,3,2023,Mortgage Backed Securities_Issuer,0,MBS_ABS,Mortgage Backed Securities,Issuer
62,2023-03-01,3,2023,Mortgage Backed Securities_Non-Residents,1.361308,MBS_ABS,Mortgage Backed Securities,Non-Residents
50,2023-03-01,3,2023,Mortgage Backed Securities_Retail Clients,0,MBS_ABS,Mortgage Backed Securities,Retail Clients
99,2023-04-01,4,2023,Asset-Backed Securities_Anonymous Systems: IDBBs and ATSs,2,MBS_ABS,Asset-Backed Securities,Anonymous Systems: IDBBs and ATSs
111,2023-04-01,4,2023,Asset-Backed Securities_Banks,9.25,MBS_ABS,Asset-Backed Securities,Banks
123,2023-04-01,4,2023,Asset-Backed Securities_Institutional Clients,284.233,MBS_ABS,Asset-Backed Securities,Institutional Clients
87,2023-04-01,4,2023,Asset-Backed Securities_Investment Dealers,48.164,MBS_ABS,Asset-Backed Securities,Investment Dealers
159,2023-04-01,4,2023,Asset-Backed Securities_Issuer,0.0,MBS_ABS,Asset-Backed Securities,Issuer
147,2023-04-01,4,2023,Asset-Backed Securities_Non-Residents,54.272281,MBS_ABS,Asset-Backed Securities,Non-Residents
135,2023-04-01,4,2023,Asset-Backed Securities_Retail Clients,4.042,MBS_ABS,Asset-Backed Securities,Retail Clients
15,2023-04-01,4,2023,Mortgage Backed Securities_Anonymous Systems: IDBBs and ATSs,0,MBS_ABS,Mortgage Backed Securities,Anonymous Systems: IDBBs and ATSs
27,2023-04-01,4,2023,Mortgage Backed Securities_Banks,1269.48972,MBS_ABS,Mortgage Backed Securities,Banks
39,2023-04-01,4,2023,Mortgage Backed Securities_Institutional Clients,3032.182757,MBS_ABS,Mortgage Backed Securities,Institutional Clients
3,2023-04-01,4,2023,Mortgage Backed Securities_Investment Dealers,906.005438,MBS_ABS,Mortgage Backed Securities,Investment Dealers
75,2023-04-01,4,2023,Mortgage Backed Securities_Issuer,0,MBS_ABS,Mortgage Backed Securities,Issuer
63,2023-04-01,4,2023,Mortgage Backed Securities_Non-Residents,0.32593,MBS_ABS,Mortgage Backed Securities,Non-Residents
51,2023-04-01,4,2023,Mortgage Backed Securities_Retail Clients,0,MBS_ABS,Mortgage Backed Securities,Retail Clients
100,2023-05-01,5,2023,Asset-Backed Securities_Anonymous Systems: IDBBs and ATSs,46,MBS_ABS,Asset-Backed Securities,Anonymous Systems: IDBBs and ATSs
112,2023-05-01,5,2023,Asset-Backed Securities_Banks,5.425,MBS_ABS,Asset-Backed Securities,Banks
124,2023-05-01,5,2023,Asset-Backed Securities_Institutional Clients,446.5,MBS_ABS,Asset-Backed Securities,Institutional Clients
88,2023-05-01,5,2023,Asset-Backed Securities_Investment Dealers,6.571,MBS_ABS,Asset-Backed Securities,Investment Dealers
160,2023-05-01,5,2023,Asset-Backed Securities_Issuer,0.0,MBS_ABS,Asset-Backed Securities,Issuer
148,2023-05-01,5,2023,Asset-Backed Securities_Non-Residents,97.818,MBS_ABS,Asset-Backed Securities,Non-Residents
136,2023-05-01,5,2023,Asset-Backed Securities_Retail Clients,1.507,MBS_ABS,Asset-Backed Securities,Retail Clients
16,2023-05-01,5,2023,Mortgage Backed Securities_Anonymous Systems: IDBBs and ATSs,45.372,MBS_ABS,Mortgage Backed Securities,Anonymous Systems: IDBBs and ATSs
28,2023-05-01,5,2023,Mortgage Backed Securities_Banks,1074.536332,MBS_ABS,Mortgage Backed Securities,Banks
40,2023-05-01,5,2023,Mortgage Backed Securities_Institutional Clients,2178.576013,MBS_ABS,Mortgage Backed Securities,Institutional Clients
4,2023-05-01,5,2023,Mortgage Backed Securities_Investment Dealers,301.286286,MBS_ABS,Mortgage Backed Securities,Investment Dealers
76,2023-05-01,5,2023,Mortgage Backed Securities_Issuer,23.027886,MBS_ABS,Mortgage Backed Securities,Issuer
64,2023-05-01,5,2023,Mortgage Backed Securities_Non-Residents,12.523003,MBS_ABS,Mortgage Backed Securities,Non-Residents
52,2023-05-01,5,2023,Mortgage Backed Securities_Retail Clients,0.061,MBS_ABS,Mortgage Backed Securities,Retail Clients
101,2023-06-01,6,2023,Asset-Backed Securities_Anonymous Systems: IDBBs and ATSs,40,MBS_ABS,Asset-Backed Securities,Anonymous Systems: IDBBs and ATSs
113,2023-06-01,6,2023,Asset-Backed Securities_Banks,14.019,MBS_ABS,Asset-Backed Securities,Banks
125,2023-06-01,6,2023,Asset-Backed Securities_Institutional Clients,725.961,MBS_ABS,Asset-Backed Securities,Institutional Clients
89,2023-06-01,6,2023,Asset-Backed Securities_Investment Dealers,58.5505,MBS_ABS,Asset-Backed Securities,Investment Dealers
161,2023-06-01,6,2023,Asset-Backed Securities_Issuer,0.0,MBS_ABS,Asset-Backed Securities,Issuer
149,2023-06-01,6,2023,Asset-Backed Securities_Non-Residents,55.017,MBS_ABS,Asset-Backed Securities,Non-Residents
137,2023-06-01,6,2023,Asset-Backed Securities_Retail Clients,8.323836,MBS_ABS,Asset-Backed Securities,Retail Clients
17,2023-06-01,6,2023,Mortgage Backed Securities_Anonymous Systems: IDBBs and ATSs,0,MBS_ABS,Mortgage Backed Securities,Anonymous Systems: IDBBs and ATSs
29,2023-06-01,6,2023,Mortgage Backed Securities_Banks,2073.74663,MBS_ABS,Mortgage Backed Securities,Banks
41,2023-06-01,6,2023,Mortgage Backed Securities_Institutional Clients,3305.449006,MBS_ABS,Mortgage Backed Securities,Institutional Clients
5,2023-06-01,6,2023,Mortgage Backed Securities_Investment Dealers,1559.223051,MBS_ABS,Mortgage Backed Securities,Investment Dealers
77,2023-06-01,6,2023,Mortgage Backed Securities_Issuer,0,MBS_ABS,Mortgage Backed Securities,Issuer
65,2023-06-01,6,2023,Mortgage Backed Securities_Non-Residents,339.795311,MBS_ABS,Mortgage Backed Securities,Non-Residents
53,2023-06-01,6,2023,Mortgage Backed Securities_Retail Clients,0.119,MBS_ABS,Mortgage Backed Securities,Retail Clients
102,2023-07-01,7,2023,Asset-Backed Securities_Anonymous Systems: IDBBs and ATSs,28,MBS_ABS,Asset-Backed Securities,Anonymous Systems: IDBBs and ATSs
114,2023-07-01,7,2023,Asset-Backed Securities_Banks,12.586,MBS_ABS,Asset-Backed Securities,Banks
126,2023-07-01,7,2023,Asset-Backed Securities_Institutional Clients,488.575,MBS_ABS,Asset-Backed Securities,Institutional Clients
90,2023-07-01,7,2023,Asset-Backed Securities_Investment Dealers,16.68819,MBS_ABS,Asset-Backed Securities,Investment Dealers
162,2023-07-01,7,2023,Asset-Backed Securities_Issuer,0.0,MBS_ABS,Asset-Backed Securities,Issuer
150,2023-07-01,7,2023,Asset-Backed Securities_Non-Residents,30.934,MBS_ABS,Asset-Backed Securities,Non-Residents
138,2023-07-01,7,2023,Asset-Backed Securities_Retail Clients,2.22025,MBS_ABS,Asset-Backed Securities,Retail Clients
18,2023-07-01,7,2023,Mortgage Backed Securities_Anonymous Systems: IDBBs and ATSs,10,MBS_ABS,Mortgage Backed Securities,Anonymous Systems: IDBBs and ATSs
30,2023-07-01,7,2023,Mortgage Backed Securities_Banks,2010.969427,MBS_ABS,Mortgage Backed Securities,Banks
42,2023-07-01,7,2023,Mortgage Backed Securities_Institutional Clients,3802.435043,MBS_ABS,Mortgage Backed Securities,Institutional Clients
6,2023-07-01,7,2023,Mortgage Backed Securities_Investment Dealers,1764.041182,MBS_ABS,Mortgage Backed Securities,Investment Dealers
78,2023-07-01,7,2023,Mortgage Backed Securities_Issuer,0,MBS_ABS,Mortgage Backed Securities,Issuer
66,2023-07-01,7,2023,Mortgage Backed Securities_Non-Residents,83.246718,MBS_ABS,Mortgage Backed Securities,Non-Residents
54,2023-07-01,7,2023,Mortgage Backed Securities_Retail Clients,0,MBS_ABS,Mortgage Backed Securities,Retail Clients
103,2023-08-01,8,2023,Asset-Backed Securities_Anonymous Systems: IDBBs and ATSs,6,MBS_ABS,Asset-Backed Securities,Anonymous Systems: IDBBs and ATSs
115,2023-08-01,8,2023,Asset-Backed Securities_Banks,2.16,MBS_ABS,Asset-Backed Securities,Banks
127,2023-08-01,8,2023,Asset-Backed Securities_Institutional Clients,580.061,MBS_ABS,Asset-Backed Securities,Institutional Clients
91,2023-08-01,8,2023,Asset-Backed Securities_Investment Dealers,38.159,MBS_ABS,Asset-Backed Securities,Investment Dealers
163,2023-08-01,8,2023,Asset-Backed Securities_Issuer,0.0,MBS_ABS,Asset-Backed Securities,Issuer
151,2023-08-01,8,2023,Asset-Backed Securities_Non-Residents,95.41,MBS_ABS,Asset-Backed Securities,Non-Residents
139,2023-08-01,8,2023,Asset-Backed Securities_Retail Clients,11.4,MBS_ABS,Asset-Backed Securities,Retail Clients
19,2023-08-01,8,2023,Mortgage Backed Securities_Anonymous Systems: IDBBs and ATSs,0,MBS_ABS,Mortgage Backed Securities,Anonymous Systems: IDBBs and ATSs
31,2023-08-01,8,2023,Mortgage Backed Securities_Banks,3813.907242,MBS_ABS,Mortgage Backed Securities,Banks
43,2023-08-01,8,2023,Mortgage Backed Securities_Institutional Clients,4483.009908,MBS_ABS,Mortgage Backed Securities,Institutional Clients
7,2023-08-01,8,2023,Mortgage Backed Securities_Investment Dealers,1624.674318,MBS_ABS,Mortgage Backed Securities,Investment Dealers
79,2023-08-01,8,2023,Mortgage Backed Securities_Issuer,0,MBS_ABS,Mortgage Backed Securities,Issuer
67,2023-08-01,8,2023,Mortgage Backed Securities_Non-Residents,383.328737,MBS_ABS,Mortgage Backed Securities,Non-Residents
55,2023-08-01,8,2023,Mortgage Backed Securities_Retail Clients,0,MBS_ABS,Mortgage Backed Securities,Retail Clients
104,2023-09-01,9,2023,Asset-Backed Securities_Anonymous Systems: IDBBs and ATSs,4,MBS_ABS,Asset-Backed Securities,Anonymous Systems: IDBBs and ATSs
116,2023-09-01,9,2023,Asset-Backed Securities_Banks,6.273,MBS_ABS,Asset-Backed Securities,Banks
128,2023-09-01,9,2023,Asset-Backed Securities_Institutional Clients,617.712,MBS_ABS,Asset-Backed Securities,Institutional Clients
92,2023-09-01,9,2023,Asset-Backed Securities_Investment Dealers,34.391,MBS_ABS,Asset-Backed Securities,Investment Dealers
164,2023-09-01,9,2023,Asset-Backed Securities_Issuer,0.0,MBS_ABS,Asset-Backed Securities,Issuer
152,2023-09-01,9,2023,Asset-Backed Securities_Non-Residents,275.711,MBS_ABS,Asset-Backed Securities,Non-Residents
140,2023-09-01,9,2023,Asset-Backed Securities_Retail Clients,1.6593,MBS_ABS,Asset-Backed Securities,Retail Clients
20,2023-09-01,9,2023,Mortgage Backed Securities_Anonymous Systems: IDBBs and ATSs,0,MBS_ABS,Mortgage Backed Securities,Anonymous Systems: IDBBs and ATSs
32,2023-09-01,9,2023,Mortgage Backed Securities_Banks,3458.54734,MBS_ABS,Mortgage Backed Securities,Banks
44,2023-09-01,9,2023,Mortgage Backed Securities_Institutional Clients,5555.99562,MBS_ABS,Mortgage Backed Securities,Institutional Clients
8,2023-09-01,9,2023,Mortgage Backed Securities_Investment Dealers,1637.787544,MBS_ABS,Mortgage Backed Securities,Investment Dealers
80,2023-09-01,9,2023,Mortgage Backed Securities_Issuer,0,MBS_ABS,Mortgage Backed Securities,Issuer
68,2023-09-01,9,2023,Mortgage Backed Securities_Non-Residents,10,MBS_ABS,Mortgage Backed Securities,Non-Residents
56,2023-09-01,9,2023,Mortgage Backed Securities_Retail Clients,0,MBS_ABS,Mortgage Backed Securities,Retail Clients
105,2023-10-01,10,2023,Asset-Backed Securities_Anonymous Systems: IDBBs and ATSs,14,MBS_ABS,Asset-Backed Securities,Anonymous Systems: IDBBs and ATSs
117,2023-10-01,10,2023,Asset-Backed Securities_Banks,9.25,MBS_ABS,Asset-Backed Securities,Banks
129,2023-10-01,10,2023,Asset-Backed Securities_Institutional Clients,521.634,MBS_ABS,Asset-Backed Securities,Institutional Clients
93,2023-10-01,10,2023,Asset-Backed Securities_Investment Dealers,66.535,MBS_ABS,Asset-Backed Securities,Investment Dealers
165,2023-10-01,10,2023,Asset-Backed Securities_Issuer,0.0,MBS_ABS,Asset-Backed Securities,Issuer
153,2023-10-01,10,2023,Asset-Backed Securities_Non-Residents,184.125,MBS_ABS,Asset-Backed Securities,Non-Residents
141,2023-10-01,10,2023,Asset-Backed Securities_Retail Clients,2.1069,MBS_ABS,Asset-Backed Securities,Retail Clients
21,2023-10-01,10,2023,Mortgage Backed Securities_Anonymous Systems: IDBBs and ATSs,20,MBS_ABS,Mortgage Backed Securities,Anonymous Systems: IDBBs and ATSs
33,2023-10-01,10,2023,Mortgage Backed Securities_Banks,1928.772488,MBS_ABS,Mortgage Backed Securities,Banks
45,2023-10-01,10,2023,Mortgage Backed Securities_Institutional Clients,4309.457385,MBS_ABS,Mortgage Backed Securities,Institutional Clients
9,2023-10-01,10,2023,Mortgage Backed Securities_Investment Dealers,1125.312447,MBS_ABS,Mortgage Backed Securities,Investment Dealers
81,2023-10-01,10,2023,Mortgage Backed Securities_Issuer,0,MBS_ABS,Mortgage Backed Securities,Issuer
69,2023-10-01,10,2023,Mortgage Backed Securities_Non-Residents,102.890169,MBS_ABS,Mortgage Backed Securities,Non-Residents
57,2023-10-01,10,2023,Mortgage Backed Securities_Retail Clients,0,MBS_ABS,Mortgage Backed Securities,Retail Clients
106,2023-11-01,11,2023,Asset-Backed Securities_Anonymous Systems: IDBBs and ATSs,36,MBS_ABS,Asset-Backed Securities,Anonymous Systems: IDBBs and ATSs
118,2023-11-01,11,2023,Asset-Backed Securities_Banks,76.345,MBS_ABS,Asset-Backed Securities,Banks
130,2023-11-01,11,2023,Asset-Backed Securities_Institutional Clients,1019.083,MBS_ABS,Asset-Backed Securities,Institutional Clients
94,2023-11-01,11,2023,Asset-Backed Securities_Investment Dealers,86.0785,MBS_ABS,Asset-Backed Securities,Investment Dealers
166,2023-11-01,11,2023,Asset-Backed Securities_Issuer,0.0,MBS_ABS,Asset-Backed Securities,Issuer
154,2023-11-01,11,2023,Asset-Backed Securities_Non-Residents,190.099,MBS_ABS,Asset-Backed Securities,Non-Residents
142,2023-11-01,11,2023,Asset-Backed Securities_Retail Clients,4.25177,MBS_ABS,Asset-Backed Securities,Retail Clients
22,2023-11-01,11,2023,Mortgage Backed Securities_Anonymous Systems: IDBBs and ATSs,40,MBS_ABS,Mortgage Backed Securities,Anonymous Systems: IDBBs and ATSs
34,2023-11-01,11,2023,Mortgage Backed Securities_Banks,2537.364763,MBS_ABS,Mortgage Backed Securities,Banks
46,2023-11-01,11,2023,Mortgage Backed Securities_Institutional Clients,5775.854958,MBS_ABS,Mortgage Backed Securities,Institutional Clients
10,2023-11-01,11,2023,Mortgage Backed Securities_Investment Dealers,2446.755634,MBS_ABS,Mortgage Backed Securities,Investment Dealers
82,2023-11-01,11,2023,Mortgage Backed Securities_Issuer,45.727845,MBS_ABS,Mortgage Backed Securities,Issuer
70,2023-11-01,11,2023,Mortgage Backed Securities_Non-Residents,0,MBS_ABS,Mortgage Backed Securities,Non-Residents
58,2023-11-01,11,2023,Mortgage Backed Securities_Retail Clients,0,MBS_ABS,Mortgage Backed Securities,Retail Clients
107,2023-12-01,12,2023,Asset-Backed Securities_Anonymous Systems: IDBBs and ATSs,6,MBS_ABS,Asset-Backed Securities,Anonymous Systems: IDBBs and ATSs
119,2023-12-01,12,2023,Asset-Backed Securities_Banks,0.303,MBS_ABS,Asset-Backed Securities,Banks
131,2023-12-01,12,2023,Asset-Backed Securities_Institutional Clients,625.606,MBS_ABS,Asset-Backed Securities,Institutional Clients
95,2023-12-01,12,2023,Asset-Backed Securities_Investment Dealers,107.194986,MBS_ABS,Asset-Backed Securities,Investment Dealers
167,2023-12-01,12,2023,Asset-Backed Securities_Issuer,0.0,MBS_ABS,Asset-Backed Securities,Issuer
155,2023-12-01,12,2023,Asset-Backed Securities_Non-Residents,54.991,MBS_ABS,Asset-Backed Securities,Non-Residents
143,2023-12-01,12,2023,Asset-Backed Securities_Retail Clients,87.534787,MBS_ABS,Asset-Backed Securities,Retail Clients
23,2023-12-01,12,2023,Mortgage Backed Securities_Anonymous Systems: IDBBs and ATSs,20,MBS_ABS,Mortgage Backed Securities,Anonymous Systems: IDBBs and ATSs
35,2023-12-01,12,2023,Mortgage Backed Securities_Banks,3737.868306,MBS_ABS,Mortgage Backed Securities,Banks
47,2023-12-01,12,2023,Mortgage Backed Securities_Institutional Clients,5581.675332,MBS_ABS,Mortgage Backed Securities,Institutional Clients
11,2023-12-01,12,2023,Mortgage Backed Securities_Investment Dealers,2236.301811,MBS_ABS,Mortgage Backed Securities,Investment Dealers
83,2023-12-01,12,2023,Mortgage Backed Securities_Issuer,0,MBS_ABS,Mortgage Backed Securities,Issuer
71,2023-12-01,12,2023,Mortgage Backed Securities_Non-Residents,1.6305,MBS_ABS,Mortgage Backed Securities,Non-Residents
59,2023-12-01,12,2023,Mortgage Backed Securities_Retail Clients,9,MBS_ABS,Mortgage Backed Securities,Retail Clients
96,2024-01-01,1,2024,Asset-Backed Securities_Anonymous Systems: IDBBs and ATSs,54,MBS_ABS,Asset-Backed Securities,Anonymous Systems: IDBBs and ATSs
108,2024-01-01,1,2024,Asset-Backed Securities_Banks,20,MBS_ABS,Asset-Backed Securities,Banks
120,2024-01-01,1,2024,Asset-Backed Securities_Institutional Clients,459.007,MBS_ABS,Asset-Backed Securities,Institutional Clients
84,2024-01-01,1,2024,Asset-Backed Securities_Investment Dealers,107.750899,MBS_ABS,Asset-Backed Securities,Investment Dealers
156,2024-01-01,1,2024,Asset-Backed Securities_Issuer,0.0,MBS_ABS,Asset-Backed Securities,Issuer
144,2024-01-01,1,2024,Asset-Backed Securities_Non-Residents,95.754,MBS_ABS,Asset-Backed Securities,Non-Residents
132,2024-01-01,1,2024,Asset-Backed Securities_Retail Clients,366.824663,MBS_ABS,Asset-Backed Securities,Retail Clients
12,2024-01-01,1,2024,Mortgage Backed Securities_Anonymous Systems: IDBBs and ATSs,54,MBS_ABS,Mortgage Backed Securities,Anonymous Systems: IDBBs and ATSs
24,2024-01-01,1,2024,Mortgage Backed Securities_Banks,2620.910057,MBS_ABS,Mortgage Backed Securities,Banks
36,2024-01-01,1,2024,Mortgage Backed Securities_Institutional Clients,5857.133422,MBS_ABS,Mortgage Backed Securities,Institutional Clients
0,2024-01-01,1,2024,Mortgage Backed Securities_Investment Dealers,1482.747582,MBS_ABS,Mortgage Backed Securities,Investment Dealers
72,2024-01-01,1,2024,Mortgage Backed Securities_Issuer,46.336356,MBS_ABS,Mortgage Backed Securities,Issuer
60,2024-01-01,1,2024,Mortgage Backed Securities_Non-Residents,56.8,MBS_ABS,Mortgage Backed Securities,Non-Residents
48,2024-01-01,1,2024,Mortgage Backed Securities_Retail Clients,0,MBS_ABS,Mortgage Backed Securities,Retail Clients
97,2024-02-01,2,2024,Asset-Backed Securities_Anonymous Systems: IDBBs and ATSs,12,MBS_ABS,Asset-Backed Securities,Anonymous Systems: IDBBs and ATSs
109,2024-02-01,2,2024,Asset-Backed Securities_Banks,35.45,MBS_ABS,Asset-Backed Securities,Banks
121,2024-02-01,2,2024,Asset-Backed Securities_Institutional Clients,612.953,MBS_ABS,Asset-Backed Securities,Institutional Clients
85,2024-02-01,2,2024,Asset-Backed Securities_Investment Dealers,116.6015,MBS_ABS,Asset-Backed Securities,Investment Dealers
157,2024-02-01,2,2024,Asset-Backed Securities_Issuer,0.0,MBS_ABS,Asset-Backed Securities,Issuer
145,2024-02-01,2,2024,Asset-Backed Securities_Non-Residents,85.573,MBS_ABS,Asset-Backed Securities,Non-Residents
133,2024-02-01,2,2024,Asset-Backed Securities_Retail Clients,4.612,MBS_ABS,Asset-Backed Securities,Retail Clients
13,2024-02-01,2,2024,Mortgage Backed Securities_Anonymous Systems: IDBBs and ATSs,152,MBS_ABS,Mortgage Backed Securities,Anonymous Systems: IDBBs and ATSs
25,2024-02-01,2,2024,Mortgage Backed Securities_Banks,1953.928828,MBS_ABS,Mortgage Backed Securities,Banks
37,2024-02-01,2,2024,Mortgage Backed Securities_Institutional Clients,5600.18035,MBS_ABS,Mortgage Backed Securities,Institutional Clients
1,2024-02-01,2,2024,Mortgage Backed Securities_Investment Dealers,2052.069445,MBS_ABS,Mortgage Backed Securities,Investment Dealers
73,2024-02-01,2,2024,Mortgage Backed Securities_Issuer,22.862485,MBS_ABS,Mortgage Backed Securities,Issuer
61,2024-02-01,2,2024,Mortgage Backed Securities_Non-Residents,12.5,MBS_ABS,Mortgage Backed Securities,Non-Residents
49,2024-02-01,2,2024,Mortgage Backed Securities_Retail Clients,25,MBS_ABS,Mortgage Backed Securities,Retail Clients
98,2024-03-01,3,2024,Asset-Backed Securities_Anonymous Systems: IDBBs and ATSs,72,MBS_ABS,Asset-Backed Securities,Anonymous Systems: IDBBs and ATSs
110,2024-03-01,3,2024,Asset-Backed Securities_Banks,14.85,MBS_ABS,Asset-Backed Securities,Banks
122,2024-03-01,3,2024,Asset-Backed Securities_Institutional Clients,573.524,MBS_ABS,Asset-Backed Securities,Institutional Clients
86,2024-03-01,3,2024,Asset-Backed Securities_Investment Dealers,38.594,MBS_ABS,Asset-Backed Securities,Investment Dealers
158,2024-03-01,3,2024,Asset-Backed Securities_Issuer,0.0,MBS_ABS,Asset-Backed Securities,Issuer
146,2024-03-01,3,2024,Asset-Backed Securities_Non-Residents,154.513,MBS_ABS,Asset-Backed Securities,Non-Residents
134,2024-03-01,3,2024,Asset-Backed Securities_Retail Clients,5.2557,MBS_ABS,Asset-Backed Securities,Retail Clients
14,2024-03-01,3,2024,Mortgage Backed Securities_Anonymous Systems: IDBBs and ATSs,0,MBS_ABS,Mortgage Backed Securities,Anonymous Systems: IDBBs and ATSs
26,2024-03-01,3,2024,Mortgage Backed Securities_Banks,1262.165257,MBS_ABS,Mortgage Backed Securities,Banks
38,2024-03-01,3,2024,Mortgage Backed Securities_Institutional Clients,4502.129569,MBS_ABS,Mortgage Backed Securities,Institutional Clients
2,2024-03-01,3,2024,Mortgage Backed Securities_Investment Dealers,825.140141,MBS_ABS,Mortgage Backed Securities,Investment Dealers
74,2024-03-01,3,2024,Mortgage Backed Securities_Issuer,0,MBS_ABS,Mortgage Backed Securities,Issuer
62,2024-03-01,3,2024,Mortgage Backed Securities_Non-Residents,0,MBS_ABS,Mortgage Backed Securities,Non-Residents
50,2024-03-01,3,2024,Mortgage Backed Securities_Retail Clients,18.45,MBS_ABS,Mortgage Backed Securities,Retail Clients
99,2024-04-01,4,2024,Asset-Backed Securities_Anonymous Systems: IDBBs and ATSs,70,MBS_ABS,Asset-Backed Securities,Anonymous Systems: IDBBs and ATSs
111,2024-04-01,4,2024,Asset-Backed Securities_Banks,30,MBS_ABS,Asset-Backed Securities,Banks
123,2024-04-01,4,2024,Asset-Backed Securities_Institutional Clients,525.7089,MBS_ABS,Asset-Backed Securities,Institutional Clients
87,2024-04-01,4,2024,Asset-Backed Securities_Investment Dealers,71.705,MBS_ABS,Asset-Backed Securities,Investment Dealers
159,2024-04-01,4,2024,Asset-Backed Securities_Issuer,0.0,MBS_ABS,Asset-Backed Securities,Issuer
147,2024-04-01,4,2024,Asset-Backed Securities_Non-Residents,145.8309,MBS_ABS,Asset-Backed Securities,Non-Residents
135,2024-04-01,4,2024,Asset-Backed Securities_Retail Clients,1.54,MBS_ABS,Asset-Backed Securities,Retail Clients
15,2024-04-01,4,2024,Mortgage Backed Securities_Anonymous Systems: IDBBs and ATSs,0,MBS_ABS,Mortgage Backed Securities,Anonymous Systems: IDBBs and ATSs
27,2024-04-01,4,2024,Mortgage Backed Securities_Banks,1298.182566,MBS_ABS,Mortgage Backed Securities,Banks
39,2024-04-01,4,2024,Mortgage Backed Securities_Institutional Clients,5408.511036,MBS_ABS,Mortgage Backed Securities,Institutional Clients
3,2024-04-01,4,2024,Mortgage Backed Securities_Investment Dealers,953.793616,MBS_ABS,Mortgage Backed Securities,Investment Dealers
75,2024-04-01,4,2024,Mortgage Backed Securities_Issuer,0,MBS_ABS,Mortgage Backed Securities,Issuer
63,2024-04-01,4,2024,Mortgage Backed Securities_Non-Residents,24.985183,MBS_ABS,Mortgage Backed Securities,Non-Residents
51,2024-04-01,4,2024,Mortgage Backed Securities_Retail Clients,0,MBS_ABS,Mortgage Backed Securities,Retail Clients
100,2024-05-01,5,2024,Asset-Backed Securities_Anonymous Systems: IDBBs and ATSs,0,MBS_ABS,Asset-Backed Securities,Anonymous Systems: IDBBs and ATSs
112,2024-05-01,5,2024,Asset-Backed Securities_Banks,21.65,MBS_ABS,Asset-Backed Securities,Banks
124,2024-05-01,5,2024,Asset-Backed Securities_Institutional Clients,598.634,MBS_ABS,Asset-Backed Securities,Institutional Clients
88,2024-05-01,5,2024,Asset-Backed Securities_Investment Dealers,55.148,MBS_ABS,Asset-Backed Securities,Investment Dealers
160,2024-05-01,5,2024,Asset-Backed Securities_Issuer,0.0,MBS_ABS,Asset-Backed Securities,Issuer
148,2024-05-01,5,2024,Asset-Backed Securities_Non-Residents,56.873,MBS_ABS,Asset-Backed Securities,Non-Residents
136,2024-05-01,5,2024,Asset-Backed Securities_Retail Clients,0.442,MBS_ABS,Asset-Backed Securities,Retail Clients
16,2024-05-01,5,2024,Mortgage Backed Securities_Anonymous Systems: IDBBs and ATSs,3,MBS_ABS,Mortgage Backed Securities,Anonymous Systems: IDBBs and ATSs
28,2024-05-01,5,2024,Mortgage Backed Securities_Banks,1794.062144,MBS_ABS,Mortgage Backed Securities,Banks
40,2024-05-01,5,2024,Mortgage Backed Securities_Institutional Clients,4537.085366,MBS_ABS,Mortgage Backed Securities,Institutional Clients
4,2024-05-01,5,2024,Mortgage Backed Securities_Investment Dealers,1747.037396,MBS_ABS,Mortgage Backed Securities,Investment Dealers
76,2024-05-01,5,2024,Mortgage Backed Securities_Issuer,0,MBS_ABS,Mortgage Backed Securities,Issuer
64,2024-05-01,5,2024,Mortgage Backed Securities_Non-Residents,63.522427,MBS_ABS,Mortgage Backed Securities,Non-Residents
52,2024-05-01,5,2024,Mortgage Backed Securities_Retail Clients,10,MBS_ABS,Mortgage Backed Securities,Retail Clients
101,2024-06-01,6,2024,Asset-Backed Securities_Anonymous Systems: IDBBs and ATSs,56,MBS_ABS,Asset-Backed Securities,Anonymous Systems: IDBBs and ATSs
113,2024-06-01,6,2024,Asset-Backed Securities_Banks,78.779,MBS_ABS,Asset-Backed Securities,Banks
125,2024-06-01,6,2024,Asset-Backed Securities_Institutional Clients,1215.156516,MBS_ABS,Asset-Backed Securities,Institutional Clients
89,2024-06-01,6,2024,Asset-Backed Securities_Investment Dealers,80.914,MBS_ABS,Asset-Backed Securities,Investment Dealers
161,2024-06-01,6,2024,Asset-Backed Securities_Issuer,0.0,MBS_ABS,Asset-Backed Securities,Issuer
149,2024-06-01,6,2024,Asset-Backed Securities_Non-Residents,184.407015,MBS_ABS,Asset-Backed Securities,Non-Residents
137,2024-06-01,6,2024,Asset-Backed Securities_Retail Clients,1.647,MBS_ABS,Asset-Backed Securities,Retail Clients
17,2024-06-01,6,2024,Mortgage Backed Securities_Anonymous Systems: IDBBs and ATSs,0,MBS_ABS,Mortgage Backed Securities,Anonymous Systems: IDBBs and ATSs
29,2024-06-01,6,2024,Mortgage Backed Securities_Banks,2060.582422,MBS_ABS,Mortgage Backed Securities,Banks
41,2024-06-01,6,2024,Mortgage Backed Securities_Institutional Clients,5409.259436,MBS_ABS,Mortgage Backed Securities,Institutional Clients
5,2024-06-01,6,2024,Mortgage Backed Securities_Investment Dealers,1711.699691,MBS_ABS,Mortgage Backed Securities,Investment Dealers
77,2024-06-01,6,2024,Mortgage Backed Securities_Issuer,85,MBS_ABS,Mortgage Backed Securities,Issuer
65,2024-06-01,6,2024,Mortgage Backed Securities_Non-Residents,12.5,MBS_ABS,Mortgage Backed Securities,Non-Residents
53,2024-06-01,6,2024,Mortgage Backed Securities_Retail Clients,7.266,MBS_ABS,Mortgage Backed Securities,Retail Clients
102,2024-07-01,7,2024,Asset-Backed Securities_Anonymous Systems: IDBBs and ATSs,76,MBS_ABS,Asset-Backed Securities,Anonymous Systems: IDBBs and ATSs
114,2024-07-01,7,2024,Asset-Backed Securities_Banks,60.4,MBS_ABS,Asset-Backed Securities,Banks
126,2024-07-01,7,2024,Asset-Backed Securities_Institutional Clients,623.45,MBS_ABS,Asset-Backed Securities,Institutional Clients
90,2024-07-01,7,2024,Asset-Backed Securities_Investment Dealers,63.4775,MBS_ABS,Asset-Backed Securities,Investment Dealers
162,2024-07-01,7,2024,Asset-Backed Securities_Issuer,0.0,MBS_ABS,Asset-Backed Securities,Issuer
150,2024-07-01,7,2024,Asset-Backed Securities_Non-Residents,81.212,MBS_ABS,Asset-Backed Securities,Non-Residents
138,2024-07-01,7,2024,Asset-Backed Securities_Retail Clients,1.244,MBS_ABS,Asset-Backed Securities,Retail Clients
18,2024-07-01,7,2024,Mortgage Backed Securities_Anonymous Systems: IDBBs and ATSs,0,MBS_ABS,Mortgage Backed Securities,Anonymous Systems: IDBBs and ATSs
30,2024-07-01,7,2024,Mortgage Backed Securities_Banks,1615.030521,MBS_ABS,Mortgage Backed Securities,Banks
42,2024-07-01,7,2024,Mortgage Backed Securities_Institutional Clients,6804.229057,MBS_ABS,Mortgage Backed Securities,Institutional Clients
6,2024-07-01,7,2024,Mortgage Backed Securities_Investment Dealers,1445.202785,MBS_ABS,Mortgage Backed Securities,Investment Dealers
78,2024-07-01,7,2024,Mortgage Backed Securities_Issuer,0,MBS_ABS,Mortgage Backed Securities,Issuer
66,2024-07-01,7,2024,Mortgage Backed Securities_Non-Residents,80.657523,MBS_ABS,Mortgage Backed Securities,Non-Residents
54,2024-07-01,7,2024,Mortgage Backed Securities_Retail Clients,0.686,MBS_ABS,Mortgage Backed Securities,Retail Clients
103,2024-08-01,8,2024,Asset-Backed Securities_Anonymous Systems: IDBBs and ATSs,38,MBS_ABS,Asset-Backed Securities,Anonymous Systems: IDBBs and ATSs
115,2024-08-01,8,2024,Asset-Backed Securities_Banks,7.6725,MBS_ABS,Asset-Backed Securities,Banks
127,2024-08-01,8,2024,Asset-Backed Securities_Institutional Clients,1022.518853,MBS_ABS,Asset-Backed Securities,Institutional Clients
91,2024-08-01,8,2024,Asset-Backed Securities_Investment Dealers,20.654,MBS_ABS,Asset-Backed Securities,Investment Dealers
163,2024-08-01,8,2024,Asset-Backed Securities_Issuer,0.0,MBS_ABS,Asset-Backed Securities,Issuer
151,2024-08-01,8,2024,Asset-Backed Securities_Non-Residents,85.391,MBS_ABS,Asset-Backed Securities,Non-Residents
139,2024-08-01,8,2024,Asset-Backed Securities_Retail Clients,0.13,MBS_ABS,Asset-Backed Securities,Retail Clients
19,2024-08-01,8,2024,Mortgage Backed Securities_Anonymous Systems: IDBBs and ATSs,0,MBS_ABS,Mortgage Backed Securities,Anonymous Systems: IDBBs and ATSs
31,2024-08-01,8,2024,Mortgage Backed Securities_Banks,1932.921485,MBS_ABS,Mortgage Backed Securities,Banks
43,2024-08-01,8,2024,Mortgage Backed Securities_Institutional Clients,8638.237521,MBS_ABS,Mortgage Backed Securities,Institutional Clients
7,2024-08-01,8,2024,Mortgage Backed Securities_Investment Dealers,1301.800159,MBS_ABS,Mortgage Backed Securities,Investment Dealers
79,2024-08-01,8,2024,Mortgage Backed Securities_Issuer,0,MBS_ABS,Mortgage Backed Securities,Issuer
67,2024-08-01,8,2024,Mortgage Backed Securities_Non-Residents,81.953495,MBS_ABS,Mortgage Backed Securities,Non-Residents
55,2024-08-01,8,2024,Mortgage Backed Securities_Retail Clients,34.8,MBS_ABS,Mortgage Backed Securities,Retail Clients
104,2024-09-01,9,2024,Asset-Backed Securities_Anonymous Systems: IDBBs and ATSs,4,MBS_ABS,Asset-Backed Securities,Anonymous Systems: IDBBs and ATSs
116,2024-09-01,9,2024,Asset-Backed Securities_Banks,12.5,MBS_ABS,Asset-Backed Securities,Banks
128,2024-09-01,9,2024,Asset-Backed Securities_Institutional Clients,645.434,MBS_ABS,Asset-Backed Securities,Institutional Clients
92,2024-09-01,9,2024,Asset-Backed Securities_Investment Dealers,20.661,MBS_ABS,Asset-Backed Securities,Investment Dealers
164,2024-09-01,9,2024,Asset-Backed Securities_Issuer,0.0,MBS_ABS,Asset-Backed Securities,Issuer
152,2024-09-01,9,2024,Asset-Backed Securities_Non-Residents,161.851,MBS_ABS,Asset-Backed Securities,Non-Residents
140,2024-09-01,9,2024,Asset-Backed Securities_Retail Clients,2.69,MBS_ABS,Asset-Backed Securities,Retail Clients
20,2024-09-01,9,2024,Mortgage Backed Securities_Anonymous Systems: IDBBs and ATSs,146,MBS_ABS,Mortgage Backed Securities,Anonymous Systems: IDBBs and ATSs
32,2024-09-01,9,2024,Mortgage Backed Securities_Banks,3320.37009,MBS_ABS,Mortgage Backed Securities,Banks
44,2024-09-01,9,2024,Mortgage Backed Securities_Institutional Clients,6972.118363,MBS_ABS,Mortgage Backed Securities,Institutional Clients
8,2024-09-01,9,2024,Mortgage Backed Securities_Investment Dealers,1766.111796,MBS_ABS,Mortgage Backed Securities,Investment Dealers
80,2024-09-01,9,2024,Mortgage Backed Securities_Issuer,0,MBS_ABS,Mortgage Backed Securities,Issuer
68,2024-09-01,9,2024,Mortgage Backed Securities_Non-Residents,426.988874,MBS_ABS,Mortgage Backed Securities,Non-Residents
56,2024-09-01,9,2024,Mortgage Backed Securities_Retail Clients,0,MBS_ABS,Mortgage Backed Securities,Retail Clients
105,2024-10-01,10,2024,Asset-Backed Securities_Anonymous Systems: IDBBs and ATSs,36,MBS_ABS,Asset-Backed Securities,Anonymous Systems: IDBBs and ATSs
117,2024-10-01,10,2024,Asset-Backed Securities_Banks,25.25,MBS_ABS,Asset-Backed Securities,Banks
129,2024-10-01,10,2024,Asset-Backed Securities_Institutional Clients,640.211,MBS_ABS,Asset-Backed Securities,Institutional Clients
93,2024-10-01,10,2024,Asset-Backed Securities_Investment Dealers,41.302,MBS_ABS,Asset-Backed Securities,Investment Dealers
165,2024-10-01,10,2024,Asset-Backed Securities_Issuer,0.0,MBS_ABS,Asset-Backed Securities,Issuer
153,2024-10-01,10,2024,Asset-Backed Securities_Non-Residents,172.487,MBS_ABS,Asset-Backed Securities,Non-Residents
141,2024-10-01,10,2024,Asset-Backed Securities_Retail Clients,1.656,MBS_ABS,Asset-Backed Securities,Retail Clients
21,2024-10-01,10,2024,Mortgage Backed Securities_Anonymous Systems: IDBBs and ATSs,72,MBS_ABS,Mortgage Backed Securities,Anonymous Systems: IDBBs and ATSs
33,2024-10-01,10,2024,Mortgage Backed Securities_Banks,1975.734978,MBS_ABS,Mortgage Backed Securities,Banks
45,2024-10-01,10,2024,Mortgage Backed Securities_Institutional Clients,6188.807028,MBS_ABS,Mortgage Backed Securities,Institutional Clients
9,2024-10-01,10,2024,Mortgage Backed Securities_Investment Dealers,1783.313118,MBS_ABS,Mortgage Backed Securities,Investment Dealers
81,2024-10-01,10,2024,Mortgage Backed Securities_Issuer,0,MBS_ABS,Mortgage Backed Securities,Issuer
69,2024-10-01,10,2024,Mortgage Backed Securities_Non-Residents,458.105773,MBS_ABS,Mortgage Backed Securities,Non-Residents
57,2024-10-01,10,2024,Mortgage Backed Securities_Retail Clients,0,MBS_ABS,Mortgage Backed Securities,Retail Clients
106,2024-11-01,11,2024,Asset-Backed Securities_Anonymous Systems: IDBBs and ATSs,0,MBS_ABS,Asset-Backed Securities,Anonymous Systems: IDBBs and ATSs
118,2024-11-01,11,2024,Asset-Backed Securities_Banks,24.46,MBS_ABS,Asset-Backed Securities,Banks
130,2024-11-01,11,2024,Asset-Backed Securities_Institutional Clients,1039.13797,MBS_ABS,Asset-Backed Securities,Institutional Clients
94,2024-11-01,11,2024,Asset-Backed Securities_Investment Dealers,65.626,MBS_ABS,Asset-Backed Securities,Investment Dealers
166,2024-11-01,11,2024,Asset-Backed Securities_Issuer,0.0,MBS_ABS,Asset-Backed Securities,Issuer
154,2024-11-01,11,2024,Asset-Backed Securities_Non-Residents,189.824,MBS_ABS,Asset-Backed Securities,Non-Residents
142,2024-11-01,11,2024,Asset-Backed Securities_Retail Clients,0.082,MBS_ABS,Asset-Backed Securities,Retail Clients
22,2024-11-01,11,2024,Mortgage Backed Securities_Anonymous Systems: IDBBs and ATSs,7,MBS_ABS,Mortgage Backed Securities,Anonymous Systems: IDBBs and ATSs
34,2024-11-01,11,2024,Mortgage Backed Securities_Banks,2053.4264,MBS_ABS,Mortgage Backed Securities,Banks
46,2024-11-01,11,2024,Mortgage Backed Securities_Institutional Clients,5473.289227,MBS_ABS,Mortgage Backed Securities,Institutional Clients
10,2024-11-01,11,2024,Mortgage Backed Securities_Investment Dealers,1689.418782,MBS_ABS,Mortgage Backed Securities,Investment Dealers
82,2024-11-01,11,2024,Mortgage Backed Securities_Issuer,0,MBS_ABS,Mortgage Backed Securities,Issuer
70,2024-11-01,11,2024,Mortgage Backed Securities_Non-Residents,757.522603,MBS_ABS,Mortgage Backed Securities,Non-Residents
58,2024-11-01,11,2024,Mortgage Backed Securities_Retail Clients,0.712,MBS_ABS,Mortgage Backed Securities,Retail Clients
107,2024-12-01,12,2024,Asset-Backed Securities_Anonymous Systems: IDBBs and ATSs,33.6,MBS_ABS,Asset-Backed Securities,Anonymous Systems: IDBBs and ATSs
119,2024-12-01,12,2024,Asset-Backed Securities_Banks,26.0245,MBS_ABS,Asset-Backed Securities,Banks
131,2024-12-01,12,2024,Asset-Backed Securities_Institutional Clients,322.836,MBS_ABS,Asset-Backed Securities,Institutional Clients
95,2024-12-01,12,2024,Asset-Backed Securities_Investment Dealers,76.426,MBS_ABS,Asset-Backed Securities,Investment Dealers
167,2024-12-01,12,2024,Asset-Backed Securities_Issuer,0.0,MBS_ABS,Asset-Backed Securities,Issuer
155,2024-12-01,12,2024,Asset-Backed Securities_Non-Residents,77.242592,MBS_ABS,Asset-Backed Securities,Non-Residents
143,2024-12-01,12,2024,Asset-Backed Securities_Retail Clients,0.445,MBS_ABS,Asset-Backed Securities,Retail Clients
23,2024-12-01,12,2024,Mortgage Backed Securities_Anonymous Systems: IDBBs and ATSs,0,MBS_ABS,Mortgage Backed Securities,Anonymous Systems: IDBBs and ATSs
35,2024-12-01,12,2024,Mortgage Backed Securities_Banks,2552.651163,MBS_ABS,Mortgage Backed Securities,Banks
47,2024-12-01,12,2024,Mortgage Backed Securities_Institutional Clients,8273.057042,MBS_ABS,Mortgage Backed Securities,Institutional Clients
11,2024-12-01,12,2024,Mortgage Backed Securities_Investment Dealers,2324.500278,MBS_ABS,Mortgage Backed Securities,Investment Dealers
83,2024-12-01,12,2024,Mortgage Backed Securities_Issuer,0,MBS_ABS,Mortgage Backed Securities,Issuer
71,2024-12-01,12,2024,Mortgage Backed Securities_Non-Residents,114.472,MBS_ABS,Mortgage Backed Securities,Non-Residents
59,2024-12-01,12,2024,Mortgage Backed Securities_Retail Clients,1.5,MBS_ABS,Mortgage Backed Securities,Retail Clients
96,2025-01-01,1,2025,Asset-Backed Securities_Anonymous Systems: IDBBs and ATSs,0,MBS_ABS,Asset-Backed Securities,Anonymous Systems: IDBBs and ATSs
108,2025-01-01,1,2025,Asset-Backed Securities_Banks,9.2645,MBS_ABS,Asset-Backed Securities,Banks
120,2025-01-01,1,2025,Asset-Backed Securities_Institutional Clients,423.32293,MBS_ABS,Asset-Backed Securities,Institutional Clients
84,2025-01-01,1,2025,Asset-Backed Securities_Investment Dealers,815.975,MBS_ABS,Asset-Backed Securities,Investment Dealers
156,2025-01-01,1,2025,Asset-Backed Securities_Issuer,0.0,MBS_ABS,Asset-Backed Securities,Issuer
144,2025-01-01,1,2025,Asset-Backed Securities_Non-Residents,107.803,MBS_ABS,Asset-Backed Securities,Non-Residents
132,2025-01-01,1,2025,Asset-Backed Securities_Retail Clients,1.961,MBS_ABS,Asset-Backed Securities,Retail Clients
12,2025-01-01,1,2025,Mortgage Backed Securities_Anonymous Systems: IDBBs and ATSs,2,MBS_ABS,Mortgage Backed Securities,Anonymous Systems: IDBBs and ATSs
24,2025-01-01,1,2025,Mortgage Backed Securities_Banks,1703.473731,MBS_ABS,Mortgage Backed Securities,Banks
36,2025-01-01,1,2025,Mortgage Backed Securities_Institutional Clients,8334.226484,MBS_ABS,Mortgage Backed Securities,Institutional Clients
0,2025-01-01,1,2025,Mortgage Backed Securities_Investment Dealers,1977.861278,MBS_ABS,Mortgage Backed Securities,Investment Dealers
72,2025-01-01,1,2025,Mortgage Backed Securities_Issuer,0,MBS_ABS,Mortgage Backed Securities,Issuer
60,2025-01-01,1,2025,Mortgage Backed Securities_Non-Residents,270.800744,MBS_ABS,Mortgage Backed Securities,Non-Residents
48,2025-01-01,1,2025,Mortgage Backed Securities_Retail Clients,23.696,MBS_ABS,Mortgage Backed Securities,Retail Clients
97,2025-02-01,2,2025,Asset-Backed Securities_Anonymous Systems: IDBBs and ATSs,0,MBS_ABS,Asset-Backed Securities,Anonymous Systems: IDBBs and ATSs
109,2025-02-01,2,2025,Asset-Backed Securities_Banks,0.914,MBS_ABS,Asset-Backed Securities,Banks
121,2025-02-01,2,2025,Asset-Backed Securities_Institutional Clients,2429.189,MBS_ABS,Asset-Backed Securities,Institutional Clients
85,2025-02-01,2,2025,Asset-Backed Securities_Investment Dealers,11.594,MBS_ABS,Asset-Backed Securities,Investment Dealers
157,2025-02-01,2,2025,Asset-Backed Securities_Issuer,0.0,MBS_ABS,Asset-Backed Securities,Issuer
145,2025-02-01,2,2025,Asset-Backed Securities_Non-Residents,63.024,MBS_ABS,Asset-Backed Securities,Non-Residents
133,2025-02-01,2,2025,Asset-Backed Securities_Retail Clients,1.2228,MBS_ABS,Asset-Backed Securities,Retail Clients
13,2025-02-01,2,2025,Mortgage Backed Securities_Anonymous Systems: IDBBs and ATSs,10,MBS_ABS,Mortgage Backed Securities,Anonymous Systems: IDBBs and ATSs
25,2025-02-01,2,2025,Mortgage Backed Securities_Banks,1898.429417,MBS_ABS,Mortgage Backed Securities,Banks
37,2025-02-01,2,2025,Mortgage Backed Securities_Institutional Clients,6433.034276,MBS_ABS,Mortgage Backed Securities,Institutional Clients
1,2025-02-01,2,2025,Mortgage Backed Securities_Investment Dealers,1932.840849,MBS_ABS,Mortgage Backed Securities,Investment Dealers
73,2025-02-01,2,2025,Mortgage Backed Securities_Issuer,0,MBS_ABS,Mortgage Backed Securities,Issuer
61,2025-02-01,2,2025,Mortgage Backed Securities_Non-Residents,874.15148,MBS_ABS,Mortgage Backed Securities,Non-Residents
49,2025-02-01,2,2025,Mortgage Backed Securities_Retail Clients,28.692,MBS_ABS,Mortgage Backed Securities,Retail Clients
98,2025-03-01,3,2025,Asset-Backed Securities_Anonymous Systems: IDBBs and ATSs,32,MBS_ABS,Asset-Backed Securities,Anonymous Systems: IDBBs and ATSs
110,2025-03-01,3,2025,Asset-Backed Securities_Banks,25.66,MBS_ABS,Asset-Backed Securities,Banks
122,2025-03-01,3,2025,Asset-Backed Securities_Institutional Clients,797.413,MBS_ABS,Asset-Backed Securities,Institutional Clients
86,2025-03-01,3,2025,Asset-Backed Securities_Investment Dealers,31.582,MBS_ABS,Asset-Backed Securities,Investment Dealers
158,2025-03-01,3,2025,Asset-Backed Securities_Issuer,0.0,MBS_ABS,Asset-Backed Securities,Issuer
146,2025-03-01,3,2025,Asset-Backed Securities_Non-Residents,76.137,MBS_ABS,Asset-Backed Securities,Non-Residents
134,2025-03-01,3,2025,Asset-Backed Securities_Retail Clients,35.1922,MBS_ABS,Asset-Backed Securities,Retail Clients
14,2025-03-01,3,2025,Mortgage Backed Securities_Anonymous Systems: IDBBs and ATSs,0,MBS_ABS,Mortgage Backed Securities,Anonymous Systems: IDBBs and ATSs
26,2025-03-01,3,2025,Mortgage Backed Securities_Banks,3560.879239,MBS_ABS,Mortgage Backed Securities,Banks
38,2025-03-01,3,2025,Mortgage Backed Securities_Institutional Clients,7179.185996,MBS_ABS,Mortgage Backed Securities,Institutional Clients
2,2025-03-01,3,2025,Mortgage Backed Securities_Investment Dealers,2421.567413,MBS_ABS,Mortgage Backed Securities,Investment Dealers
74,2025-03-01,3,2025,Mortgage Backed Securities_Issuer,0,MBS_ABS,Mortgage Backed Securities,Issuer
62,2025-03-01,3,2025,Mortgage Backed Securities_Non-Residents,118.135362,MBS_ABS,Mortgage Backed Securities,Non-Residents
50,2025-03-01,3,2025,Mortgage Backed Securities_Retail Clients,34.5,MBS_ABS,Mortgage Backed Securities,Retail Clients
99,2025-04-01,4,2025,Asset-Backed Securities_Anonymous Systems: IDBBs and ATSs,4,MBS_ABS,Asset-Backed Securities,Anonymous Systems: IDBBs and ATSs
111,2025-04-01,4,2025,Asset-Backed Securities_Banks,21.213,MBS_ABS,Asset-Backed Securities,Banks
123,2025-04-01,4,2025,Asset-Backed Securities_Institutional Clients,693.114,MBS_ABS,Asset-Backed Securities,Institutional Clients
87,2025-04-01,4,2025,Asset-Backed Securities_Investment Dealers,26.5185,MBS_ABS,Asset-Backed Securities,Investment Dealers
159,2025-04-01,4,2025,Asset-Backed Securities_Issuer,0.0,MBS_ABS,Asset-Backed Securities,Issuer
147,2025-04-01,4,2025,Asset-Backed Securities_Non-Residents,251.396,MBS_ABS,Asset-Backed Securities,Non-Residents
135,2025-04-01,4,2025,Asset-Backed Securities_Retail Clients,14.56,MBS_ABS,Asset-Backed Securities,Retail Clients
15,2025-04-01,4,2025,Mortgage Backed Securities_Anonymous Systems: IDBBs and ATSs,9.936102,MBS_ABS,Mortgage Backed Securities,Anonymous Systems: IDBBs and ATSs
27,2025-04-01,4,2025,Mortgage Backed Securities_Banks,1809.427363,MBS_ABS,Mortgage Backed Securities,Banks
39,2025-04-01,4,2025,Mortgage Backed Securities_Institutional Clients,4220.33518,MBS_ABS,Mortgage Backed Securities,Institutional Clients
3,2025-04-01,4,2025,Mortgage Backed Securities_Investment Dealers,1048.786509,MBS_ABS,Mortgage Backed Securities,Investment Dealers
75,2025-04-01,4,2025,Mortgage Backed Securities_Issuer,47.951317,MBS_ABS,Mortgage Backed Securities,Issuer
63,2025-04-01,4,2025,Mortgage Backed Securities_Non-Residents,78.572,MBS_ABS,Mortgage Backed Securities,Non-Residents
51,2025-04-01,4,2025,Mortgage Backed Securities_Retail Clients,41,MBS_ABS,Mortgage Backed Securities,Retail Clients
100,2025-05-01,5,2025,Asset-Backed Securities_Anonymous Systems: IDBBs and ATSs,36,MBS_ABS,Asset-Backed Securities,Anonymous Systems: IDBBs and ATSs
112,2025-05-01,5,2025,Asset-Backed Securities_Banks,10.4885,MBS_ABS,Asset-Backed Securities,Banks
124,2025-05-01,5,2025,Asset-Backed Securities_Institutional Clients,715.480734,MBS_ABS,Asset-Backed Securities,Institutional Clients
88,2025-05-01,5,2025,Asset-Backed Securities_Investment Dealers,16.9395,MBS_ABS,Asset-Backed Securities,Investment Dealers
160,2025-05-01,5,2025,Asset-Backed Securities_Issuer,0.0,MBS_ABS,Asset-Backed Securities,Issuer
148,2025-05-01,5,2025,Asset-Backed Securities_Non-Residents,223.191,MBS_ABS,Asset-Backed Securities,Non-Residents
136,2025-05-01,5,2025,Asset-Backed Securities_Retail Clients,1.544,MBS_ABS,Asset-Backed Securities,Retail Clients
16,2025-05-01,5,2025,Mortgage Backed Securities_Anonymous Systems: IDBBs and ATSs,13,MBS_ABS,Mortgage Backed Securities,Anonymous Systems: IDBBs and ATSs
28,2025-05-01,5,2025,Mortgage Backed Securities_Banks,1664.217552,MBS_ABS,Mortgage Backed Securities,Banks
40,2025-05-01,5,2025,Mortgage Backed Securities_Institutional Clients,6354.167583,MBS_ABS,Mortgage Backed Securities,Institutional Clients
4,2025-05-01,5,2025,Mortgage Backed Securities_Investment Dealers,1743.420122,MBS_ABS,Mortgage Backed Securities,Investment Dealers
76,2025-05-01,5,2025,Mortgage Backed Securities_Issuer,0,MBS_ABS,Mortgage Backed Securities,Issuer
64,2025-05-01,5,2025,Mortgage Backed Securities_Non-Residents,483.351201,MBS_ABS,Mortgage Backed Securities,Non-Residents
52,2025-05-01,5,2025,Mortgage Backed Securities_Retail Clients,47.134071,MBS_ABS,Mortgage Backed Securities,Retail Clients
101,2025-06-01,6,2025,Asset-Backed Securities_Anonymous Systems: IDBBs and ATSs,24,MBS_ABS,Asset-Backed Securities,Anonymous Systems: IDBBs and ATSs
113,2025-06-01,6,2025,Asset-Backed Securities_Banks,20.9575,MBS_ABS,Asset-Backed Securities,Banks
125,2025-06-01,6,2025,Asset-Backed Securities_Institutional Clients,636.707,MBS_ABS,Asset-Backed Securities,Institutional Clients
89,2025-06-01,6,2025,Asset-Backed Securities_Investment Dealers,56.8325,MBS_ABS,Asset-Backed Securities,Investment Dealers
161,2025-06-01,6,2025,Asset-Backed Securities_Issuer,0.0,MBS_ABS,Asset-Backed Securities,Issuer
149,2025-06-01,6,2025,Asset-Backed Securities_Non-Residents,92.938,MBS_ABS,Asset-Backed Securities,Non-Residents
137,2025-06-01,6,2025,Asset-Backed Securities_Retail Clients,0.541,MBS_ABS,Asset-Backed Securities,Retail Clients
17,2025-06-01,6,2025,Mortgage Backed Securities_Anonymous Systems: IDBBs and ATSs,10,MBS_ABS,Mortgage Backed Securities,Anonymous Systems: IDBBs and ATSs
29,2025-06-01,6,2025,Mortgage Backed Securities_Banks,6047.202955,MBS_ABS,Mortgage Backed Securities,Banks
41,2025-06-01,6,2025,Mortgage Backed Securities_Institutional Clients,12280.133988,MBS_ABS,Mortgage Backed Securities,Institutional Clients
5,2025-06-01,6,2025,Mortgage Backed Securities_Investment Dealers,3982.831496,MBS_ABS,Mortgage Backed Securities,Investment Dealers
77,2025-06-01,6,2025,Mortgage Backed Securities_Issuer,489.908283,MBS_ABS,Mortgage Backed Securities,Issuer
65,2025-06-01,6,2025,Mortgage Backed Securities_Non-Residents,294.831432,MBS_ABS,Mortgage Backed Securities,Non-Residents
53,2025-06-01,6,2025,Mortgage Backed Securities_Retail Clients,38.795575,MBS_ABS,Mortgage Backed Securities,Retail Clients
102,2025-07-01,7,2025,Asset-Backed Securities_Anonymous Systems: IDBBs and ATSs,16,MBS_ABS,Asset-Backed Securities,Anonymous Systems: IDBBs and ATSs
114,2025-07-01,7,2025,Asset-Backed Securities_Banks,0.6265,MBS_ABS,Asset-Backed Securities,Banks
126,2025-07-01,7,2025,Asset-Backed Securities_Institutional Clients,377.82,MBS_ABS,Asset-Backed Securities,Institutional Clients
90,2025-07-01,7,2025,Asset-Backed Securities_Investment Dealers,14.9675,MBS_ABS,Asset-Backed Securities,Investment Dealers
162,2025-07-01,7,2025,Asset-Backed Securities_Issuer,0.0,MBS_ABS,Asset-Backed Securities,Issuer
150,2025-07-01,7,2025,Asset-Backed Securities_Non-Residents,41.515,MBS_ABS,Asset-Backed Securities,Non-Residents
138,2025-07-01,7,2025,Asset-Backed Securities_Retail Clients,0.2535,MBS_ABS,Asset-Backed Securities,Retail Clients
18,2025-07-01,7,2025,Mortgage Backed Securities_Anonymous Systems: IDBBs and ATSs,0,MBS_ABS,Mortgage Backed Securities,Anonymous Systems: IDBBs and ATSs
30,2025-07-01,7,2025,Mortgage Backed Securities_Banks,3686.577004,MBS_ABS,Mortgage Backed Securities,Banks
42,2025-07-01,7,2025,Mortgage Backed Securities_Institutional Clients,8876.610272,MBS_ABS,Mortgage Backed Securities,Institutional Clients
6,2025-07-01,7,2025,Mortgage Backed Securities_Investment Dealers,3254.694145,MBS_ABS,Mortgage Backed Securities,Investment Dealers
78,2025-07-01,7,2025,Mortgage Backed Securities_Issuer,64.829266,MBS_ABS,Mortgage Backed Securities,Issuer
66,2025-07-01,7,2025,Mortgage Backed Securities_Non-Residents,352.828371,MBS_ABS,Mortgage Backed Securities,Non-Residents
54,2025-07-01,7,2025,Mortgage Backed Securities_Retail Clients,366.295276,MBS_ABS,Mortgage Backed Securities,Retail Clients
103,2025-08-01,8,2025,Asset-Backed Securities_Anonymous Systems: IDBBs and ATSs,46,MBS_ABS,Asset-Backed Securities,Anonymous Systems: IDBBs and ATSs
115,2025-08-01,8,2025,Asset-Backed Securities_Banks,36.688,MBS_ABS,Asset-Backed Securities,Banks
127,2025-08-01,8,2025,Asset-Backed Securities_Institutional Clients,639.774484,MBS_ABS,Asset-Backed Securities,Institutional Clients
91,2025-08-01,8,2025,Asset-Backed Securities_Investment Dealers,3.2695,MBS_ABS,Asset-Backed Securities,Investment Dealers
163,2025-08-01,8,2025,Asset-Backed Securities_Issuer,0.0,MBS_ABS,Asset-Backed Securities,Issuer
151,2025-08-01,8,2025,Asset-Backed Securities_Non-Residents,127.850516,MBS_ABS,Asset-Backed Securities,Non-Residents
139,2025-08-01,8,2025,Asset-Backed Securities_Retail Clients,33.5978,MBS_ABS,Asset-Backed Securities,Retail Clients
19,2025-08-01,8,2025,Mortgage Backed Securities_Anonymous Systems: IDBBs and ATSs,6.636,MBS_ABS,Mortgage Backed Securities,Anonymous Systems: IDBBs and ATSs
31,2025-08-01,8,2025,Mortgage Backed Securities_Banks,2000.334972,MBS_ABS,Mortgage Backed Securities,Banks
43,2025-08-01,8,2025,Mortgage Backed Securities_Institutional Clients,7682.008823,MBS_ABS,Mortgage Backed Securities,Institutional Clients
7,2025-08-01,8,2025,Mortgage Backed Securities_Investment Dealers,1593.768488,MBS_ABS,Mortgage Backed Securities,Investment Dealers
79,2025-08-01,8,2025,Mortgage Backed Securities_Issuer,21.702643,MBS_ABS,Mortgage Backed Securities,Issuer
67,2025-08-01,8,2025,Mortgage Backed Securities_Non-Residents,246.695893,MBS_ABS,Mortgage Backed Securities,Non-Residents
55,2025-08-01,8,2025,Mortgage Backed Securities_Retail Clients,0,MBS_ABS,Mortgage Backed Securities,Retail Clients
104,2025-09-01,9,2025,Asset-Backed Securities_Anonymous Systems: IDBBs and ATSs,10,MBS_ABS,Asset-Backed Securities,Anonymous Systems: IDBBs and ATSs
116,2025-09-01,9,2025,Asset-Backed Securities_Banks,25,MBS_ABS,Asset-Backed Securities,Banks
128,2025-09-01,9,2025,Asset-Backed Securities_Institutional Clients,730.746464,MBS_ABS,Asset-Backed Securities,Institutional Clients
92,2025-09-01,9,2025,Asset-Backed Securities_Investment Dealers,3.583,MBS_ABS,Asset-Backed Securities,Investment Dealers
164,2025-09-01,9,2025,Asset-Backed Securities_Issuer,0.0,MBS_ABS,Asset-Backed Securities,Issuer
152,2025-09-01,9,2025,Asset-Backed Securities_Non-Residents,44.872,MBS_ABS,Asset-Backed Securities,Non-Residents
140,2025-09-01,9,2025,Asset-Backed Securities_Retail Clients,0.352,MBS_ABS,Asset-Backed Securities,Retail Clients
20,2025-09-01,9,2025,Mortgage Backed Securities_Anonymous Systems: IDBBs and ATSs,2,MBS_ABS,Mortgage Backed Securities,Anonymous Systems: IDBBs and ATSs
32,2025-09-01,9,2025,Mortgage Backed Securities_Banks,3552.073215,MBS_ABS,Mortgage Backed Securities,Banks
44,2025-09-01,9,2025,Mortgage Backed Securities_Institutional Clients,10504.348488,MBS_ABS,Mortgage Backed Securities,Institutional Clients
8,2025-09-01,9,2025,Mortgage Backed Securities_Investment Dealers,3489.881419,MBS_ABS,Mortgage Backed Securities,Investment Dealers
80,2025-09-01,9,2025,Mortgage Backed Securities_Issuer,15.399262,MBS_ABS,Mortgage Backed Securities,Issuer
68,2025-09-01,9,2025,Mortgage Backed Securities_Non-Residents,547.574789,MBS_ABS,Mortgage Backed Securities,Non-Residents
56,2025-09-01,9,2025,Mortgage Backed Securities_Retail Clients,1.596,MBS_ABS,Mortgage Backed Securities,Retail Clients
105,2025-10-01,10,2025,Asset-Backed Securities_Anonymous Systems: IDBBs and ATSs,0,MBS_ABS,Asset-Backed Securities,Anonymous Systems: IDBBs and ATSs
117,2025-10-01,10,2025,Asset-Backed Securities_Banks,11.018,MBS_ABS,Asset-Backed Securities,Banks
129,2025-10-01,10,2025,Asset-Backed Securities_Institutional Clients,1354.82364,MBS_ABS,Asset-Backed Securities,Institutional Clients
93,2025-10-01,10,2025,Asset-Backed Securities_Investment Dealers,31.6875,MBS_ABS,Asset-Backed Securities,Investment Dealers
165,2025-10-01,10,2025,Asset-Backed Securities_Issuer,0.0,MBS_ABS,Asset-Backed Securities,Issuer
153,2025-10-01,10,2025,Asset-Backed Securities_Non-Residents,95.935,MBS_ABS,Asset-Backed Securities,Non-Residents
141,2025-10-01,10,2025,Asset-Backed Securities_Retail Clients,0.159,MBS_ABS,Asset-Backed Securities,Retail Clients
21,2025-10-01,10,2025,Mortgage Backed Securities_Anonymous Systems: IDBBs and ATSs,10.610866,MBS_ABS,Mortgage Backed Securities,Anonymous Systems: IDBBs and ATSs
33,2025-10-01,10,2025,Mortgage Backed Securities_Banks,2066.493596,MBS_ABS,Mortgage Backed Securities,Banks
45,2025-10-01,10,2025,Mortgage Backed Securities_Institutional Clients,5765.70636,MBS_ABS,Mortgage Backed Securities,Institutional Clients
9,2025-10-01,10,2025,Mortgage Backed Securities_Investment Dealers,2095.38161,MBS_ABS,Mortgage Backed Securities,Investment Dealers
81,2025-10-01,10,2025,Mortgage Backed Securities_Issuer,187.23553,MBS_ABS,Mortgage Backed Securities,Issuer
69,2025-10-01,10,2025,Mortgage Backed Securities_Non-Residents,659.500221,MBS_ABS,Mortgage Backed Securities,Non-Residents
57,2025-10-01,10,2025,Mortgage Backed Securities_Retail Clients,0.588,MBS_ABS,Mortgage Backed Securities,Retail Clients
106,2025-11-01,11,2025,Asset-Backed Securities_Anonymous Systems: IDBBs and ATSs,0,MBS_ABS,Asset-Backed Securities,Anonymous Systems: IDBBs and ATSs
118,2025-11-01,11,2025,Asset-Backed Securities_Banks,7.019,MBS_ABS,Asset-Backed Securities,Banks
130,2025-11-01,11,2025,Asset-Backed Securities_Institutional Clients,418.258996,MBS_ABS,Asset-Backed Securities,Institutional Clients
94,2025-11-01,11,2025,Asset-Backed Securities_Investment Dealers,27.818,MBS_ABS,Asset-Backed Securities,Investment Dealers
166,2025-11-01,11,2025,Asset-Backed Securities_Issuer,0.0,MBS_ABS,Asset-Backed Securities,Issuer
154,2025-11-01,11,2025,Asset-Backed Securities_Non-Residents,16.633,MBS_ABS,Asset-Backed Securities,Non-Residents
142,2025-11-01,11,2025,Asset-Backed Securities_Retail Clients,0.052,MBS_ABS,Asset-Backed Securities,Retail Clients
22,2025-11-01,11,2025,Mortgage Backed Securities_Anonymous Systems: IDBBs and ATSs,32.167296,MBS_ABS,Mortgage Backed Securities,Anonymous Systems: IDBBs and ATSs
34,2025-11-01,11,2025,Mortgage Backed Securities_Banks,3635.273708,MBS_ABS,Mortgage Backed Securities,Banks
46,2025-11-01,11,2025,Mortgage Backed Securities_Institutional Clients,9695.73004,MBS_ABS,Mortgage Backed Securities,Institutional Clients
10,2025-11-01,11,2025,Mortgage Backed Securities_Investment Dealers,2783.122628,MBS_ABS,Mortgage Backed Securities,Investment Dealers
82,2025-11-01,11,2025,Mortgage Backed Securities_Issuer,77.09327,MBS_ABS,Mortgage Backed Securities,Issuer
70,2025-11-01,11,2025,Mortgage Backed Securities_Non-Residents,806.788052,MBS_ABS,Mortgage Backed Securities,Non-Residents
58,2025-11-01,11,2025,Mortgage Backed Securities_Retail Clients,0,MBS_ABS,Mortgage Backed Securities,Retail Clients
107,2025-12-01,12,2025,Asset-Backed Securities_Anonymous Systems: IDBBs and ATSs,0,MBS_ABS,Asset-Backed Securities,Anonymous Systems: IDBBs and ATSs
119,2025-12-01,12,2025,Asset-Backed Securities_Banks,20.029,MBS_ABS,Asset-Backed Securities,Banks
131,2025-12-01,12,2025,Asset-Backed Securities_Institutional Clients,543.306,MBS_ABS,Asset-Backed Securities,Institutional Clients
95,2025-12-01,12,2025,Asset-Backed Securities_Investment Dealers,22.2495,MBS_ABS,Asset-Backed Securities,Investment Dealers
167,2025-12-01,12,2025,Asset-Backed Securities_Issuer,0.0,MBS_ABS,Asset-Backed Securities,Issuer
155,2025-12-01,12,2025,Asset-Backed Securities_Non-Residents,136.66,MBS_ABS,Asset-Backed Securities,Non-Residents
143,2025-12-01,12,2025,Asset-Backed Securities_Retail Clients,1.546,MBS_ABS,Asset-Backed Securities,Retail Clients
23,2025-12-01,12,2025,Mortgage Backed Securities_Anonymous Systems: IDBBs and ATSs,0,MBS_ABS,Mortgage Backed Securities,Anonymous Systems: IDBBs and ATSs
35,2025-12-01,12,2025,Mortgage Backed Securities_Banks,4106.990478,MBS_ABS,Mortgage Backed Securities,Banks
47,2025-12-01,12,2025,Mortgage Backed Securities_Institutional Clients,8947.583734,MBS_ABS,Mortgage Backed Securities,Institutional Clients
11,2025-12-01,12,2025,Mortgage Backed Securities_Investment Dealers,3935.176751,MBS_ABS,Mortgage Backed Securities,Investment Dealers
83,2025-12-01,12,2025,Mortgage Backed Securities_Issuer,83.098054,MBS_ABS,Mortgage Backed Securities,Issuer
71,2025-12-01,12,2025,Mortgage Backed Securities_Non-Residents,602.136093,MBS_ABS,Mortgage Backed Securities,Non-Residents
59,2025-12-01,12,2025,Mortgage Backed Securities_Retail Clients,0,MBS_ABS,Mortgage Backed Securities,Retail Clients
