,date,month,year,instruments,volume,Segment,AssetClass,Duration
96,2018-01-01,1,2018,Municipal bonds_Anonymous Systems: IDBBs and ATSs,580,STRIP_MUNI,Municipal bonds,Anonymous Systems: IDBBs and ATSs
108,2018-01-01,1,2018,Municipal bonds_Banks,107,STRIP_MUNI,Municipal bonds,Banks
120,2018-01-01,1,2018,Municipal bonds_Institutional Clients,1329,STRIP_MUNI,Municipal bonds,Institutional Clients
84,2018-01-01,1,2018,Municipal bonds_Investment Dealers,268,STRIP_MUNI,Municipal bonds,Investment Dealers
156,2018-01-01,1,2018,Municipal bonds_Issuer,0,STRIP_MUNI,Municipal bonds,Issuer
144,2018-01-01,1,2018,Municipal bonds_Non-Residents,224,STRIP_MUNI,Municipal bonds,Non-Residents
132,2018-01-01,1,2018,Municipal bonds_Retail Clients,145,STRIP_MUNI,Municipal bonds,Retail Clients
12,2018-01-01,1,2018,Strip Bond Trading (coupons and residuals)_Anonymous Systems: IDBBs and ATSs,216,STRIP_MUNI,Strip Bond Trading (coupons and residuals),Anonymous Systems: IDBBs and ATSs
24,2018-01-01,1,2018,Strip Bond Trading (coupons and residuals)_Banks,95,STRIP_MUNI,Strip Bond Trading (coupons and residuals),Banks
36,2018-01-01,1,2018,Strip Bond Trading (coupons and residuals)_Institutional Clients,2955,STRIP_MUNI,Strip Bond Trading (coupons and residuals),Institutional Clients
0,2018-01-01,1,2018,Strip Bond Trading (coupons and residuals)_Investment Dealers,282,STRIP_MUNI,Strip Bond Trading (coupons and residuals),Investment Dealers
72,2018-01-01,1,2018,Strip Bond Trading (coupons and residuals)_Issuer,25,STRIP_MUNI,Strip Bond Trading (coupons and residuals),Issuer
60,2018-01-01,1,2018,Strip Bond Trading (coupons and residuals)_Non-Residents,100,STRIP_MUNI,Strip Bond Trading (coupons and residuals),Non-Residents
48,2018-01-01,1,2018,Strip Bond Trading (coupons and residuals)_Retail Clients,396,STRIP_MUNI,Strip Bond Trading (coupons and residuals),Retail Clients
97,2018-02-01,2,2018,Municipal bonds_Anonymous Systems: IDBBs and ATSs,637,STRIP_MUNI,Municipal bonds,Anonymous Systems: IDBBs and ATSs
109,2018-02-01,2,2018,Municipal bonds_Banks,188,STRIP_MUNI,Municipal bonds,Banks
121,2018-02-01,2,2018,Municipal bonds_Institutional Clients,1513,STRIP_MUNI,Municipal bonds,Institutional Clients
85,2018-02-01,2,2018,Municipal bonds_Investment Dealers,171,STRIP_MUNI,Municipal bonds,Investment Dealers
157,2018-02-01,2,2018,Municipal bonds_Issuer,0,STRIP_MUNI,Municipal bonds,Issuer
145,2018-02-01,2,2018,Municipal bonds_Non-Residents,203,STRIP_MUNI,Municipal bonds,Non-Residents
133,2018-02-01,2,2018,Municipal bonds_Retail Clients,187,STRIP_MUNI,Municipal bonds,Retail Clients
13,2018-02-01,2,2018,Strip Bond Trading (coupons and residuals)_Anonymous Systems: IDBBs and ATSs,221,STRIP_MUNI,Strip Bond Trading (coupons and residuals),Anonymous Systems: IDBBs and ATSs
25,2018-02-01,2,2018,Strip Bond Trading (coupons and residuals)_Banks,37,STRIP_MUNI,Strip Bond Trading (coupons and residuals),Banks
37,2018-02-01,2,2018,Strip Bond Trading (coupons and residuals)_Institutional Clients,2484,STRIP_MUNI,Strip Bond Trading (coupons and residuals),Institutional Clients
1,2018-02-01,2,2018,Strip Bond Trading (coupons and residuals)_Investment Dealers,121,STRIP_MUNI,Strip Bond Trading (coupons and residuals),Investment Dealers
73,2018-02-01,2,2018,Strip Bond Trading (coupons and residuals)_Issuer,40,STRIP_MUNI,Strip Bond Trading (coupons and residuals),Issuer
61,2018-02-01,2,2018,Strip Bond Trading (coupons and residuals)_Non-Residents,104,STRIP_MUNI,Strip Bond Trading (coupons and residuals),Non-Residents
49,2018-02-01,2,2018,Strip Bond Trading (coupons and residuals)_Retail Clients,342,STRIP_MUNI,Strip Bond Trading (coupons and residuals),Retail Clients
98,2018-03-01,3,2018,Municipal bonds_Anonymous Systems: IDBBs and ATSs,637,STRIP_MUNI,Municipal bonds,Anonymous Systems: IDBBs and ATSs
110,2018-03-01,3,2018,Municipal bonds_Banks,161,STRIP_MUNI,Municipal bonds,Banks
122,2018-03-01,3,2018,Municipal bonds_Institutional Clients,1528,STRIP_MUNI,Municipal bonds,Institutional Clients
86,2018-03-01,3,2018,Municipal bonds_Investment Dealers,458,STRIP_MUNI,Municipal bonds,Investment Dealers
158,2018-03-01,3,2018,Municipal bonds_Issuer,0,STRIP_MUNI,Municipal bonds,Issuer
146,2018-03-01,3,2018,Municipal bonds_Non-Residents,441,STRIP_MUNI,Municipal bonds,Non-Residents
134,2018-03-01,3,2018,Municipal bonds_Retail Clients,182,STRIP_MUNI,Municipal bonds,Retail Clients
14,2018-03-01,3,2018,Strip Bond Trading (coupons and residuals)_Anonymous Systems: IDBBs and ATSs,277,STRIP_MUNI,Strip Bond Trading (coupons and residuals),Anonymous Systems: IDBBs and ATSs
26,2018-03-01,3,2018,Strip Bond Trading (coupons and residuals)_Banks,75,STRIP_MUNI,Strip Bond Trading (coupons and residuals),Banks
38,2018-03-01,3,2018,Strip Bond Trading (coupons and residuals)_Institutional Clients,3313,STRIP_MUNI,Strip Bond Trading (coupons and residuals),Institutional Clients
2,2018-03-01,3,2018,Strip Bond Trading (coupons and residuals)_Investment Dealers,174,STRIP_MUNI,Strip Bond Trading (coupons and residuals),Investment Dealers
74,2018-03-01,3,2018,Strip Bond Trading (coupons and residuals)_Issuer,69,STRIP_MUNI,Strip Bond Trading (coupons and residuals),Issuer
62,2018-03-01,3,2018,Strip Bond Trading (coupons and residuals)_Non-Residents,180,STRIP_MUNI,Strip Bond Trading (coupons and residuals),Non-Residents
50,2018-03-01,3,2018,Strip Bond Trading (coupons and residuals)_Retail Clients,421,STRIP_MUNI,Strip Bond Trading (coupons and residuals),Retail Clients
99,2018-04-01,4,2018,Municipal bonds_Anonymous Systems: IDBBs and ATSs,280,STRIP_MUNI,Municipal bonds,Anonymous Systems: IDBBs and ATSs
111,2018-04-01,4,2018,Municipal bonds_Banks,128,STRIP_MUNI,Municipal bonds,Banks
123,2018-04-01,4,2018,Municipal bonds_Institutional Clients,1649,STRIP_MUNI,Municipal bonds,Institutional Clients
87,2018-04-01,4,2018,Municipal bonds_Investment Dealers,460,STRIP_MUNI,Municipal bonds,Investment Dealers
159,2018-04-01,4,2018,Municipal bonds_Issuer,0,STRIP_MUNI,Municipal bonds,Issuer
147,2018-04-01,4,2018,Municipal bonds_Non-Residents,241,STRIP_MUNI,Municipal bonds,Non-Residents
135,2018-04-01,4,2018,Municipal bonds_Retail Clients,100,STRIP_MUNI,Municipal bonds,Retail Clients
15,2018-04-01,4,2018,Strip Bond Trading (coupons and residuals)_Anonymous Systems: IDBBs and ATSs,113,STRIP_MUNI,Strip Bond Trading (coupons and residuals),Anonymous Systems: IDBBs and ATSs
27,2018-04-01,4,2018,Strip Bond Trading (coupons and residuals)_Banks,102,STRIP_MUNI,Strip Bond Trading (coupons and residuals),Banks
39,2018-04-01,4,2018,Strip Bond Trading (coupons and residuals)_Institutional Clients,3177,STRIP_MUNI,Strip Bond Trading (coupons and residuals),Institutional Clients
3,2018-04-01,4,2018,Strip Bond Trading (coupons and residuals)_Investment Dealers,228,STRIP_MUNI,Strip Bond Trading (coupons and residuals),Investment Dealers
75,2018-04-01,4,2018,Strip Bond Trading (coupons and residuals)_Issuer,50,STRIP_MUNI,Strip Bond Trading (coupons and residuals),Issuer
63,2018-04-01,4,2018,Strip Bond Trading (coupons and residuals)_Non-Residents,247,STRIP_MUNI,Strip Bond Trading (coupons and residuals),Non-Residents
51,2018-04-01,4,2018,Strip Bond Trading (coupons and residuals)_Retail Clients,294,STRIP_MUNI,Strip Bond Trading (coupons and residuals),Retail Clients
100,2018-05-01,5,2018,Municipal bonds_Anonymous Systems: IDBBs and ATSs,487,STRIP_MUNI,Municipal bonds,Anonymous Systems: IDBBs and ATSs
112,2018-05-01,5,2018,Municipal bonds_Banks,108,STRIP_MUNI,Municipal bonds,Banks
124,2018-05-01,5,2018,Municipal bonds_Institutional Clients,1123,STRIP_MUNI,Municipal bonds,Institutional Clients
88,2018-05-01,5,2018,Municipal bonds_Investment Dealers,222,STRIP_MUNI,Municipal bonds,Investment Dealers
160,2018-05-01,5,2018,Municipal bonds_Issuer,7,STRIP_MUNI,Municipal bonds,Issuer
148,2018-05-01,5,2018,Municipal bonds_Non-Residents,250,STRIP_MUNI,Municipal bonds,Non-Residents
136,2018-05-01,5,2018,Municipal bonds_Retail Clients,172,STRIP_MUNI,Municipal bonds,Retail Clients
16,2018-05-01,5,2018,Strip Bond Trading (coupons and residuals)_Anonymous Systems: IDBBs and ATSs,483,STRIP_MUNI,Strip Bond Trading (coupons and residuals),Anonymous Systems: IDBBs and ATSs
28,2018-05-01,5,2018,Strip Bond Trading (coupons and residuals)_Banks,75,STRIP_MUNI,Strip Bond Trading (coupons and residuals),Banks
40,2018-05-01,5,2018,Strip Bond Trading (coupons and residuals)_Institutional Clients,2474,STRIP_MUNI,Strip Bond Trading (coupons and residuals),Institutional Clients
4,2018-05-01,5,2018,Strip Bond Trading (coupons and residuals)_Investment Dealers,243,STRIP_MUNI,Strip Bond Trading (coupons and residuals),Investment Dealers
76,2018-05-01,5,2018,Strip Bond Trading (coupons and residuals)_Issuer,50,STRIP_MUNI,Strip Bond Trading (coupons and residuals),Issuer
64,2018-05-01,5,2018,Strip Bond Trading (coupons and residuals)_Non-Residents,136,STRIP_MUNI,Strip Bond Trading (coupons and residuals),Non-Residents
52,2018-05-01,5,2018,Strip Bond Trading (coupons and residuals)_Retail Clients,331,STRIP_MUNI,Strip Bond Trading (coupons and residuals),Retail Clients
101,2018-06-01,6,2018,Municipal bonds_Anonymous Systems: IDBBs and ATSs,269,STRIP_MUNI,Municipal bonds,Anonymous Systems: IDBBs and ATSs
113,2018-06-01,6,2018,Municipal bonds_Banks,156,STRIP_MUNI,Municipal bonds,Banks
125,2018-06-01,6,2018,Municipal bonds_Institutional Clients,1479,STRIP_MUNI,Municipal bonds,Institutional Clients
89,2018-06-01,6,2018,Municipal bonds_Investment Dealers,423,STRIP_MUNI,Municipal bonds,Investment Dealers
161,2018-06-01,6,2018,Municipal bonds_Issuer,2,STRIP_MUNI,Municipal bonds,Issuer
149,2018-06-01,6,2018,Municipal bonds_Non-Residents,163,STRIP_MUNI,Municipal bonds,Non-Residents
137,2018-06-01,6,2018,Municipal bonds_Retail Clients,177,STRIP_MUNI,Municipal bonds,Retail Clients
17,2018-06-01,6,2018,Strip Bond Trading (coupons and residuals)_Anonymous Systems: IDBBs and ATSs,156,STRIP_MUNI,Strip Bond Trading (coupons and residuals),Anonymous Systems: IDBBs and ATSs
29,2018-06-01,6,2018,Strip Bond Trading (coupons and residuals)_Banks,235,STRIP_MUNI,Strip Bond Trading (coupons and residuals),Banks
41,2018-06-01,6,2018,Strip Bond Trading (coupons and residuals)_Institutional Clients,2513,STRIP_MUNI,Strip Bond Trading (coupons and residuals),Institutional Clients
5,2018-06-01,6,2018,Strip Bond Trading (coupons and residuals)_Investment Dealers,258,STRIP_MUNI,Strip Bond Trading (coupons and residuals),Investment Dealers
77,2018-06-01,6,2018,Strip Bond Trading (coupons and residuals)_Issuer,320,STRIP_MUNI,Strip Bond Trading (coupons and residuals),Issuer
65,2018-06-01,6,2018,Strip Bond Trading (coupons and residuals)_Non-Residents,656,STRIP_MUNI,Strip Bond Trading (coupons and residuals),Non-Residents
53,2018-06-01,6,2018,Strip Bond Trading (coupons and residuals)_Retail Clients,365,STRIP_MUNI,Strip Bond Trading (coupons and residuals),Retail Clients
102,2018-07-01,7,2018,Municipal bonds_Anonymous Systems: IDBBs and ATSs,421,STRIP_MUNI,Municipal bonds,Anonymous Systems: IDBBs and ATSs
114,2018-07-01,7,2018,Municipal bonds_Banks,163,STRIP_MUNI,Municipal bonds,Banks
126,2018-07-01,7,2018,Municipal bonds_Institutional Clients,1599,STRIP_MUNI,Municipal bonds,Institutional Clients
90,2018-07-01,7,2018,Municipal bonds_Investment Dealers,492,STRIP_MUNI,Municipal bonds,Investment Dealers
162,2018-07-01,7,2018,Municipal bonds_Issuer,99,STRIP_MUNI,Municipal bonds,Issuer
150,2018-07-01,7,2018,Municipal bonds_Non-Residents,248,STRIP_MUNI,Municipal bonds,Non-Residents
138,2018-07-01,7,2018,Municipal bonds_Retail Clients,159,STRIP_MUNI,Municipal bonds,Retail Clients
18,2018-07-01,7,2018,Strip Bond Trading (coupons and residuals)_Anonymous Systems: IDBBs and ATSs,136,STRIP_MUNI,Strip Bond Trading (coupons and residuals),Anonymous Systems: IDBBs and ATSs
30,2018-07-01,7,2018,Strip Bond Trading (coupons and residuals)_Banks,156,STRIP_MUNI,Strip Bond Trading (coupons and residuals),Banks
42,2018-07-01,7,2018,Strip Bond Trading (coupons and residuals)_Institutional Clients,3010,STRIP_MUNI,Strip Bond Trading (coupons and residuals),Institutional Clients
6,2018-07-01,7,2018,Strip Bond Trading (coupons and residuals)_Investment Dealers,256,STRIP_MUNI,Strip Bond Trading (coupons and residuals),Investment Dealers
78,2018-07-01,7,2018,Strip Bond Trading (coupons and residuals)_Issuer,16,STRIP_MUNI,Strip Bond Trading (coupons and residuals),Issuer
66,2018-07-01,7,2018,Strip Bond Trading (coupons and residuals)_Non-Residents,312,STRIP_MUNI,Strip Bond Trading (coupons and residuals),Non-Residents
54,2018-07-01,7,2018,Strip Bond Trading (coupons and residuals)_Retail Clients,297,STRIP_MUNI,Strip Bond Trading (coupons and residuals),Retail Clients
103,2018-08-01,8,2018,Municipal bonds_Anonymous Systems: IDBBs and ATSs,317,STRIP_MUNI,Municipal bonds,Anonymous Systems: IDBBs and ATSs
115,2018-08-01,8,2018,Municipal bonds_Banks,185,STRIP_MUNI,Municipal bonds,Banks
127,2018-08-01,8,2018,Municipal bonds_Institutional Clients,1371,STRIP_MUNI,Municipal bonds,Institutional Clients
91,2018-08-01,8,2018,Municipal bonds_Investment Dealers,322,STRIP_MUNI,Municipal bonds,Investment Dealers
163,2018-08-01,8,2018,Municipal bonds_Issuer,7,STRIP_MUNI,Municipal bonds,Issuer
151,2018-08-01,8,2018,Municipal bonds_Non-Residents,251,STRIP_MUNI,Municipal bonds,Non-Residents
139,2018-08-01,8,2018,Municipal bonds_Retail Clients,147,STRIP_MUNI,Municipal bonds,Retail Clients
19,2018-08-01,8,2018,Strip Bond Trading (coupons and residuals)_Anonymous Systems: IDBBs and ATSs,239,STRIP_MUNI,Strip Bond Trading (coupons and residuals),Anonymous Systems: IDBBs and ATSs
31,2018-08-01,8,2018,Strip Bond Trading (coupons and residuals)_Banks,108,STRIP_MUNI,Strip Bond Trading (coupons and residuals),Banks
43,2018-08-01,8,2018,Strip Bond Trading (coupons and residuals)_Institutional Clients,3462,STRIP_MUNI,Strip Bond Trading (coupons and residuals),Institutional Clients
7,2018-08-01,8,2018,Strip Bond Trading (coupons and residuals)_Investment Dealers,130,STRIP_MUNI,Strip Bond Trading (coupons and residuals),Investment Dealers
79,2018-08-01,8,2018,Strip Bond Trading (coupons and residuals)_Issuer,25,STRIP_MUNI,Strip Bond Trading (coupons and residuals),Issuer
67,2018-08-01,8,2018,Strip Bond Trading (coupons and residuals)_Non-Residents,267,STRIP_MUNI,Strip Bond Trading (coupons and residuals),Non-Residents
55,2018-08-01,8,2018,Strip Bond Trading (coupons and residuals)_Retail Clients,319,STRIP_MUNI,Strip Bond Trading (coupons and residuals),Retail Clients
104,2018-09-01,9,2018,Municipal bonds_Anonymous Systems: IDBBs and ATSs,1067,STRIP_MUNI,Municipal bonds,Anonymous Systems: IDBBs and ATSs
116,2018-09-01,9,2018,Municipal bonds_Banks,302,STRIP_MUNI,Municipal bonds,Banks
128,2018-09-01,9,2018,Municipal bonds_Institutional Clients,1822,STRIP_MUNI,Municipal bonds,Institutional Clients
92,2018-09-01,9,2018,Municipal bonds_Investment Dealers,318,STRIP_MUNI,Municipal bonds,Investment Dealers
164,2018-09-01,9,2018,Municipal bonds_Issuer,0,STRIP_MUNI,Municipal bonds,Issuer
152,2018-09-01,9,2018,Municipal bonds_Non-Residents,295,STRIP_MUNI,Municipal bonds,Non-Residents
140,2018-09-01,9,2018,Municipal bonds_Retail Clients,142,STRIP_MUNI,Municipal bonds,Retail Clients
20,2018-09-01,9,2018,Strip Bond Trading (coupons and residuals)_Anonymous Systems: IDBBs and ATSs,608,STRIP_MUNI,Strip Bond Trading (coupons and residuals),Anonymous Systems: IDBBs and ATSs
32,2018-09-01,9,2018,Strip Bond Trading (coupons and residuals)_Banks,113,STRIP_MUNI,Strip Bond Trading (coupons and residuals),Banks
44,2018-09-01,9,2018,Strip Bond Trading (coupons and residuals)_Institutional Clients,3067,STRIP_MUNI,Strip Bond Trading (coupons and residuals),Institutional Clients
8,2018-09-01,9,2018,Strip Bond Trading (coupons and residuals)_Investment Dealers,224,STRIP_MUNI,Strip Bond Trading (coupons and residuals),Investment Dealers
80,2018-09-01,9,2018,Strip Bond Trading (coupons and residuals)_Issuer,48,STRIP_MUNI,Strip Bond Trading (coupons and residuals),Issuer
68,2018-09-01,9,2018,Strip Bond Trading (coupons and residuals)_Non-Residents,972,STRIP_MUNI,Strip Bond Trading (coupons and residuals),Non-Residents
56,2018-09-01,9,2018,Strip Bond Trading (coupons and residuals)_Retail Clients,281,STRIP_MUNI,Strip Bond Trading (coupons and residuals),Retail Clients
105,2018-10-01,10,2018,Municipal bonds_Anonymous Systems: IDBBs and ATSs,616,STRIP_MUNI,Municipal bonds,Anonymous Systems: IDBBs and ATSs
117,2018-10-01,10,2018,Municipal bonds_Banks,282,STRIP_MUNI,Municipal bonds,Banks
129,2018-10-01,10,2018,Municipal bonds_Institutional Clients,1328,STRIP_MUNI,Municipal bonds,Institutional Clients
93,2018-10-01,10,2018,Municipal bonds_Investment Dealers,306,STRIP_MUNI,Municipal bonds,Investment Dealers
165,2018-10-01,10,2018,Municipal bonds_Issuer,0,STRIP_MUNI,Municipal bonds,Issuer
153,2018-10-01,10,2018,Municipal bonds_Non-Residents,124,STRIP_MUNI,Municipal bonds,Non-Residents
141,2018-10-01,10,2018,Municipal bonds_Retail Clients,149,STRIP_MUNI,Municipal bonds,Retail Clients
21,2018-10-01,10,2018,Strip Bond Trading (coupons and residuals)_Anonymous Systems: IDBBs and ATSs,483,STRIP_MUNI,Strip Bond Trading (coupons and residuals),Anonymous Systems: IDBBs and ATSs
33,2018-10-01,10,2018,Strip Bond Trading (coupons and residuals)_Banks,319,STRIP_MUNI,Strip Bond Trading (coupons and residuals),Banks
45,2018-10-01,10,2018,Strip Bond Trading (coupons and residuals)_Institutional Clients,2788,STRIP_MUNI,Strip Bond Trading (coupons and residuals),Institutional Clients
9,2018-10-01,10,2018,Strip Bond Trading (coupons and residuals)_Investment Dealers,278,STRIP_MUNI,Strip Bond Trading (coupons and residuals),Investment Dealers
81,2018-10-01,10,2018,Strip Bond Trading (coupons and residuals)_Issuer,10,STRIP_MUNI,Strip Bond Trading (coupons and residuals),Issuer
69,2018-10-01,10,2018,Strip Bond Trading (coupons and residuals)_Non-Residents,81,STRIP_MUNI,Strip Bond Trading (coupons and residuals),Non-Residents
57,2018-10-01,10,2018,Strip Bond Trading (coupons and residuals)_Retail Clients,305,STRIP_MUNI,Strip Bond Trading (coupons and residuals),Retail Clients
106,2018-11-01,11,2018,Municipal bonds_Anonymous Systems: IDBBs and ATSs,646,STRIP_MUNI,Municipal bonds,Anonymous Systems: IDBBs and ATSs
118,2018-11-01,11,2018,Municipal bonds_Banks,139,STRIP_MUNI,Municipal bonds,Banks
130,2018-11-01,11,2018,Municipal bonds_Institutional Clients,1359,STRIP_MUNI,Municipal bonds,Institutional Clients
94,2018-11-01,11,2018,Municipal bonds_Investment Dealers,191,STRIP_MUNI,Municipal bonds,Investment Dealers
166,2018-11-01,11,2018,Municipal bonds_Issuer,0,STRIP_MUNI,Municipal bonds,Issuer
154,2018-11-01,11,2018,Municipal bonds_Non-Residents,263,STRIP_MUNI,Municipal bonds,Non-Residents
142,2018-11-01,11,2018,Municipal bonds_Retail Clients,161,STRIP_MUNI,Municipal bonds,Retail Clients
22,2018-11-01,11,2018,Strip Bond Trading (coupons and residuals)_Anonymous Systems: IDBBs and ATSs,1282,STRIP_MUNI,Strip Bond Trading (coupons and residuals),Anonymous Systems: IDBBs and ATSs
34,2018-11-01,11,2018,Strip Bond Trading (coupons and residuals)_Banks,132,STRIP_MUNI,Strip Bond Trading (coupons and residuals),Banks
46,2018-11-01,11,2018,Strip Bond Trading (coupons and residuals)_Institutional Clients,3036,STRIP_MUNI,Strip Bond Trading (coupons and residuals),Institutional Clients
10,2018-11-01,11,2018,Strip Bond Trading (coupons and residuals)_Investment Dealers,296,STRIP_MUNI,Strip Bond Trading (coupons and residuals),Investment Dealers
82,2018-11-01,11,2018,Strip Bond Trading (coupons and residuals)_Issuer,205,STRIP_MUNI,Strip Bond Trading (coupons and residuals),Issuer
70,2018-11-01,11,2018,Strip Bond Trading (coupons and residuals)_Non-Residents,376,STRIP_MUNI,Strip Bond Trading (coupons and residuals),Non-Residents
58,2018-11-01,11,2018,Strip Bond Trading (coupons and residuals)_Retail Clients,300,STRIP_MUNI,Strip Bond Trading (coupons and residuals),Retail Clients
107,2018-12-01,12,2018,Municipal bonds_Anonymous Systems: IDBBs and ATSs,222,STRIP_MUNI,Municipal bonds,Anonymous Systems: IDBBs and ATSs
119,2018-12-01,12,2018,Municipal bonds_Banks,98,STRIP_MUNI,Municipal bonds,Banks
131,2018-12-01,12,2018,Municipal bonds_Institutional Clients,756,STRIP_MUNI,Municipal bonds,Institutional Clients
95,2018-12-01,12,2018,Municipal bonds_Investment Dealers,89,STRIP_MUNI,Municipal bonds,Investment Dealers
167,2018-12-01,12,2018,Municipal bonds_Issuer,0,STRIP_MUNI,Municipal bonds,Issuer
155,2018-12-01,12,2018,Municipal bonds_Non-Residents,215,STRIP_MUNI,Municipal bonds,Non-Residents
143,2018-12-01,12,2018,Municipal bonds_Retail Clients,109,STRIP_MUNI,Municipal bonds,Retail Clients
23,2018-12-01,12,2018,Strip Bond Trading (coupons and residuals)_Anonymous Systems: IDBBs and ATSs,275,STRIP_MUNI,Strip Bond Trading (coupons and residuals),Anonymous Systems: IDBBs and ATSs
35,2018-12-01,12,2018,Strip Bond Trading (coupons and residuals)_Banks,56,STRIP_MUNI,Strip Bond Trading (coupons and residuals),Banks
47,2018-12-01,12,2018,Strip Bond Trading (coupons and residuals)_Institutional Clients,2392,STRIP_MUNI,Strip Bond Trading (coupons and residuals),Institutional Clients
11,2018-12-01,12,2018,Strip Bond Trading (coupons and residuals)_Investment Dealers,316,STRIP_MUNI,Strip Bond Trading (coupons and residuals),Investment Dealers
83,2018-12-01,12,2018,Strip Bond Trading (coupons and residuals)_Issuer,32,STRIP_MUNI,Strip Bond Trading (coupons and residuals),Issuer
71,2018-12-01,12,2018,Strip Bond Trading (coupons and residuals)_Non-Residents,1010,STRIP_MUNI,Strip Bond Trading (coupons and residuals),Non-Residents
59,2018-12-01,12,2018,Strip Bond Trading (coupons and residuals)_Retail Clients,270,STRIP_MUNI,Strip Bond Trading (coupons and residuals),Retail Clients
96,2019-01-01,1,2019,Municipal bonds_Anonymous Systems: IDBBs and ATSs,1030,STRIP_MUNI,Municipal bonds,Anonymous Systems: IDBBs and ATSs
108,2019-01-01,1,2019,Municipal bonds_Banks,126,STRIP_MUNI,Municipal bonds,Banks
120,2019-01-01,1,2019,Municipal bonds_Institutional Clients,1322,STRIP_MUNI,Municipal bonds,Institutional Clients
84,2019-01-01,1,2019,Municipal bonds_Investment Dealers,187,STRIP_MUNI,Municipal bonds,Investment Dealers
156,2019-01-01,1,2019,Municipal bonds_Issuer,0,STRIP_MUNI,Municipal bonds,Issuer
144,2019-01-01,1,2019,Municipal bonds_Non-Residents,434,STRIP_MUNI,Municipal bonds,Non-Residents
132,2019-01-01,1,2019,Municipal bonds_Retail Clients,129,STRIP_MUNI,Municipal bonds,Retail Clients
12,2019-01-01,1,2019,Strip Bond Trading (coupons and residuals)_Anonymous Systems: IDBBs and ATSs,454,STRIP_MUNI,Strip Bond Trading (coupons and residuals),Anonymous Systems: IDBBs and ATSs
24,2019-01-01,1,2019,Strip Bond Trading (coupons and residuals)_Banks,77,STRIP_MUNI,Strip Bond Trading (coupons and residuals),Banks
36,2019-01-01,1,2019,Strip Bond Trading (coupons and residuals)_Institutional Clients,3314,STRIP_MUNI,Strip Bond Trading (coupons and residuals),Institutional Clients
0,2019-01-01,1,2019,Strip Bond Trading (coupons and residuals)_Investment Dealers,227,STRIP_MUNI,Strip Bond Trading (coupons and residuals),Investment Dealers
72,2019-01-01,1,2019,Strip Bond Trading (coupons and residuals)_Issuer,30,STRIP_MUNI,Strip Bond Trading (coupons and residuals),Issuer
60,2019-01-01,1,2019,Strip Bond Trading (coupons and residuals)_Non-Residents,823,STRIP_MUNI,Strip Bond Trading (coupons and residuals),Non-Residents
48,2019-01-01,1,2019,Strip Bond Trading (coupons and residuals)_Retail Clients,273,STRIP_MUNI,Strip Bond Trading (coupons and residuals),Retail Clients
97,2019-02-01,2,2019,Municipal bonds_Anonymous Systems: IDBBs and ATSs,517,STRIP_MUNI,Municipal bonds,Anonymous Systems: IDBBs and ATSs
109,2019-02-01,2,2019,Municipal bonds_Banks,108,STRIP_MUNI,Municipal bonds,Banks
121,2019-02-01,2,2019,Municipal bonds_Institutional Clients,1205,STRIP_MUNI,Municipal bonds,Institutional Clients
85,2019-02-01,2,2019,Municipal bonds_Investment Dealers,125,STRIP_MUNI,Municipal bonds,Investment Dealers
157,2019-02-01,2,2019,Municipal bonds_Issuer,0,STRIP_MUNI,Municipal bonds,Issuer
145,2019-02-01,2,2019,Municipal bonds_Non-Residents,268,STRIP_MUNI,Municipal bonds,Non-Residents
133,2019-02-01,2,2019,Municipal bonds_Retail Clients,100,STRIP_MUNI,Municipal bonds,Retail Clients
13,2019-02-01,2,2019,Strip Bond Trading (coupons and residuals)_Anonymous Systems: IDBBs and ATSs,699,STRIP_MUNI,Strip Bond Trading (coupons and residuals),Anonymous Systems: IDBBs and ATSs
25,2019-02-01,2,2019,Strip Bond Trading (coupons and residuals)_Banks,248,STRIP_MUNI,Strip Bond Trading (coupons and residuals),Banks
37,2019-02-01,2,2019,Strip Bond Trading (coupons and residuals)_Institutional Clients,2768,STRIP_MUNI,Strip Bond Trading (coupons and residuals),Institutional Clients
1,2019-02-01,2,2019,Strip Bond Trading (coupons and residuals)_Investment Dealers,198,STRIP_MUNI,Strip Bond Trading (coupons and residuals),Investment Dealers
73,2019-02-01,2,2019,Strip Bond Trading (coupons and residuals)_Issuer,30,STRIP_MUNI,Strip Bond Trading (coupons and residuals),Issuer
61,2019-02-01,2,2019,Strip Bond Trading (coupons and residuals)_Non-Residents,744,STRIP_MUNI,Strip Bond Trading (coupons and residuals),Non-Residents
49,2019-02-01,2,2019,Strip Bond Trading (coupons and residuals)_Retail Clients,248,STRIP_MUNI,Strip Bond Trading (coupons and residuals),Retail Clients
98,2019-03-01,3,2019,Municipal bonds_Anonymous Systems: IDBBs and ATSs,708,STRIP_MUNI,Municipal bonds,Anonymous Systems: IDBBs and ATSs
110,2019-03-01,3,2019,Municipal bonds_Banks,114,STRIP_MUNI,Municipal bonds,Banks
122,2019-03-01,3,2019,Municipal bonds_Institutional Clients,1394,STRIP_MUNI,Municipal bonds,Institutional Clients
86,2019-03-01,3,2019,Municipal bonds_Investment Dealers,109,STRIP_MUNI,Municipal bonds,Investment Dealers
158,2019-03-01,3,2019,Municipal bonds_Issuer,0,STRIP_MUNI,Municipal bonds,Issuer
146,2019-03-01,3,2019,Municipal bonds_Non-Residents,278,STRIP_MUNI,Municipal bonds,Non-Residents
134,2019-03-01,3,2019,Municipal bonds_Retail Clients,95,STRIP_MUNI,Municipal bonds,Retail Clients
14,2019-03-01,3,2019,Strip Bond Trading (coupons and residuals)_Anonymous Systems: IDBBs and ATSs,495,STRIP_MUNI,Strip Bond Trading (coupons and residuals),Anonymous Systems: IDBBs and ATSs
26,2019-03-01,3,2019,Strip Bond Trading (coupons and residuals)_Banks,189,STRIP_MUNI,Strip Bond Trading (coupons and residuals),Banks
38,2019-03-01,3,2019,Strip Bond Trading (coupons and residuals)_Institutional Clients,4358,STRIP_MUNI,Strip Bond Trading (coupons and residuals),Institutional Clients
2,2019-03-01,3,2019,Strip Bond Trading (coupons and residuals)_Investment Dealers,291,STRIP_MUNI,Strip Bond Trading (coupons and residuals),Investment Dealers
74,2019-03-01,3,2019,Strip Bond Trading (coupons and residuals)_Issuer,143,STRIP_MUNI,Strip Bond Trading (coupons and residuals),Issuer
62,2019-03-01,3,2019,Strip Bond Trading (coupons and residuals)_Non-Residents,200,STRIP_MUNI,Strip Bond Trading (coupons and residuals),Non-Residents
50,2019-03-01,3,2019,Strip Bond Trading (coupons and residuals)_Retail Clients,459,STRIP_MUNI,Strip Bond Trading (coupons and residuals),Retail Clients
99,2019-04-01,4,2019,Municipal bonds_Anonymous Systems: IDBBs and ATSs,903,STRIP_MUNI,Municipal bonds,Anonymous Systems: IDBBs and ATSs
111,2019-04-01,4,2019,Municipal bonds_Banks,82,STRIP_MUNI,Municipal bonds,Banks
123,2019-04-01,4,2019,Municipal bonds_Institutional Clients,1430,STRIP_MUNI,Municipal bonds,Institutional Clients
87,2019-04-01,4,2019,Municipal bonds_Investment Dealers,147,STRIP_MUNI,Municipal bonds,Investment Dealers
159,2019-04-01,4,2019,Municipal bonds_Issuer,0,STRIP_MUNI,Municipal bonds,Issuer
147,2019-04-01,4,2019,Municipal bonds_Non-Residents,408,STRIP_MUNI,Municipal bonds,Non-Residents
135,2019-04-01,4,2019,Municipal bonds_Retail Clients,97,STRIP_MUNI,Municipal bonds,Retail Clients
15,2019-04-01,4,2019,Strip Bond Trading (coupons and residuals)_Anonymous Systems: IDBBs and ATSs,101,STRIP_MUNI,Strip Bond Trading (coupons and residuals),Anonymous Systems: IDBBs and ATSs
27,2019-04-01,4,2019,Strip Bond Trading (coupons and residuals)_Banks,324,STRIP_MUNI,Strip Bond Trading (coupons and residuals),Banks
39,2019-04-01,4,2019,Strip Bond Trading (coupons and residuals)_Institutional Clients,3134,STRIP_MUNI,Strip Bond Trading (coupons and residuals),Institutional Clients
3,2019-04-01,4,2019,Strip Bond Trading (coupons and residuals)_Investment Dealers,244,STRIP_MUNI,Strip Bond Trading (coupons and residuals),Investment Dealers
75,2019-04-01,4,2019,Strip Bond Trading (coupons and residuals)_Issuer,0,STRIP_MUNI,Strip Bond Trading (coupons and residuals),Issuer
63,2019-04-01,4,2019,Strip Bond Trading (coupons and residuals)_Non-Residents,612,STRIP_MUNI,Strip Bond Trading (coupons and residuals),Non-Residents
51,2019-04-01,4,2019,Strip Bond Trading (coupons and residuals)_Retail Clients,355,STRIP_MUNI,Strip Bond Trading (coupons and residuals),Retail Clients
100,2019-05-01,5,2019,Municipal bonds_Anonymous Systems: IDBBs and ATSs,787,STRIP_MUNI,Municipal bonds,Anonymous Systems: IDBBs and ATSs
112,2019-05-01,5,2019,Municipal bonds_Banks,98,STRIP_MUNI,Municipal bonds,Banks
124,2019-05-01,5,2019,Municipal bonds_Institutional Clients,2513,STRIP_MUNI,Municipal bonds,Institutional Clients
88,2019-05-01,5,2019,Municipal bonds_Investment Dealers,170,STRIP_MUNI,Municipal bonds,Investment Dealers
160,2019-05-01,5,2019,Municipal bonds_Issuer,0,STRIP_MUNI,Municipal bonds,Issuer
148,2019-05-01,5,2019,Municipal bonds_Non-Residents,284,STRIP_MUNI,Municipal bonds,Non-Residents
136,2019-05-01,5,2019,Municipal bonds_Retail Clients,138,STRIP_MUNI,Municipal bonds,Retail Clients
16,2019-05-01,5,2019,Strip Bond Trading (coupons and residuals)_Anonymous Systems: IDBBs and ATSs,186,STRIP_MUNI,Strip Bond Trading (coupons and residuals),Anonymous Systems: IDBBs and ATSs
28,2019-05-01,5,2019,Strip Bond Trading (coupons and residuals)_Banks,107,STRIP_MUNI,Strip Bond Trading (coupons and residuals),Banks
40,2019-05-01,5,2019,Strip Bond Trading (coupons and residuals)_Institutional Clients,3414,STRIP_MUNI,Strip Bond Trading (coupons and residuals),Institutional Clients
4,2019-05-01,5,2019,Strip Bond Trading (coupons and residuals)_Investment Dealers,129,STRIP_MUNI,Strip Bond Trading (coupons and residuals),Investment Dealers
76,2019-05-01,5,2019,Strip Bond Trading (coupons and residuals)_Issuer,82,STRIP_MUNI,Strip Bond Trading (coupons and residuals),Issuer
64,2019-05-01,5,2019,Strip Bond Trading (coupons and residuals)_Non-Residents,429,STRIP_MUNI,Strip Bond Trading (coupons and residuals),Non-Residents
52,2019-05-01,5,2019,Strip Bond Trading (coupons and residuals)_Retail Clients,333,STRIP_MUNI,Strip Bond Trading (coupons and residuals),Retail Clients
101,2019-06-01,6,2019,Municipal bonds_Anonymous Systems: IDBBs and ATSs,275,STRIP_MUNI,Municipal bonds,Anonymous Systems: IDBBs and ATSs
113,2019-06-01,6,2019,Municipal bonds_Banks,48,STRIP_MUNI,Municipal bonds,Banks
125,2019-06-01,6,2019,Municipal bonds_Institutional Clients,2043,STRIP_MUNI,Municipal bonds,Institutional Clients
89,2019-06-01,6,2019,Municipal bonds_Investment Dealers,120,STRIP_MUNI,Municipal bonds,Investment Dealers
161,2019-06-01,6,2019,Municipal bonds_Issuer,0,STRIP_MUNI,Municipal bonds,Issuer
149,2019-06-01,6,2019,Municipal bonds_Non-Residents,346,STRIP_MUNI,Municipal bonds,Non-Residents
137,2019-06-01,6,2019,Municipal bonds_Retail Clients,125,STRIP_MUNI,Municipal bonds,Retail Clients
17,2019-06-01,6,2019,Strip Bond Trading (coupons and residuals)_Anonymous Systems: IDBBs and ATSs,104,STRIP_MUNI,Strip Bond Trading (coupons and residuals),Anonymous Systems: IDBBs and ATSs
29,2019-06-01,6,2019,Strip Bond Trading (coupons and residuals)_Banks,179,STRIP_MUNI,Strip Bond Trading (coupons and residuals),Banks
41,2019-06-01,6,2019,Strip Bond Trading (coupons and residuals)_Institutional Clients,4125,STRIP_MUNI,Strip Bond Trading (coupons and residuals),Institutional Clients
5,2019-06-01,6,2019,Strip Bond Trading (coupons and residuals)_Investment Dealers,231,STRIP_MUNI,Strip Bond Trading (coupons and residuals),Investment Dealers
77,2019-06-01,6,2019,Strip Bond Trading (coupons and residuals)_Issuer,39,STRIP_MUNI,Strip Bond Trading (coupons and residuals),Issuer
65,2019-06-01,6,2019,Strip Bond Trading (coupons and residuals)_Non-Residents,767,STRIP_MUNI,Strip Bond Trading (coupons and residuals),Non-Residents
53,2019-06-01,6,2019,Strip Bond Trading (coupons and residuals)_Retail Clients,498,STRIP_MUNI,Strip Bond Trading (coupons and residuals),Retail Clients
102,2019-07-01,7,2019,Municipal bonds_Anonymous Systems: IDBBs and ATSs,701,STRIP_MUNI,Municipal bonds,Anonymous Systems: IDBBs and ATSs
114,2019-07-01,7,2019,Municipal bonds_Banks,133,STRIP_MUNI,Municipal bonds,Banks
126,2019-07-01,7,2019,Municipal bonds_Institutional Clients,1522,STRIP_MUNI,Municipal bonds,Institutional Clients
90,2019-07-01,7,2019,Municipal bonds_Investment Dealers,117,STRIP_MUNI,Municipal bonds,Investment Dealers
162,2019-07-01,7,2019,Municipal bonds_Issuer,0,STRIP_MUNI,Municipal bonds,Issuer
150,2019-07-01,7,2019,Municipal bonds_Non-Residents,420,STRIP_MUNI,Municipal bonds,Non-Residents
138,2019-07-01,7,2019,Municipal bonds_Retail Clients,125,STRIP_MUNI,Municipal bonds,Retail Clients
18,2019-07-01,7,2019,Strip Bond Trading (coupons and residuals)_Anonymous Systems: IDBBs and ATSs,488,STRIP_MUNI,Strip Bond Trading (coupons and residuals),Anonymous Systems: IDBBs and ATSs
30,2019-07-01,7,2019,Strip Bond Trading (coupons and residuals)_Banks,316,STRIP_MUNI,Strip Bond Trading (coupons and residuals),Banks
42,2019-07-01,7,2019,Strip Bond Trading (coupons and residuals)_Institutional Clients,3504,STRIP_MUNI,Strip Bond Trading (coupons and residuals),Institutional Clients
6,2019-07-01,7,2019,Strip Bond Trading (coupons and residuals)_Investment Dealers,298,STRIP_MUNI,Strip Bond Trading (coupons and residuals),Investment Dealers
78,2019-07-01,7,2019,Strip Bond Trading (coupons and residuals)_Issuer,22,STRIP_MUNI,Strip Bond Trading (coupons and residuals),Issuer
66,2019-07-01,7,2019,Strip Bond Trading (coupons and residuals)_Non-Residents,79,STRIP_MUNI,Strip Bond Trading (coupons and residuals),Non-Residents
54,2019-07-01,7,2019,Strip Bond Trading (coupons and residuals)_Retail Clients,467,STRIP_MUNI,Strip Bond Trading (coupons and residuals),Retail Clients
103,2019-08-01,8,2019,Municipal bonds_Anonymous Systems: IDBBs and ATSs,459,STRIP_MUNI,Municipal bonds,Anonymous Systems: IDBBs and ATSs
115,2019-08-01,8,2019,Municipal bonds_Banks,97,STRIP_MUNI,Municipal bonds,Banks
127,2019-08-01,8,2019,Municipal bonds_Institutional Clients,1324,STRIP_MUNI,Municipal bonds,Institutional Clients
91,2019-08-01,8,2019,Municipal bonds_Investment Dealers,160,STRIP_MUNI,Municipal bonds,Investment Dealers
163,2019-08-01,8,2019,Municipal bonds_Issuer,0,STRIP_MUNI,Municipal bonds,Issuer
151,2019-08-01,8,2019,Municipal bonds_Non-Residents,212,STRIP_MUNI,Municipal bonds,Non-Residents
139,2019-08-01,8,2019,Municipal bonds_Retail Clients,88,STRIP_MUNI,Municipal bonds,Retail Clients
19,2019-08-01,8,2019,Strip Bond Trading (coupons and residuals)_Anonymous Systems: IDBBs and ATSs,228,STRIP_MUNI,Strip Bond Trading (coupons and residuals),Anonymous Systems: IDBBs and ATSs
31,2019-08-01,8,2019,Strip Bond Trading (coupons and residuals)_Banks,133,STRIP_MUNI,Strip Bond Trading (coupons and residuals),Banks
43,2019-08-01,8,2019,Strip Bond Trading (coupons and residuals)_Institutional Clients,1703,STRIP_MUNI,Strip Bond Trading (coupons and residuals),Institutional Clients
7,2019-08-01,8,2019,Strip Bond Trading (coupons and residuals)_Investment Dealers,244,STRIP_MUNI,Strip Bond Trading (coupons and residuals),Investment Dealers
79,2019-08-01,8,2019,Strip Bond Trading (coupons and residuals)_Issuer,0,STRIP_MUNI,Strip Bond Trading (coupons and residuals),Issuer
67,2019-08-01,8,2019,Strip Bond Trading (coupons and residuals)_Non-Residents,289,STRIP_MUNI,Strip Bond Trading (coupons and residuals),Non-Residents
55,2019-08-01,8,2019,Strip Bond Trading (coupons and residuals)_Retail Clients,312,STRIP_MUNI,Strip Bond Trading (coupons and residuals),Retail Clients
104,2019-09-01,9,2019,Municipal bonds_Anonymous Systems: IDBBs and ATSs,442,STRIP_MUNI,Municipal bonds,Anonymous Systems: IDBBs and ATSs
116,2019-09-01,9,2019,Municipal bonds_Banks,165,STRIP_MUNI,Municipal bonds,Banks
128,2019-09-01,9,2019,Municipal bonds_Institutional Clients,1320,STRIP_MUNI,Municipal bonds,Institutional Clients
92,2019-09-01,9,2019,Municipal bonds_Investment Dealers,236,STRIP_MUNI,Municipal bonds,Investment Dealers
164,2019-09-01,9,2019,Municipal bonds_Issuer,2,STRIP_MUNI,Municipal bonds,Issuer
152,2019-09-01,9,2019,Municipal bonds_Non-Residents,274,STRIP_MUNI,Municipal bonds,Non-Residents
140,2019-09-01,9,2019,Municipal bonds_Retail Clients,128,STRIP_MUNI,Municipal bonds,Retail Clients
20,2019-09-01,9,2019,Strip Bond Trading (coupons and residuals)_Anonymous Systems: IDBBs and ATSs,173,STRIP_MUNI,Strip Bond Trading (coupons and residuals),Anonymous Systems: IDBBs and ATSs
32,2019-09-01,9,2019,Strip Bond Trading (coupons and residuals)_Banks,342,STRIP_MUNI,Strip Bond Trading (coupons and residuals),Banks
44,2019-09-01,9,2019,Strip Bond Trading (coupons and residuals)_Institutional Clients,2724,STRIP_MUNI,Strip Bond Trading (coupons and residuals),Institutional Clients
8,2019-09-01,9,2019,Strip Bond Trading (coupons and residuals)_Investment Dealers,197,STRIP_MUNI,Strip Bond Trading (coupons and residuals),Investment Dealers
80,2019-09-01,9,2019,Strip Bond Trading (coupons and residuals)_Issuer,92,STRIP_MUNI,Strip Bond Trading (coupons and residuals),Issuer
68,2019-09-01,9,2019,Strip Bond Trading (coupons and residuals)_Non-Residents,134,STRIP_MUNI,Strip Bond Trading (coupons and residuals),Non-Residents
56,2019-09-01,9,2019,Strip Bond Trading (coupons and residuals)_Retail Clients,506,STRIP_MUNI,Strip Bond Trading (coupons and residuals),Retail Clients
105,2019-10-01,10,2019,Municipal bonds_Anonymous Systems: IDBBs and ATSs,884,STRIP_MUNI,Municipal bonds,Anonymous Systems: IDBBs and ATSs
117,2019-10-01,10,2019,Municipal bonds_Banks,202,STRIP_MUNI,Municipal bonds,Banks
129,2019-10-01,10,2019,Municipal bonds_Institutional Clients,1578,STRIP_MUNI,Municipal bonds,Institutional Clients
93,2019-10-01,10,2019,Municipal bonds_Investment Dealers,212,STRIP_MUNI,Municipal bonds,Investment Dealers
165,2019-10-01,10,2019,Municipal bonds_Issuer,0,STRIP_MUNI,Municipal bonds,Issuer
153,2019-10-01,10,2019,Municipal bonds_Non-Residents,391,STRIP_MUNI,Municipal bonds,Non-Residents
141,2019-10-01,10,2019,Municipal bonds_Retail Clients,136,STRIP_MUNI,Municipal bonds,Retail Clients
21,2019-10-01,10,2019,Strip Bond Trading (coupons and residuals)_Anonymous Systems: IDBBs and ATSs,282,STRIP_MUNI,Strip Bond Trading (coupons and residuals),Anonymous Systems: IDBBs and ATSs
33,2019-10-01,10,2019,Strip Bond Trading (coupons and residuals)_Banks,341,STRIP_MUNI,Strip Bond Trading (coupons and residuals),Banks
45,2019-10-01,10,2019,Strip Bond Trading (coupons and residuals)_Institutional Clients,5101,STRIP_MUNI,Strip Bond Trading (coupons and residuals),Institutional Clients
9,2019-10-01,10,2019,Strip Bond Trading (coupons and residuals)_Investment Dealers,338,STRIP_MUNI,Strip Bond Trading (coupons and residuals),Investment Dealers
81,2019-10-01,10,2019,Strip Bond Trading (coupons and residuals)_Issuer,30,STRIP_MUNI,Strip Bond Trading (coupons and residuals),Issuer
69,2019-10-01,10,2019,Strip Bond Trading (coupons and residuals)_Non-Residents,210,STRIP_MUNI,Strip Bond Trading (coupons and residuals),Non-Residents
57,2019-10-01,10,2019,Strip Bond Trading (coupons and residuals)_Retail Clients,383,STRIP_MUNI,Strip Bond Trading (coupons and residuals),Retail Clients
106,2019-11-01,11,2019,Municipal bonds_Anonymous Systems: IDBBs and ATSs,793,STRIP_MUNI,Municipal bonds,Anonymous Systems: IDBBs and ATSs
118,2019-11-01,11,2019,Municipal bonds_Banks,282,STRIP_MUNI,Municipal bonds,Banks
130,2019-11-01,11,2019,Municipal bonds_Institutional Clients,2726,STRIP_MUNI,Municipal bonds,Institutional Clients
94,2019-11-01,11,2019,Municipal bonds_Investment Dealers,315,STRIP_MUNI,Municipal bonds,Investment Dealers
166,2019-11-01,11,2019,Municipal bonds_Issuer,4,STRIP_MUNI,Municipal bonds,Issuer
154,2019-11-01,11,2019,Municipal bonds_Non-Residents,510,STRIP_MUNI,Municipal bonds,Non-Residents
142,2019-11-01,11,2019,Municipal bonds_Retail Clients,132,STRIP_MUNI,Municipal bonds,Retail Clients
22,2019-11-01,11,2019,Strip Bond Trading (coupons and residuals)_Anonymous Systems: IDBBs and ATSs,143,STRIP_MUNI,Strip Bond Trading (coupons and residuals),Anonymous Systems: IDBBs and ATSs
34,2019-11-01,11,2019,Strip Bond Trading (coupons and residuals)_Banks,77,STRIP_MUNI,Strip Bond Trading (coupons and residuals),Banks
46,2019-11-01,11,2019,Strip Bond Trading (coupons and residuals)_Institutional Clients,3362,STRIP_MUNI,Strip Bond Trading (coupons and residuals),Institutional Clients
10,2019-11-01,11,2019,Strip Bond Trading (coupons and residuals)_Investment Dealers,169,STRIP_MUNI,Strip Bond Trading (coupons and residuals),Investment Dealers
82,2019-11-01,11,2019,Strip Bond Trading (coupons and residuals)_Issuer,62,STRIP_MUNI,Strip Bond Trading (coupons and residuals),Issuer
70,2019-11-01,11,2019,Strip Bond Trading (coupons and residuals)_Non-Residents,96,STRIP_MUNI,Strip Bond Trading (coupons and residuals),Non-Residents
58,2019-11-01,11,2019,Strip Bond Trading (coupons and residuals)_Retail Clients,238,STRIP_MUNI,Strip Bond Trading (coupons and residuals),Retail Clients
107,2019-12-01,12,2019,Municipal bonds_Anonymous Systems: IDBBs and ATSs,467,STRIP_MUNI,Municipal bonds,Anonymous Systems: IDBBs and ATSs
119,2019-12-01,12,2019,Municipal bonds_Banks,48,STRIP_MUNI,Municipal bonds,Banks
131,2019-12-01,12,2019,Municipal bonds_Institutional Clients,1462,STRIP_MUNI,Municipal bonds,Institutional Clients
95,2019-12-01,12,2019,Municipal bonds_Investment Dealers,145,STRIP_MUNI,Municipal bonds,Investment Dealers
167,2019-12-01,12,2019,Municipal bonds_Issuer,18,STRIP_MUNI,Municipal bonds,Issuer
155,2019-12-01,12,2019,Municipal bonds_Non-Residents,162,STRIP_MUNI,Municipal bonds,Non-Residents
143,2019-12-01,12,2019,Municipal bonds_Retail Clients,140,STRIP_MUNI,Municipal bonds,Retail Clients
23,2019-12-01,12,2019,Strip Bond Trading (coupons and residuals)_Anonymous Systems: IDBBs and ATSs,126,STRIP_MUNI,Strip Bond Trading (coupons and residuals),Anonymous Systems: IDBBs and ATSs
35,2019-12-01,12,2019,Strip Bond Trading (coupons and residuals)_Banks,26,STRIP_MUNI,Strip Bond Trading (coupons and residuals),Banks
47,2019-12-01,12,2019,Strip Bond Trading (coupons and residuals)_Institutional Clients,3345,STRIP_MUNI,Strip Bond Trading (coupons and residuals),Institutional Clients
11,2019-12-01,12,2019,Strip Bond Trading (coupons and residuals)_Investment Dealers,155,STRIP_MUNI,Strip Bond Trading (coupons and residuals),Investment Dealers
83,2019-12-01,12,2019,Strip Bond Trading (coupons and residuals)_Issuer,63,STRIP_MUNI,Strip Bond Trading (coupons and residuals),Issuer
71,2019-12-01,12,2019,Strip Bond Trading (coupons and residuals)_Non-Residents,121,STRIP_MUNI,Strip Bond Trading (coupons and residuals),Non-Residents
59,2019-12-01,12,2019,Strip Bond Trading (coupons and residuals)_Retail Clients,337,STRIP_MUNI,Strip Bond Trading (coupons and residuals),Retail Clients
96,2020-01-01,1,2020,Municipal bonds_Anonymous Systems: IDBBs and ATSs,1382.4195,STRIP_MUNI,Municipal bonds,Anonymous Systems: IDBBs and ATSs
108,2020-01-01,1,2020,Municipal bonds_Banks,122.2545,STRIP_MUNI,Municipal bonds,Banks
120,2020-01-01,1,2020,Municipal bonds_Institutional Clients,2338.229268,STRIP_MUNI,Municipal bonds,Institutional Clients
84,2020-01-01,1,2020,Municipal bonds_Investment Dealers,258.766,STRIP_MUNI,Municipal bonds,Investment Dealers
156,2020-01-01,1,2020,Municipal bonds_Issuer,34.45,STRIP_MUNI,Municipal bonds,Issuer
144,2020-01-01,1,2020,Municipal bonds_Non-Residents,117.29079,STRIP_MUNI,Municipal bonds,Non-Residents
132,2020-01-01,1,2020,Municipal bonds_Retail Clients,145.799699,STRIP_MUNI,Municipal bonds,Retail Clients
12,2020-01-01,1,2020,Strip Bond Trading (coupons and residuals)_Anonymous Systems: IDBBs and ATSs,65.247645,STRIP_MUNI,Strip Bond Trading (coupons and residuals),Anonymous Systems: IDBBs and ATSs
24,2020-01-01,1,2020,Strip Bond Trading (coupons and residuals)_Banks,68.363886,STRIP_MUNI,Strip Bond Trading (coupons and residuals),Banks
36,2020-01-01,1,2020,Strip Bond Trading (coupons and residuals)_Institutional Clients,3187.583141,STRIP_MUNI,Strip Bond Trading (coupons and residuals),Institutional Clients
0,2020-01-01,1,2020,Strip Bond Trading (coupons and residuals)_Investment Dealers,92.584347,STRIP_MUNI,Strip Bond Trading (coupons and residuals),Investment Dealers
72,2020-01-01,1,2020,Strip Bond Trading (coupons and residuals)_Issuer,67,STRIP_MUNI,Strip Bond Trading (coupons and residuals),Issuer
60,2020-01-01,1,2020,Strip Bond Trading (coupons and residuals)_Non-Residents,100.772646,STRIP_MUNI,Strip Bond Trading (coupons and residuals),Non-Residents
48,2020-01-01,1,2020,Strip Bond Trading (coupons and residuals)_Retail Clients,309.014691,STRIP_MUNI,Strip Bond Trading (coupons and residuals),Retail Clients
97,2020-02-01,2,2020,Municipal bonds_Anonymous Systems: IDBBs and ATSs,909.565,STRIP_MUNI,Municipal bonds,Anonymous Systems: IDBBs and ATSs
109,2020-02-01,2,2020,Municipal bonds_Banks,60.9215,STRIP_MUNI,Municipal bonds,Banks
121,2020-02-01,2,2020,Municipal bonds_Institutional Clients,2256.161796,STRIP_MUNI,Municipal bonds,Institutional Clients
85,2020-02-01,2,2020,Municipal bonds_Investment Dealers,178.989,STRIP_MUNI,Municipal bonds,Investment Dealers
157,2020-02-01,2,2020,Municipal bonds_Issuer,22.82,STRIP_MUNI,Municipal bonds,Issuer
145,2020-02-01,2,2020,Municipal bonds_Non-Residents,287.961872,STRIP_MUNI,Municipal bonds,Non-Residents
133,2020-02-01,2,2020,Municipal bonds_Retail Clients,129.490066,STRIP_MUNI,Municipal bonds,Retail Clients
13,2020-02-01,2,2020,Strip Bond Trading (coupons and residuals)_Anonymous Systems: IDBBs and ATSs,130.519014,STRIP_MUNI,Strip Bond Trading (coupons and residuals),Anonymous Systems: IDBBs and ATSs
25,2020-02-01,2,2020,Strip Bond Trading (coupons and residuals)_Banks,30.343388,STRIP_MUNI,Strip Bond Trading (coupons and residuals),Banks
37,2020-02-01,2,2020,Strip Bond Trading (coupons and residuals)_Institutional Clients,4544.608604,STRIP_MUNI,Strip Bond Trading (coupons and residuals),Institutional Clients
1,2020-02-01,2,2020,Strip Bond Trading (coupons and residuals)_Investment Dealers,73.896584,STRIP_MUNI,Strip Bond Trading (coupons and residuals),Investment Dealers
73,2020-02-01,2,2020,Strip Bond Trading (coupons and residuals)_Issuer,78,STRIP_MUNI,Strip Bond Trading (coupons and residuals),Issuer
61,2020-02-01,2,2020,Strip Bond Trading (coupons and residuals)_Non-Residents,186.49592,STRIP_MUNI,Strip Bond Trading (coupons and residuals),Non-Residents
49,2020-02-01,2,2020,Strip Bond Trading (coupons and residuals)_Retail Clients,307.924321,STRIP_MUNI,Strip Bond Trading (coupons and residuals),Retail Clients
98,2020-03-01,3,2020,Municipal bonds_Anonymous Systems: IDBBs and ATSs,373.3855,STRIP_MUNI,Municipal bonds,Anonymous Systems: IDBBs and ATSs
110,2020-03-01,3,2020,Municipal bonds_Banks,134.03,STRIP_MUNI,Municipal bonds,Banks
122,2020-03-01,3,2020,Municipal bonds_Institutional Clients,1124.993669,STRIP_MUNI,Municipal bonds,Institutional Clients
86,2020-03-01,3,2020,Municipal bonds_Investment Dealers,133.0665,STRIP_MUNI,Municipal bonds,Investment Dealers
158,2020-03-01,3,2020,Municipal bonds_Issuer,3.017,STRIP_MUNI,Municipal bonds,Issuer
146,2020-03-01,3,2020,Municipal bonds_Non-Residents,503.7346,STRIP_MUNI,Municipal bonds,Non-Residents
134,2020-03-01,3,2020,Municipal bonds_Retail Clients,177.302967,STRIP_MUNI,Municipal bonds,Retail Clients
14,2020-03-01,3,2020,Strip Bond Trading (coupons and residuals)_Anonymous Systems: IDBBs and ATSs,128.444694,STRIP_MUNI,Strip Bond Trading (coupons and residuals),Anonymous Systems: IDBBs and ATSs
26,2020-03-01,3,2020,Strip Bond Trading (coupons and residuals)_Banks,96.155757,STRIP_MUNI,Strip Bond Trading (coupons and residuals),Banks
38,2020-03-01,3,2020,Strip Bond Trading (coupons and residuals)_Institutional Clients,3938.919901,STRIP_MUNI,Strip Bond Trading (coupons and residuals),Institutional Clients
2,2020-03-01,3,2020,Strip Bond Trading (coupons and residuals)_Investment Dealers,49.978993,STRIP_MUNI,Strip Bond Trading (coupons and residuals),Investment Dealers
74,2020-03-01,3,2020,Strip Bond Trading (coupons and residuals)_Issuer,0,STRIP_MUNI,Strip Bond Trading (coupons and residuals),Issuer
62,2020-03-01,3,2020,Strip Bond Trading (coupons and residuals)_Non-Residents,475.023349,STRIP_MUNI,Strip Bond Trading (coupons and residuals),Non-Residents
50,2020-03-01,3,2020,Strip Bond Trading (coupons and residuals)_Retail Clients,490.434219,STRIP_MUNI,Strip Bond Trading (coupons and residuals),Retail Clients
99,2020-04-01,4,2020,Municipal bonds_Anonymous Systems: IDBBs and ATSs,647.2795,STRIP_MUNI,Municipal bonds,Anonymous Systems: IDBBs and ATSs
111,2020-04-01,4,2020,Municipal bonds_Banks,136.3875,STRIP_MUNI,Municipal bonds,Banks
123,2020-04-01,4,2020,Municipal bonds_Institutional Clients,1687.666819,STRIP_MUNI,Municipal bonds,Institutional Clients
87,2020-04-01,4,2020,Municipal bonds_Investment Dealers,227.875,STRIP_MUNI,Municipal bonds,Investment Dealers
159,2020-04-01,4,2020,Municipal bonds_Issuer,62.854,STRIP_MUNI,Municipal bonds,Issuer
147,2020-04-01,4,2020,Municipal bonds_Non-Residents,350.1377,STRIP_MUNI,Municipal bonds,Non-Residents
135,2020-04-01,4,2020,Municipal bonds_Retail Clients,122.952724,STRIP_MUNI,Municipal bonds,Retail Clients
15,2020-04-01,4,2020,Strip Bond Trading (coupons and residuals)_Anonymous Systems: IDBBs and ATSs,1.835254,STRIP_MUNI,Strip Bond Trading (coupons and residuals),Anonymous Systems: IDBBs and ATSs
27,2020-04-01,4,2020,Strip Bond Trading (coupons and residuals)_Banks,15.525834,STRIP_MUNI,Strip Bond Trading (coupons and residuals),Banks
39,2020-04-01,4,2020,Strip Bond Trading (coupons and residuals)_Institutional Clients,3471.326341,STRIP_MUNI,Strip Bond Trading (coupons and residuals),Institutional Clients
3,2020-04-01,4,2020,Strip Bond Trading (coupons and residuals)_Investment Dealers,102.412795,STRIP_MUNI,Strip Bond Trading (coupons and residuals),Investment Dealers
75,2020-04-01,4,2020,Strip Bond Trading (coupons and residuals)_Issuer,20,STRIP_MUNI,Strip Bond Trading (coupons and residuals),Issuer
63,2020-04-01,4,2020,Strip Bond Trading (coupons and residuals)_Non-Residents,192.181109,STRIP_MUNI,Strip Bond Trading (coupons and residuals),Non-Residents
51,2020-04-01,4,2020,Strip Bond Trading (coupons and residuals)_Retail Clients,433.703175,STRIP_MUNI,Strip Bond Trading (coupons and residuals),Retail Clients
100,2020-05-01,5,2020,Municipal bonds_Anonymous Systems: IDBBs and ATSs,809.026,STRIP_MUNI,Municipal bonds,Anonymous Systems: IDBBs and ATSs
112,2020-05-01,5,2020,Municipal bonds_Banks,262.274,STRIP_MUNI,Municipal bonds,Banks
124,2020-05-01,5,2020,Municipal bonds_Institutional Clients,2570.179,STRIP_MUNI,Municipal bonds,Institutional Clients
88,2020-05-01,5,2020,Municipal bonds_Investment Dealers,396.218,STRIP_MUNI,Municipal bonds,Investment Dealers
160,2020-05-01,5,2020,Municipal bonds_Issuer,42.402,STRIP_MUNI,Municipal bonds,Issuer
148,2020-05-01,5,2020,Municipal bonds_Non-Residents,152.3584,STRIP_MUNI,Municipal bonds,Non-Residents
136,2020-05-01,5,2020,Municipal bonds_Retail Clients,127.985968,STRIP_MUNI,Municipal bonds,Retail Clients
16,2020-05-01,5,2020,Strip Bond Trading (coupons and residuals)_Anonymous Systems: IDBBs and ATSs,33.262744,STRIP_MUNI,Strip Bond Trading (coupons and residuals),Anonymous Systems: IDBBs and ATSs
28,2020-05-01,5,2020,Strip Bond Trading (coupons and residuals)_Banks,46.480166,STRIP_MUNI,Strip Bond Trading (coupons and residuals),Banks
40,2020-05-01,5,2020,Strip Bond Trading (coupons and residuals)_Institutional Clients,4110.905796,STRIP_MUNI,Strip Bond Trading (coupons and residuals),Institutional Clients
4,2020-05-01,5,2020,Strip Bond Trading (coupons and residuals)_Investment Dealers,46.109914,STRIP_MUNI,Strip Bond Trading (coupons and residuals),Investment Dealers
76,2020-05-01,5,2020,Strip Bond Trading (coupons and residuals)_Issuer,56,STRIP_MUNI,Strip Bond Trading (coupons and residuals),Issuer
64,2020-05-01,5,2020,Strip Bond Trading (coupons and residuals)_Non-Residents,242.981022,STRIP_MUNI,Strip Bond Trading (coupons and residuals),Non-Residents
52,2020-05-01,5,2020,Strip Bond Trading (coupons and residuals)_Retail Clients,425.967013,STRIP_MUNI,Strip Bond Trading (coupons and residuals),Retail Clients
101,2020-06-01,6,2020,Municipal bonds_Anonymous Systems: IDBBs and ATSs,1303.1275,STRIP_MUNI,Municipal bonds,Anonymous Systems: IDBBs and ATSs
113,2020-06-01,6,2020,Municipal bonds_Banks,166.0105,STRIP_MUNI,Municipal bonds,Banks
125,2020-06-01,6,2020,Municipal bonds_Institutional Clients,1906.746999,STRIP_MUNI,Municipal bonds,Institutional Clients
89,2020-06-01,6,2020,Municipal bonds_Investment Dealers,547.476,STRIP_MUNI,Municipal bonds,Investment Dealers
161,2020-06-01,6,2020,Municipal bonds_Issuer,16.972,STRIP_MUNI,Municipal bonds,Issuer
149,2020-06-01,6,2020,Municipal bonds_Non-Residents,282.3191,STRIP_MUNI,Municipal bonds,Non-Residents
137,2020-06-01,6,2020,Municipal bonds_Retail Clients,517.193696,STRIP_MUNI,Municipal bonds,Retail Clients
17,2020-06-01,6,2020,Strip Bond Trading (coupons and residuals)_Anonymous Systems: IDBBs and ATSs,201.34581,STRIP_MUNI,Strip Bond Trading (coupons and residuals),Anonymous Systems: IDBBs and ATSs
29,2020-06-01,6,2020,Strip Bond Trading (coupons and residuals)_Banks,231.281695,STRIP_MUNI,Strip Bond Trading (coupons and residuals),Banks
41,2020-06-01,6,2020,Strip Bond Trading (coupons and residuals)_Institutional Clients,3382.531772,STRIP_MUNI,Strip Bond Trading (coupons and residuals),Institutional Clients
5,2020-06-01,6,2020,Strip Bond Trading (coupons and residuals)_Investment Dealers,288.4723,STRIP_MUNI,Strip Bond Trading (coupons and residuals),Investment Dealers
77,2020-06-01,6,2020,Strip Bond Trading (coupons and residuals)_Issuer,13,STRIP_MUNI,Strip Bond Trading (coupons and residuals),Issuer
65,2020-06-01,6,2020,Strip Bond Trading (coupons and residuals)_Non-Residents,638.776792,STRIP_MUNI,Strip Bond Trading (coupons and residuals),Non-Residents
53,2020-06-01,6,2020,Strip Bond Trading (coupons and residuals)_Retail Clients,423.757008,STRIP_MUNI,Strip Bond Trading (coupons and residuals),Retail Clients
102,2020-07-01,7,2020,Municipal bonds_Anonymous Systems: IDBBs and ATSs,921.434,STRIP_MUNI,Municipal bonds,Anonymous Systems: IDBBs and ATSs
114,2020-07-01,7,2020,Municipal bonds_Banks,124.866,STRIP_MUNI,Municipal bonds,Banks
126,2020-07-01,7,2020,Municipal bonds_Institutional Clients,1358.029,STRIP_MUNI,Municipal bonds,Institutional Clients
90,2020-07-01,7,2020,Municipal bonds_Investment Dealers,323.3365,STRIP_MUNI,Municipal bonds,Investment Dealers
162,2020-07-01,7,2020,Municipal bonds_Issuer,54.413,STRIP_MUNI,Municipal bonds,Issuer
150,2020-07-01,7,2020,Municipal bonds_Non-Residents,281.7665,STRIP_MUNI,Municipal bonds,Non-Residents
138,2020-07-01,7,2020,Municipal bonds_Retail Clients,146.398213,STRIP_MUNI,Municipal bonds,Retail Clients
18,2020-07-01,7,2020,Strip Bond Trading (coupons and residuals)_Anonymous Systems: IDBBs and ATSs,67.776721,STRIP_MUNI,Strip Bond Trading (coupons and residuals),Anonymous Systems: IDBBs and ATSs
30,2020-07-01,7,2020,Strip Bond Trading (coupons and residuals)_Banks,60.926677,STRIP_MUNI,Strip Bond Trading (coupons and residuals),Banks
42,2020-07-01,7,2020,Strip Bond Trading (coupons and residuals)_Institutional Clients,3221.74281,STRIP_MUNI,Strip Bond Trading (coupons and residuals),Institutional Clients
6,2020-07-01,7,2020,Strip Bond Trading (coupons and residuals)_Investment Dealers,57.534353,STRIP_MUNI,Strip Bond Trading (coupons and residuals),Investment Dealers
78,2020-07-01,7,2020,Strip Bond Trading (coupons and residuals)_Issuer,20.148,STRIP_MUNI,Strip Bond Trading (coupons and residuals),Issuer
66,2020-07-01,7,2020,Strip Bond Trading (coupons and residuals)_Non-Residents,158.303412,STRIP_MUNI,Strip Bond Trading (coupons and residuals),Non-Residents
54,2020-07-01,7,2020,Strip Bond Trading (coupons and residuals)_Retail Clients,342.982734,STRIP_MUNI,Strip Bond Trading (coupons and residuals),Retail Clients
103,2020-08-01,8,2020,Municipal bonds_Anonymous Systems: IDBBs and ATSs,773.3,STRIP_MUNI,Municipal bonds,Anonymous Systems: IDBBs and ATSs
115,2020-08-01,8,2020,Municipal bonds_Banks,197.492,STRIP_MUNI,Municipal bonds,Banks
127,2020-08-01,8,2020,Municipal bonds_Institutional Clients,1481.964471,STRIP_MUNI,Municipal bonds,Institutional Clients
91,2020-08-01,8,2020,Municipal bonds_Investment Dealers,512.9575,STRIP_MUNI,Municipal bonds,Investment Dealers
163,2020-08-01,8,2020,Municipal bonds_Issuer,46.677,STRIP_MUNI,Municipal bonds,Issuer
151,2020-08-01,8,2020,Municipal bonds_Non-Residents,446.827,STRIP_MUNI,Municipal bonds,Non-Residents
139,2020-08-01,8,2020,Municipal bonds_Retail Clients,89.165746,STRIP_MUNI,Municipal bonds,Retail Clients
19,2020-08-01,8,2020,Strip Bond Trading (coupons and residuals)_Anonymous Systems: IDBBs and ATSs,106.932497,STRIP_MUNI,Strip Bond Trading (coupons and residuals),Anonymous Systems: IDBBs and ATSs
31,2020-08-01,8,2020,Strip Bond Trading (coupons and residuals)_Banks,123.739748,STRIP_MUNI,Strip Bond Trading (coupons and residuals),Banks
43,2020-08-01,8,2020,Strip Bond Trading (coupons and residuals)_Institutional Clients,2811.504805,STRIP_MUNI,Strip Bond Trading (coupons and residuals),Institutional Clients
7,2020-08-01,8,2020,Strip Bond Trading (coupons and residuals)_Investment Dealers,39.471363,STRIP_MUNI,Strip Bond Trading (coupons and residuals),Investment Dealers
79,2020-08-01,8,2020,Strip Bond Trading (coupons and residuals)_Issuer,52.7,STRIP_MUNI,Strip Bond Trading (coupons and residuals),Issuer
67,2020-08-01,8,2020,Strip Bond Trading (coupons and residuals)_Non-Residents,192.643653,STRIP_MUNI,Strip Bond Trading (coupons and residuals),Non-Residents
55,2020-08-01,8,2020,Strip Bond Trading (coupons and residuals)_Retail Clients,134.523374,STRIP_MUNI,Strip Bond Trading (coupons and residuals),Retail Clients
104,2020-09-01,9,2020,Municipal bonds_Anonymous Systems: IDBBs and ATSs,1453.014,STRIP_MUNI,Municipal bonds,Anonymous Systems: IDBBs and ATSs
116,2020-09-01,9,2020,Municipal bonds_Banks,128.9605,STRIP_MUNI,Municipal bonds,Banks
128,2020-09-01,9,2020,Municipal bonds_Institutional Clients,1741.019,STRIP_MUNI,Municipal bonds,Institutional Clients
92,2020-09-01,9,2020,Municipal bonds_Investment Dealers,364.702652,STRIP_MUNI,Municipal bonds,Investment Dealers
164,2020-09-01,9,2020,Municipal bonds_Issuer,17.881,STRIP_MUNI,Municipal bonds,Issuer
152,2020-09-01,9,2020,Municipal bonds_Non-Residents,207.93298,STRIP_MUNI,Municipal bonds,Non-Residents
140,2020-09-01,9,2020,Municipal bonds_Retail Clients,119.398191,STRIP_MUNI,Municipal bonds,Retail Clients
20,2020-09-01,9,2020,Strip Bond Trading (coupons and residuals)_Anonymous Systems: IDBBs and ATSs,57.195679,STRIP_MUNI,Strip Bond Trading (coupons and residuals),Anonymous Systems: IDBBs and ATSs
32,2020-09-01,9,2020,Strip Bond Trading (coupons and residuals)_Banks,124.86105,STRIP_MUNI,Strip Bond Trading (coupons and residuals),Banks
44,2020-09-01,9,2020,Strip Bond Trading (coupons and residuals)_Institutional Clients,4343.403096,STRIP_MUNI,Strip Bond Trading (coupons and residuals),Institutional Clients
8,2020-09-01,9,2020,Strip Bond Trading (coupons and residuals)_Investment Dealers,202.103282,STRIP_MUNI,Strip Bond Trading (coupons and residuals),Investment Dealers
80,2020-09-01,9,2020,Strip Bond Trading (coupons and residuals)_Issuer,76.66,STRIP_MUNI,Strip Bond Trading (coupons and residuals),Issuer
68,2020-09-01,9,2020,Strip Bond Trading (coupons and residuals)_Non-Residents,89.81631,STRIP_MUNI,Strip Bond Trading (coupons and residuals),Non-Residents
56,2020-09-01,9,2020,Strip Bond Trading (coupons and residuals)_Retail Clients,208.503416,STRIP_MUNI,Strip Bond Trading (coupons and residuals),Retail Clients
105,2020-10-01,10,2020,Municipal bonds_Anonymous Systems: IDBBs and ATSs,1283.496,STRIP_MUNI,Municipal bonds,Anonymous Systems: IDBBs and ATSs
117,2020-10-01,10,2020,Municipal bonds_Banks,326.9375,STRIP_MUNI,Municipal bonds,Banks
129,2020-10-01,10,2020,Municipal bonds_Institutional Clients,2149.701822,STRIP_MUNI,Municipal bonds,Institutional Clients
93,2020-10-01,10,2020,Municipal bonds_Investment Dealers,746.0265,STRIP_MUNI,Municipal bonds,Investment Dealers
165,2020-10-01,10,2020,Municipal bonds_Issuer,37.356,STRIP_MUNI,Municipal bonds,Issuer
153,2020-10-01,10,2020,Municipal bonds_Non-Residents,489.246184,STRIP_MUNI,Municipal bonds,Non-Residents
141,2020-10-01,10,2020,Municipal bonds_Retail Clients,105.858799,STRIP_MUNI,Municipal bonds,Retail Clients
21,2020-10-01,10,2020,Strip Bond Trading (coupons and residuals)_Anonymous Systems: IDBBs and ATSs,35.122841,STRIP_MUNI,Strip Bond Trading (coupons and residuals),Anonymous Systems: IDBBs and ATSs
33,2020-10-01,10,2020,Strip Bond Trading (coupons and residuals)_Banks,434.939389,STRIP_MUNI,Strip Bond Trading (coupons and residuals),Banks
45,2020-10-01,10,2020,Strip Bond Trading (coupons and residuals)_Institutional Clients,4277.531855,STRIP_MUNI,Strip Bond Trading (coupons and residuals),Institutional Clients
9,2020-10-01,10,2020,Strip Bond Trading (coupons and residuals)_Investment Dealers,305.893319,STRIP_MUNI,Strip Bond Trading (coupons and residuals),Investment Dealers
81,2020-10-01,10,2020,Strip Bond Trading (coupons and residuals)_Issuer,259,STRIP_MUNI,Strip Bond Trading (coupons and residuals),Issuer
69,2020-10-01,10,2020,Strip Bond Trading (coupons and residuals)_Non-Residents,169.486677,STRIP_MUNI,Strip Bond Trading (coupons and residuals),Non-Residents
57,2020-10-01,10,2020,Strip Bond Trading (coupons and residuals)_Retail Clients,244.274796,STRIP_MUNI,Strip Bond Trading (coupons and residuals),Retail Clients
106,2020-11-01,11,2020,Municipal bonds_Anonymous Systems: IDBBs and ATSs,1656.246,STRIP_MUNI,Municipal bonds,Anonymous Systems: IDBBs and ATSs
118,2020-11-01,11,2020,Municipal bonds_Banks,149.1075,STRIP_MUNI,Municipal bonds,Banks
130,2020-11-01,11,2020,Municipal bonds_Institutional Clients,1469.404863,STRIP_MUNI,Municipal bonds,Institutional Clients
94,2020-11-01,11,2020,Municipal bonds_Investment Dealers,672.381132,STRIP_MUNI,Municipal bonds,Investment Dealers
166,2020-11-01,11,2020,Municipal bonds_Issuer,36.928,STRIP_MUNI,Municipal bonds,Issuer
154,2020-11-01,11,2020,Municipal bonds_Non-Residents,240.85918,STRIP_MUNI,Municipal bonds,Non-Residents
142,2020-11-01,11,2020,Municipal bonds_Retail Clients,96.596506,STRIP_MUNI,Municipal bonds,Retail Clients
22,2020-11-01,11,2020,Strip Bond Trading (coupons and residuals)_Anonymous Systems: IDBBs and ATSs,99.854981,STRIP_MUNI,Strip Bond Trading (coupons and residuals),Anonymous Systems: IDBBs and ATSs
34,2020-11-01,11,2020,Strip Bond Trading (coupons and residuals)_Banks,348.507604,STRIP_MUNI,Strip Bond Trading (coupons and residuals),Banks
46,2020-11-01,11,2020,Strip Bond Trading (coupons and residuals)_Institutional Clients,4055.742467,STRIP_MUNI,Strip Bond Trading (coupons and residuals),Institutional Clients
10,2020-11-01,11,2020,Strip Bond Trading (coupons and residuals)_Investment Dealers,352.303379,STRIP_MUNI,Strip Bond Trading (coupons and residuals),Investment Dealers
82,2020-11-01,11,2020,Strip Bond Trading (coupons and residuals)_Issuer,206.37,STRIP_MUNI,Strip Bond Trading (coupons and residuals),Issuer
70,2020-11-01,11,2020,Strip Bond Trading (coupons and residuals)_Non-Residents,105.96117,STRIP_MUNI,Strip Bond Trading (coupons and residuals),Non-Residents
58,2020-11-01,11,2020,Strip Bond Trading (coupons and residuals)_Retail Clients,334.615194,STRIP_MUNI,Strip Bond Trading (coupons and residuals),Retail Clients
107,2020-12-01,12,2020,Municipal bonds_Anonymous Systems: IDBBs and ATSs,1010.6565,STRIP_MUNI,Municipal bonds,Anonymous Systems: IDBBs and ATSs
119,2020-12-01,12,2020,Municipal bonds_Banks,119.7805,STRIP_MUNI,Municipal bonds,Banks
131,2020-12-01,12,2020,Municipal bonds_Institutional Clients,1642.133378,STRIP_MUNI,Municipal bonds,Institutional Clients
95,2020-12-01,12,2020,Municipal bonds_Investment Dealers,699.9005,STRIP_MUNI,Municipal bonds,Investment Dealers
167,2020-12-01,12,2020,Municipal bonds_Issuer,15.425,STRIP_MUNI,Municipal bonds,Issuer
155,2020-12-01,12,2020,Municipal bonds_Non-Residents,343.61824,STRIP_MUNI,Municipal bonds,Non-Residents
143,2020-12-01,12,2020,Municipal bonds_Retail Clients,113.616536,STRIP_MUNI,Municipal bonds,Retail Clients
23,2020-12-01,12,2020,Strip Bond Trading (coupons and residuals)_Anonymous Systems: IDBBs and ATSs,48.068546,STRIP_MUNI,Strip Bond Trading (coupons and residuals),Anonymous Systems: IDBBs and ATSs
35,2020-12-01,12,2020,Strip Bond Trading (coupons and residuals)_Banks,421.913458,STRIP_MUNI,Strip Bond Trading (coupons and residuals),Banks
47,2020-12-01,12,2020,Strip Bond Trading (coupons and residuals)_Institutional Clients,3812.734937,STRIP_MUNI,Strip Bond Trading (coupons and residuals),Institutional Clients
11,2020-12-01,12,2020,Strip Bond Trading (coupons and residuals)_Investment Dealers,301.31578,STRIP_MUNI,Strip Bond Trading (coupons and residuals),Investment Dealers
83,2020-12-01,12,2020,Strip Bond Trading (coupons and residuals)_Issuer,38.7,STRIP_MUNI,Strip Bond Trading (coupons and residuals),Issuer
71,2020-12-01,12,2020,Strip Bond Trading (coupons and residuals)_Non-Residents,214.172341,STRIP_MUNI,Strip Bond Trading (coupons and residuals),Non-Residents
59,2020-12-01,12,2020,Strip Bond Trading (coupons and residuals)_Retail Clients,191.66534,STRIP_MUNI,Strip Bond Trading (coupons and residuals),Retail Clients
96,2021-01-01,1,2021,Municipal bonds_Anonymous Systems: IDBBs and ATSs,2191.345,STRIP_MUNI,Municipal bonds,Anonymous Systems: IDBBs and ATSs
108,2021-01-01,1,2021,Municipal bonds_Banks,123.4035,STRIP_MUNI,Municipal bonds,Banks
120,2021-01-01,1,2021,Municipal bonds_Institutional Clients,1666.445531,STRIP_MUNI,Municipal bonds,Institutional Clients
84,2021-01-01,1,2021,Municipal bonds_Investment Dealers,593.853247,STRIP_MUNI,Municipal bonds,Investment Dealers
156,2021-01-01,1,2021,Municipal bonds_Issuer,39.505,STRIP_MUNI,Municipal bonds,Issuer
144,2021-01-01,1,2021,Municipal bonds_Non-Residents,196.4825,STRIP_MUNI,Municipal bonds,Non-Residents
132,2021-01-01,1,2021,Municipal bonds_Retail Clients,252.90978,STRIP_MUNI,Municipal bonds,Retail Clients
12,2021-01-01,1,2021,Strip Bond Trading (coupons and residuals)_Anonymous Systems: IDBBs and ATSs,100.924048,STRIP_MUNI,Strip Bond Trading (coupons and residuals),Anonymous Systems: IDBBs and ATSs
24,2021-01-01,1,2021,Strip Bond Trading (coupons and residuals)_Banks,307.385249,STRIP_MUNI,Strip Bond Trading (coupons and residuals),Banks
36,2021-01-01,1,2021,Strip Bond Trading (coupons and residuals)_Institutional Clients,4573.709875,STRIP_MUNI,Strip Bond Trading (coupons and residuals),Institutional Clients
0,2021-01-01,1,2021,Strip Bond Trading (coupons and residuals)_Investment Dealers,363.415227,STRIP_MUNI,Strip Bond Trading (coupons and residuals),Investment Dealers
72,2021-01-01,1,2021,Strip Bond Trading (coupons and residuals)_Issuer,100.805,STRIP_MUNI,Strip Bond Trading (coupons and residuals),Issuer
60,2021-01-01,1,2021,Strip Bond Trading (coupons and residuals)_Non-Residents,98.729941,STRIP_MUNI,Strip Bond Trading (coupons and residuals),Non-Residents
48,2021-01-01,1,2021,Strip Bond Trading (coupons and residuals)_Retail Clients,208.737798,STRIP_MUNI,Strip Bond Trading (coupons and residuals),Retail Clients
97,2021-02-01,2,2021,Municipal bonds_Anonymous Systems: IDBBs and ATSs,1828.63,STRIP_MUNI,Municipal bonds,Anonymous Systems: IDBBs and ATSs
109,2021-02-01,2,2021,Municipal bonds_Banks,107.8086,STRIP_MUNI,Municipal bonds,Banks
121,2021-02-01,2,2021,Municipal bonds_Institutional Clients,1821.125826,STRIP_MUNI,Municipal bonds,Institutional Clients
85,2021-02-01,2,2021,Municipal bonds_Investment Dealers,656.6311,STRIP_MUNI,Municipal bonds,Investment Dealers
157,2021-02-01,2,2021,Municipal bonds_Issuer,21.139,STRIP_MUNI,Municipal bonds,Issuer
145,2021-02-01,2,2021,Municipal bonds_Non-Residents,222.95558,STRIP_MUNI,Municipal bonds,Non-Residents
133,2021-02-01,2,2021,Municipal bonds_Retail Clients,90.225377,STRIP_MUNI,Municipal bonds,Retail Clients
13,2021-02-01,2,2021,Strip Bond Trading (coupons and residuals)_Anonymous Systems: IDBBs and ATSs,78.065106,STRIP_MUNI,Strip Bond Trading (coupons and residuals),Anonymous Systems: IDBBs and ATSs
25,2021-02-01,2,2021,Strip Bond Trading (coupons and residuals)_Banks,211.725435,STRIP_MUNI,Strip Bond Trading (coupons and residuals),Banks
37,2021-02-01,2,2021,Strip Bond Trading (coupons and residuals)_Institutional Clients,3266.463046,STRIP_MUNI,Strip Bond Trading (coupons and residuals),Institutional Clients
1,2021-02-01,2,2021,Strip Bond Trading (coupons and residuals)_Investment Dealers,146.592217,STRIP_MUNI,Strip Bond Trading (coupons and residuals),Investment Dealers
73,2021-02-01,2,2021,Strip Bond Trading (coupons and residuals)_Issuer,81.132,STRIP_MUNI,Strip Bond Trading (coupons and residuals),Issuer
61,2021-02-01,2,2021,Strip Bond Trading (coupons and residuals)_Non-Residents,102.531925,STRIP_MUNI,Strip Bond Trading (coupons and residuals),Non-Residents
49,2021-02-01,2,2021,Strip Bond Trading (coupons and residuals)_Retail Clients,272.735538,STRIP_MUNI,Strip Bond Trading (coupons and residuals),Retail Clients
98,2021-03-01,3,2021,Municipal bonds_Anonymous Systems: IDBBs and ATSs,2598.025,STRIP_MUNI,Municipal bonds,Anonymous Systems: IDBBs and ATSs
110,2021-03-01,3,2021,Municipal bonds_Banks,344.3005,STRIP_MUNI,Municipal bonds,Banks
122,2021-03-01,3,2021,Municipal bonds_Institutional Clients,2005.586487,STRIP_MUNI,Municipal bonds,Institutional Clients
86,2021-03-01,3,2021,Municipal bonds_Investment Dealers,829.612766,STRIP_MUNI,Municipal bonds,Investment Dealers
158,2021-03-01,3,2021,Municipal bonds_Issuer,4.327,STRIP_MUNI,Municipal bonds,Issuer
146,2021-03-01,3,2021,Municipal bonds_Non-Residents,284.3761,STRIP_MUNI,Municipal bonds,Non-Residents
134,2021-03-01,3,2021,Municipal bonds_Retail Clients,330.05775,STRIP_MUNI,Municipal bonds,Retail Clients
14,2021-03-01,3,2021,Strip Bond Trading (coupons and residuals)_Anonymous Systems: IDBBs and ATSs,140.615318,STRIP_MUNI,Strip Bond Trading (coupons and residuals),Anonymous Systems: IDBBs and ATSs
26,2021-03-01,3,2021,Strip Bond Trading (coupons and residuals)_Banks,435.506449,STRIP_MUNI,Strip Bond Trading (coupons and residuals),Banks
38,2021-03-01,3,2021,Strip Bond Trading (coupons and residuals)_Institutional Clients,3110.980701,STRIP_MUNI,Strip Bond Trading (coupons and residuals),Institutional Clients
2,2021-03-01,3,2021,Strip Bond Trading (coupons and residuals)_Investment Dealers,264.302834,STRIP_MUNI,Strip Bond Trading (coupons and residuals),Investment Dealers
74,2021-03-01,3,2021,Strip Bond Trading (coupons and residuals)_Issuer,10,STRIP_MUNI,Strip Bond Trading (coupons and residuals),Issuer
62,2021-03-01,3,2021,Strip Bond Trading (coupons and residuals)_Non-Residents,108.941916,STRIP_MUNI,Strip Bond Trading (coupons and residuals),Non-Residents
50,2021-03-01,3,2021,Strip Bond Trading (coupons and residuals)_Retail Clients,367.063214,STRIP_MUNI,Strip Bond Trading (coupons and residuals),Retail Clients
99,2021-04-01,4,2021,Municipal bonds_Anonymous Systems: IDBBs and ATSs,3098.2175,STRIP_MUNI,Municipal bonds,Anonymous Systems: IDBBs and ATSs
111,2021-04-01,4,2021,Municipal bonds_Banks,183.056,STRIP_MUNI,Municipal bonds,Banks
123,2021-04-01,4,2021,Municipal bonds_Institutional Clients,1661.83177,STRIP_MUNI,Municipal bonds,Institutional Clients
87,2021-04-01,4,2021,Municipal bonds_Investment Dealers,725.888432,STRIP_MUNI,Municipal bonds,Investment Dealers
159,2021-04-01,4,2021,Municipal bonds_Issuer,8.784,STRIP_MUNI,Municipal bonds,Issuer
147,2021-04-01,4,2021,Municipal bonds_Non-Residents,407.68524,STRIP_MUNI,Municipal bonds,Non-Residents
135,2021-04-01,4,2021,Municipal bonds_Retail Clients,162.125877,STRIP_MUNI,Municipal bonds,Retail Clients
15,2021-04-01,4,2021,Strip Bond Trading (coupons and residuals)_Anonymous Systems: IDBBs and ATSs,224.748572,STRIP_MUNI,Strip Bond Trading (coupons and residuals),Anonymous Systems: IDBBs and ATSs
27,2021-04-01,4,2021,Strip Bond Trading (coupons and residuals)_Banks,312.051306,STRIP_MUNI,Strip Bond Trading (coupons and residuals),Banks
39,2021-04-01,4,2021,Strip Bond Trading (coupons and residuals)_Institutional Clients,3275.337601,STRIP_MUNI,Strip Bond Trading (coupons and residuals),Institutional Clients
3,2021-04-01,4,2021,Strip Bond Trading (coupons and residuals)_Investment Dealers,414.717026,STRIP_MUNI,Strip Bond Trading (coupons and residuals),Investment Dealers
75,2021-04-01,4,2021,Strip Bond Trading (coupons and residuals)_Issuer,48.5,STRIP_MUNI,Strip Bond Trading (coupons and residuals),Issuer
63,2021-04-01,4,2021,Strip Bond Trading (coupons and residuals)_Non-Residents,414.574264,STRIP_MUNI,Strip Bond Trading (coupons and residuals),Non-Residents
51,2021-04-01,4,2021,Strip Bond Trading (coupons and residuals)_Retail Clients,219.9138,STRIP_MUNI,Strip Bond Trading (coupons and residuals),Retail Clients
100,2021-05-01,5,2021,Municipal bonds_Anonymous Systems: IDBBs and ATSs,1602.582,STRIP_MUNI,Municipal bonds,Anonymous Systems: IDBBs and ATSs
112,2021-05-01,5,2021,Municipal bonds_Banks,263.6865,STRIP_MUNI,Municipal bonds,Banks
124,2021-05-01,5,2021,Municipal bonds_Institutional Clients,1561.891447,STRIP_MUNI,Municipal bonds,Institutional Clients
88,2021-05-01,5,2021,Municipal bonds_Investment Dealers,586.561384,STRIP_MUNI,Municipal bonds,Investment Dealers
160,2021-05-01,5,2021,Municipal bonds_Issuer,24.552,STRIP_MUNI,Municipal bonds,Issuer
148,2021-05-01,5,2021,Municipal bonds_Non-Residents,625.78802,STRIP_MUNI,Municipal bonds,Non-Residents
136,2021-05-01,5,2021,Municipal bonds_Retail Clients,209.967848,STRIP_MUNI,Municipal bonds,Retail Clients
16,2021-05-01,5,2021,Strip Bond Trading (coupons and residuals)_Anonymous Systems: IDBBs and ATSs,108.334741,STRIP_MUNI,Strip Bond Trading (coupons and residuals),Anonymous Systems: IDBBs and ATSs
28,2021-05-01,5,2021,Strip Bond Trading (coupons and residuals)_Banks,250.519625,STRIP_MUNI,Strip Bond Trading (coupons and residuals),Banks
40,2021-05-01,5,2021,Strip Bond Trading (coupons and residuals)_Institutional Clients,3129.586277,STRIP_MUNI,Strip Bond Trading (coupons and residuals),Institutional Clients
4,2021-05-01,5,2021,Strip Bond Trading (coupons and residuals)_Investment Dealers,307.560475,STRIP_MUNI,Strip Bond Trading (coupons and residuals),Investment Dealers
76,2021-05-01,5,2021,Strip Bond Trading (coupons and residuals)_Issuer,20,STRIP_MUNI,Strip Bond Trading (coupons and residuals),Issuer
64,2021-05-01,5,2021,Strip Bond Trading (coupons and residuals)_Non-Residents,168.542508,STRIP_MUNI,Strip Bond Trading (coupons and residuals),Non-Residents
52,2021-05-01,5,2021,Strip Bond Trading (coupons and residuals)_Retail Clients,238.451249,STRIP_MUNI,Strip Bond Trading (coupons and residuals),Retail Clients
101,2021-06-01,6,2021,Municipal bonds_Anonymous Systems: IDBBs and ATSs,932.09,STRIP_MUNI,Municipal bonds,Anonymous Systems: IDBBs and ATSs
113,2021-06-01,6,2021,Municipal bonds_Banks,139.1175,STRIP_MUNI,Municipal bonds,Banks
125,2021-06-01,6,2021,Municipal bonds_Institutional Clients,1335.23241,STRIP_MUNI,Municipal bonds,Institutional Clients
89,2021-06-01,6,2021,Municipal bonds_Investment Dealers,430.4339,STRIP_MUNI,Municipal bonds,Investment Dealers
161,2021-06-01,6,2021,Municipal bonds_Issuer,11.904,STRIP_MUNI,Municipal bonds,Issuer
149,2021-06-01,6,2021,Municipal bonds_Non-Residents,592.4121,STRIP_MUNI,Municipal bonds,Non-Residents
137,2021-06-01,6,2021,Municipal bonds_Retail Clients,92.00943,STRIP_MUNI,Municipal bonds,Retail Clients
17,2021-06-01,6,2021,Strip Bond Trading (coupons and residuals)_Anonymous Systems: IDBBs and ATSs,107.914505,STRIP_MUNI,Strip Bond Trading (coupons and residuals),Anonymous Systems: IDBBs and ATSs
29,2021-06-01,6,2021,Strip Bond Trading (coupons and residuals)_Banks,380.340172,STRIP_MUNI,Strip Bond Trading (coupons and residuals),Banks
41,2021-06-01,6,2021,Strip Bond Trading (coupons and residuals)_Institutional Clients,4469.043814,STRIP_MUNI,Strip Bond Trading (coupons and residuals),Institutional Clients
5,2021-06-01,6,2021,Strip Bond Trading (coupons and residuals)_Investment Dealers,720.555536,STRIP_MUNI,Strip Bond Trading (coupons and residuals),Investment Dealers
77,2021-06-01,6,2021,Strip Bond Trading (coupons and residuals)_Issuer,38.7,STRIP_MUNI,Strip Bond Trading (coupons and residuals),Issuer
65,2021-06-01,6,2021,Strip Bond Trading (coupons and residuals)_Non-Residents,478.999268,STRIP_MUNI,Strip Bond Trading (coupons and residuals),Non-Residents
53,2021-06-01,6,2021,Strip Bond Trading (coupons and residuals)_Retail Clients,399.081176,STRIP_MUNI,Strip Bond Trading (coupons and residuals),Retail Clients
102,2021-07-01,7,2021,Municipal bonds_Anonymous Systems: IDBBs and ATSs,1496.130001,STRIP_MUNI,Municipal bonds,Anonymous Systems: IDBBs and ATSs
114,2021-07-01,7,2021,Municipal bonds_Banks,97.424,STRIP_MUNI,Municipal bonds,Banks
126,2021-07-01,7,2021,Municipal bonds_Institutional Clients,695.689883,STRIP_MUNI,Municipal bonds,Institutional Clients
90,2021-07-01,7,2021,Municipal bonds_Investment Dealers,315.094834,STRIP_MUNI,Municipal bonds,Investment Dealers
162,2021-07-01,7,2021,Municipal bonds_Issuer,16.446,STRIP_MUNI,Municipal bonds,Issuer
150,2021-07-01,7,2021,Municipal bonds_Non-Residents,200.7061,STRIP_MUNI,Municipal bonds,Non-Residents
138,2021-07-01,7,2021,Municipal bonds_Retail Clients,95.837391,STRIP_MUNI,Municipal bonds,Retail Clients
18,2021-07-01,7,2021,Strip Bond Trading (coupons and residuals)_Anonymous Systems: IDBBs and ATSs,121.239849,STRIP_MUNI,Strip Bond Trading (coupons and residuals),Anonymous Systems: IDBBs and ATSs
30,2021-07-01,7,2021,Strip Bond Trading (coupons and residuals)_Banks,98.534674,STRIP_MUNI,Strip Bond Trading (coupons and residuals),Banks
42,2021-07-01,7,2021,Strip Bond Trading (coupons and residuals)_Institutional Clients,2520.453817,STRIP_MUNI,Strip Bond Trading (coupons and residuals),Institutional Clients
6,2021-07-01,7,2021,Strip Bond Trading (coupons and residuals)_Investment Dealers,364.161409,STRIP_MUNI,Strip Bond Trading (coupons and residuals),Investment Dealers
78,2021-07-01,7,2021,Strip Bond Trading (coupons and residuals)_Issuer,18,STRIP_MUNI,Strip Bond Trading (coupons and residuals),Issuer
66,2021-07-01,7,2021,Strip Bond Trading (coupons and residuals)_Non-Residents,216.884276,STRIP_MUNI,Strip Bond Trading (coupons and residuals),Non-Residents
54,2021-07-01,7,2021,Strip Bond Trading (coupons and residuals)_Retail Clients,242.071566,STRIP_MUNI,Strip Bond Trading (coupons and residuals),Retail Clients
103,2021-08-01,8,2021,Municipal bonds_Anonymous Systems: IDBBs and ATSs,1363.1645,STRIP_MUNI,Municipal bonds,Anonymous Systems: IDBBs and ATSs
115,2021-08-01,8,2021,Municipal bonds_Banks,190.475,STRIP_MUNI,Municipal bonds,Banks
127,2021-08-01,8,2021,Municipal bonds_Institutional Clients,487.005788,STRIP_MUNI,Municipal bonds,Institutional Clients
91,2021-08-01,8,2021,Municipal bonds_Investment Dealers,550.2071,STRIP_MUNI,Municipal bonds,Investment Dealers
163,2021-08-01,8,2021,Municipal bonds_Issuer,7,STRIP_MUNI,Municipal bonds,Issuer
151,2021-08-01,8,2021,Municipal bonds_Non-Residents,114.482,STRIP_MUNI,Municipal bonds,Non-Residents
139,2021-08-01,8,2021,Municipal bonds_Retail Clients,119.360399,STRIP_MUNI,Municipal bonds,Retail Clients
19,2021-08-01,8,2021,Strip Bond Trading (coupons and residuals)_Anonymous Systems: IDBBs and ATSs,0.55581,STRIP_MUNI,Strip Bond Trading (coupons and residuals),Anonymous Systems: IDBBs and ATSs
31,2021-08-01,8,2021,Strip Bond Trading (coupons and residuals)_Banks,166.967856,STRIP_MUNI,Strip Bond Trading (coupons and residuals),Banks
43,2021-08-01,8,2021,Strip Bond Trading (coupons and residuals)_Institutional Clients,2108.629565,STRIP_MUNI,Strip Bond Trading (coupons and residuals),Institutional Clients
7,2021-08-01,8,2021,Strip Bond Trading (coupons and residuals)_Investment Dealers,304.61171,STRIP_MUNI,Strip Bond Trading (coupons and residuals),Investment Dealers
79,2021-08-01,8,2021,Strip Bond Trading (coupons and residuals)_Issuer,47.2,STRIP_MUNI,Strip Bond Trading (coupons and residuals),Issuer
67,2021-08-01,8,2021,Strip Bond Trading (coupons and residuals)_Non-Residents,109.578765,STRIP_MUNI,Strip Bond Trading (coupons and residuals),Non-Residents
55,2021-08-01,8,2021,Strip Bond Trading (coupons and residuals)_Retail Clients,148.789721,STRIP_MUNI,Strip Bond Trading (coupons and residuals),Retail Clients
104,2021-09-01,9,2021,Municipal bonds_Anonymous Systems: IDBBs and ATSs,1665.31,STRIP_MUNI,Municipal bonds,Anonymous Systems: IDBBs and ATSs
116,2021-09-01,9,2021,Municipal bonds_Banks,259.8885,STRIP_MUNI,Municipal bonds,Banks
128,2021-09-01,9,2021,Municipal bonds_Institutional Clients,1227.1836,STRIP_MUNI,Municipal bonds,Institutional Clients
92,2021-09-01,9,2021,Municipal bonds_Investment Dealers,699.533,STRIP_MUNI,Municipal bonds,Investment Dealers
164,2021-09-01,9,2021,Municipal bonds_Issuer,13.547,STRIP_MUNI,Municipal bonds,Issuer
152,2021-09-01,9,2021,Municipal bonds_Non-Residents,455.18137,STRIP_MUNI,Municipal bonds,Non-Residents
140,2021-09-01,9,2021,Municipal bonds_Retail Clients,102.481422,STRIP_MUNI,Municipal bonds,Retail Clients
20,2021-09-01,9,2021,Strip Bond Trading (coupons and residuals)_Anonymous Systems: IDBBs and ATSs,32.229201,STRIP_MUNI,Strip Bond Trading (coupons and residuals),Anonymous Systems: IDBBs and ATSs
32,2021-09-01,9,2021,Strip Bond Trading (coupons and residuals)_Banks,137.587014,STRIP_MUNI,Strip Bond Trading (coupons and residuals),Banks
44,2021-09-01,9,2021,Strip Bond Trading (coupons and residuals)_Institutional Clients,2877.213396,STRIP_MUNI,Strip Bond Trading (coupons and residuals),Institutional Clients
8,2021-09-01,9,2021,Strip Bond Trading (coupons and residuals)_Investment Dealers,133.40098,STRIP_MUNI,Strip Bond Trading (coupons and residuals),Investment Dealers
80,2021-09-01,9,2021,Strip Bond Trading (coupons and residuals)_Issuer,24.028,STRIP_MUNI,Strip Bond Trading (coupons and residuals),Issuer
68,2021-09-01,9,2021,Strip Bond Trading (coupons and residuals)_Non-Residents,278.740106,STRIP_MUNI,Strip Bond Trading (coupons and residuals),Non-Residents
56,2021-09-01,9,2021,Strip Bond Trading (coupons and residuals)_Retail Clients,214.262531,STRIP_MUNI,Strip Bond Trading (coupons and residuals),Retail Clients
105,2021-10-01,10,2021,Municipal bonds_Anonymous Systems: IDBBs and ATSs,1235.0705,STRIP_MUNI,Municipal bonds,Anonymous Systems: IDBBs and ATSs
117,2021-10-01,10,2021,Municipal bonds_Banks,49.8785,STRIP_MUNI,Municipal bonds,Banks
129,2021-10-01,10,2021,Municipal bonds_Institutional Clients,854.5525,STRIP_MUNI,Municipal bonds,Institutional Clients
93,2021-10-01,10,2021,Municipal bonds_Investment Dealers,368.575118,STRIP_MUNI,Municipal bonds,Investment Dealers
165,2021-10-01,10,2021,Municipal bonds_Issuer,8.221,STRIP_MUNI,Municipal bonds,Issuer
153,2021-10-01,10,2021,Municipal bonds_Non-Residents,268.77836,STRIP_MUNI,Municipal bonds,Non-Residents
141,2021-10-01,10,2021,Municipal bonds_Retail Clients,80.82828,STRIP_MUNI,Municipal bonds,Retail Clients
21,2021-10-01,10,2021,Strip Bond Trading (coupons and residuals)_Anonymous Systems: IDBBs and ATSs,265.838536,STRIP_MUNI,Strip Bond Trading (coupons and residuals),Anonymous Systems: IDBBs and ATSs
33,2021-10-01,10,2021,Strip Bond Trading (coupons and residuals)_Banks,212.556803,STRIP_MUNI,Strip Bond Trading (coupons and residuals),Banks
45,2021-10-01,10,2021,Strip Bond Trading (coupons and residuals)_Institutional Clients,2446.218563,STRIP_MUNI,Strip Bond Trading (coupons and residuals),Institutional Clients
9,2021-10-01,10,2021,Strip Bond Trading (coupons and residuals)_Investment Dealers,318.50159,STRIP_MUNI,Strip Bond Trading (coupons and residuals),Investment Dealers
81,2021-10-01,10,2021,Strip Bond Trading (coupons and residuals)_Issuer,44.74,STRIP_MUNI,Strip Bond Trading (coupons and residuals),Issuer
69,2021-10-01,10,2021,Strip Bond Trading (coupons and residuals)_Non-Residents,127.458874,STRIP_MUNI,Strip Bond Trading (coupons and residuals),Non-Residents
57,2021-10-01,10,2021,Strip Bond Trading (coupons and residuals)_Retail Clients,192.635641,STRIP_MUNI,Strip Bond Trading (coupons and residuals),Retail Clients
106,2021-11-01,11,2021,Municipal bonds_Anonymous Systems: IDBBs and ATSs,1000.35,STRIP_MUNI,Municipal bonds,Anonymous Systems: IDBBs and ATSs
118,2021-11-01,11,2021,Municipal bonds_Banks,64.21,STRIP_MUNI,Municipal bonds,Banks
130,2021-11-01,11,2021,Municipal bonds_Institutional Clients,1447.946,STRIP_MUNI,Municipal bonds,Institutional Clients
94,2021-11-01,11,2021,Municipal bonds_Investment Dealers,385.414,STRIP_MUNI,Municipal bonds,Investment Dealers
166,2021-11-01,11,2021,Municipal bonds_Issuer,12.368,STRIP_MUNI,Municipal bonds,Issuer
154,2021-11-01,11,2021,Municipal bonds_Non-Residents,181.614,STRIP_MUNI,Municipal bonds,Non-Residents
142,2021-11-01,11,2021,Municipal bonds_Retail Clients,91.041923,STRIP_MUNI,Municipal bonds,Retail Clients
22,2021-11-01,11,2021,Strip Bond Trading (coupons and residuals)_Anonymous Systems: IDBBs and ATSs,0.618009,STRIP_MUNI,Strip Bond Trading (coupons and residuals),Anonymous Systems: IDBBs and ATSs
34,2021-11-01,11,2021,Strip Bond Trading (coupons and residuals)_Banks,77.249154,STRIP_MUNI,Strip Bond Trading (coupons and residuals),Banks
46,2021-11-01,11,2021,Strip Bond Trading (coupons and residuals)_Institutional Clients,3675.714609,STRIP_MUNI,Strip Bond Trading (coupons and residuals),Institutional Clients
10,2021-11-01,11,2021,Strip Bond Trading (coupons and residuals)_Investment Dealers,219.178994,STRIP_MUNI,Strip Bond Trading (coupons and residuals),Investment Dealers
82,2021-11-01,11,2021,Strip Bond Trading (coupons and residuals)_Issuer,26.139,STRIP_MUNI,Strip Bond Trading (coupons and residuals),Issuer
70,2021-11-01,11,2021,Strip Bond Trading (coupons and residuals)_Non-Residents,93.308154,STRIP_MUNI,Strip Bond Trading (coupons and residuals),Non-Residents
58,2021-11-01,11,2021,Strip Bond Trading (coupons and residuals)_Retail Clients,231.591444,STRIP_MUNI,Strip Bond Trading (coupons and residuals),Retail Clients
107,2021-12-01,12,2021,Municipal bonds_Anonymous Systems: IDBBs and ATSs,520.0425,STRIP_MUNI,Municipal bonds,Anonymous Systems: IDBBs and ATSs
119,2021-12-01,12,2021,Municipal bonds_Banks,25.366,STRIP_MUNI,Municipal bonds,Banks
131,2021-12-01,12,2021,Municipal bonds_Institutional Clients,994.28897,STRIP_MUNI,Municipal bonds,Institutional Clients
95,2021-12-01,12,2021,Municipal bonds_Investment Dealers,253.2834,STRIP_MUNI,Municipal bonds,Investment Dealers
167,2021-12-01,12,2021,Municipal bonds_Issuer,1.911,STRIP_MUNI,Municipal bonds,Issuer
155,2021-12-01,12,2021,Municipal bonds_Non-Residents,198.22148,STRIP_MUNI,Municipal bonds,Non-Residents
143,2021-12-01,12,2021,Municipal bonds_Retail Clients,89.590895,STRIP_MUNI,Municipal bonds,Retail Clients
23,2021-12-01,12,2021,Strip Bond Trading (coupons and residuals)_Anonymous Systems: IDBBs and ATSs,70.6875,STRIP_MUNI,Strip Bond Trading (coupons and residuals),Anonymous Systems: IDBBs and ATSs
35,2021-12-01,12,2021,Strip Bond Trading (coupons and residuals)_Banks,40.885943,STRIP_MUNI,Strip Bond Trading (coupons and residuals),Banks
47,2021-12-01,12,2021,Strip Bond Trading (coupons and residuals)_Institutional Clients,2703.260145,STRIP_MUNI,Strip Bond Trading (coupons and residuals),Institutional Clients
11,2021-12-01,12,2021,Strip Bond Trading (coupons and residuals)_Investment Dealers,99.952909,STRIP_MUNI,Strip Bond Trading (coupons and residuals),Investment Dealers
83,2021-12-01,12,2021,Strip Bond Trading (coupons and residuals)_Issuer,30,STRIP_MUNI,Strip Bond Trading (coupons and residuals),Issuer
71,2021-12-01,12,2021,Strip Bond Trading (coupons and residuals)_Non-Residents,232.66684,STRIP_MUNI,Strip Bond Trading (coupons and residuals),Non-Residents
59,2021-12-01,12,2021,Strip Bond Trading (coupons and residuals)_Retail Clients,214.894533,STRIP_MUNI,Strip Bond Trading (coupons and residuals),Retail Clients
96,2022-01-01,1,2022,Municipal bonds_Anonymous Systems: IDBBs and ATSs,841.065,STRIP_MUNI,Municipal bonds,Anonymous Systems: IDBBs and ATSs
108,2022-01-01,1,2022,Municipal bonds_Banks,88.0805,STRIP_MUNI,Municipal bonds,Banks
120,2022-01-01,1,2022,Municipal bonds_Institutional Clients,1079.9364,STRIP_MUNI,Municipal bonds,Institutional Clients
84,2022-01-01,1,2022,Municipal bonds_Investment Dealers,446.7446,STRIP_MUNI,Municipal bonds,Investment Dealers
156,2022-01-01,1,2022,Municipal bonds_Issuer,5.017,STRIP_MUNI,Municipal bonds,Issuer
144,2022-01-01,1,2022,Municipal bonds_Non-Residents,182.10408,STRIP_MUNI,Municipal bonds,Non-Residents
132,2022-01-01,1,2022,Municipal bonds_Retail Clients,99.10961,STRIP_MUNI,Municipal bonds,Retail Clients
12,2022-01-01,1,2022,Strip Bond Trading (coupons and residuals)_Anonymous Systems: IDBBs and ATSs,41.216109,STRIP_MUNI,Strip Bond Trading (coupons and residuals),Anonymous Systems: IDBBs and ATSs
24,2022-01-01,1,2022,Strip Bond Trading (coupons and residuals)_Banks,195.849475,STRIP_MUNI,Strip Bond Trading (coupons and residuals),Banks
36,2022-01-01,1,2022,Strip Bond Trading (coupons and residuals)_Institutional Clients,2646.636047,STRIP_MUNI,Strip Bond Trading (coupons and residuals),Institutional Clients
0,2022-01-01,1,2022,Strip Bond Trading (coupons and residuals)_Investment Dealers,441.608909,STRIP_MUNI,Strip Bond Trading (coupons and residuals),Investment Dealers
72,2022-01-01,1,2022,Strip Bond Trading (coupons and residuals)_Issuer,42.6,STRIP_MUNI,Strip Bond Trading (coupons and residuals),Issuer
60,2022-01-01,1,2022,Strip Bond Trading (coupons and residuals)_Non-Residents,421.422747,STRIP_MUNI,Strip Bond Trading (coupons and residuals),Non-Residents
48,2022-01-01,1,2022,Strip Bond Trading (coupons and residuals)_Retail Clients,276.774523,STRIP_MUNI,Strip Bond Trading (coupons and residuals),Retail Clients
97,2022-02-01,2,2022,Municipal bonds_Anonymous Systems: IDBBs and ATSs,1053.784,STRIP_MUNI,Municipal bonds,Anonymous Systems: IDBBs and ATSs
109,2022-02-01,2,2022,Municipal bonds_Banks,195.762,STRIP_MUNI,Municipal bonds,Banks
121,2022-02-01,2,2022,Municipal bonds_Institutional Clients,1521.7826,STRIP_MUNI,Municipal bonds,Institutional Clients
85,2022-02-01,2,2022,Municipal bonds_Investment Dealers,452.765,STRIP_MUNI,Municipal bonds,Investment Dealers
157,2022-02-01,2,2022,Municipal bonds_Issuer,18.904,STRIP_MUNI,Municipal bonds,Issuer
145,2022-02-01,2,2022,Municipal bonds_Non-Residents,140.74132,STRIP_MUNI,Municipal bonds,Non-Residents
133,2022-02-01,2,2022,Municipal bonds_Retail Clients,90.539038,STRIP_MUNI,Municipal bonds,Retail Clients
13,2022-02-01,2,2022,Strip Bond Trading (coupons and residuals)_Anonymous Systems: IDBBs and ATSs,21.40562,STRIP_MUNI,Strip Bond Trading (coupons and residuals),Anonymous Systems: IDBBs and ATSs
25,2022-02-01,2,2022,Strip Bond Trading (coupons and residuals)_Banks,110.623616,STRIP_MUNI,Strip Bond Trading (coupons and residuals),Banks
37,2022-02-01,2,2022,Strip Bond Trading (coupons and residuals)_Institutional Clients,2728.646808,STRIP_MUNI,Strip Bond Trading (coupons and residuals),Institutional Clients
1,2022-02-01,2,2022,Strip Bond Trading (coupons and residuals)_Investment Dealers,233.768305,STRIP_MUNI,Strip Bond Trading (coupons and residuals),Investment Dealers
73,2022-02-01,2,2022,Strip Bond Trading (coupons and residuals)_Issuer,40,STRIP_MUNI,Strip Bond Trading (coupons and residuals),Issuer
61,2022-02-01,2,2022,Strip Bond Trading (coupons and residuals)_Non-Residents,233.532445,STRIP_MUNI,Strip Bond Trading (coupons and residuals),Non-Residents
49,2022-02-01,2,2022,Strip Bond Trading (coupons and residuals)_Retail Clients,201.390791,STRIP_MUNI,Strip Bond Trading (coupons and residuals),Retail Clients
98,2022-03-01,3,2022,Municipal bonds_Anonymous Systems: IDBBs and ATSs,1712.13,STRIP_MUNI,Municipal bonds,Anonymous Systems: IDBBs and ATSs
110,2022-03-01,3,2022,Municipal bonds_Banks,344.599,STRIP_MUNI,Municipal bonds,Banks
122,2022-03-01,3,2022,Municipal bonds_Institutional Clients,2248.7185,STRIP_MUNI,Municipal bonds,Institutional Clients
86,2022-03-01,3,2022,Municipal bonds_Investment Dealers,705.61115,STRIP_MUNI,Municipal bonds,Investment Dealers
158,2022-03-01,3,2022,Municipal bonds_Issuer,6.44,STRIP_MUNI,Municipal bonds,Issuer
146,2022-03-01,3,2022,Municipal bonds_Non-Residents,280.6875,STRIP_MUNI,Municipal bonds,Non-Residents
134,2022-03-01,3,2022,Municipal bonds_Retail Clients,136.608779,STRIP_MUNI,Municipal bonds,Retail Clients
14,2022-03-01,3,2022,Strip Bond Trading (coupons and residuals)_Anonymous Systems: IDBBs and ATSs,48.356127,STRIP_MUNI,Strip Bond Trading (coupons and residuals),Anonymous Systems: IDBBs and ATSs
26,2022-03-01,3,2022,Strip Bond Trading (coupons and residuals)_Banks,308.27088,STRIP_MUNI,Strip Bond Trading (coupons and residuals),Banks
38,2022-03-01,3,2022,Strip Bond Trading (coupons and residuals)_Institutional Clients,3579.146212,STRIP_MUNI,Strip Bond Trading (coupons and residuals),Institutional Clients
2,2022-03-01,3,2022,Strip Bond Trading (coupons and residuals)_Investment Dealers,426.630812,STRIP_MUNI,Strip Bond Trading (coupons and residuals),Investment Dealers
74,2022-03-01,3,2022,Strip Bond Trading (coupons and residuals)_Issuer,263,STRIP_MUNI,Strip Bond Trading (coupons and residuals),Issuer
62,2022-03-01,3,2022,Strip Bond Trading (coupons and residuals)_Non-Residents,91.634546,STRIP_MUNI,Strip Bond Trading (coupons and residuals),Non-Residents
50,2022-03-01,3,2022,Strip Bond Trading (coupons and residuals)_Retail Clients,357.778427,STRIP_MUNI,Strip Bond Trading (coupons and residuals),Retail Clients
99,2022-04-01,4,2022,Municipal bonds_Anonymous Systems: IDBBs and ATSs,1240.023,STRIP_MUNI,Municipal bonds,Anonymous Systems: IDBBs and ATSs
111,2022-04-01,4,2022,Municipal bonds_Banks,35.48,STRIP_MUNI,Municipal bonds,Banks
123,2022-04-01,4,2022,Municipal bonds_Institutional Clients,1393.55129,STRIP_MUNI,Municipal bonds,Institutional Clients
87,2022-04-01,4,2022,Municipal bonds_Investment Dealers,229.253634,STRIP_MUNI,Municipal bonds,Investment Dealers
159,2022-04-01,4,2022,Municipal bonds_Issuer,17.918,STRIP_MUNI,Municipal bonds,Issuer
147,2022-04-01,4,2022,Municipal bonds_Non-Residents,99.373182,STRIP_MUNI,Municipal bonds,Non-Residents
135,2022-04-01,4,2022,Municipal bonds_Retail Clients,191.714135,STRIP_MUNI,Municipal bonds,Retail Clients
15,2022-04-01,4,2022,Strip Bond Trading (coupons and residuals)_Anonymous Systems: IDBBs and ATSs,37.68384,STRIP_MUNI,Strip Bond Trading (coupons and residuals),Anonymous Systems: IDBBs and ATSs
27,2022-04-01,4,2022,Strip Bond Trading (coupons and residuals)_Banks,95.668841,STRIP_MUNI,Strip Bond Trading (coupons and residuals),Banks
39,2022-04-01,4,2022,Strip Bond Trading (coupons and residuals)_Institutional Clients,3913.675843,STRIP_MUNI,Strip Bond Trading (coupons and residuals),Institutional Clients
3,2022-04-01,4,2022,Strip Bond Trading (coupons and residuals)_Investment Dealers,190.495733,STRIP_MUNI,Strip Bond Trading (coupons and residuals),Investment Dealers
75,2022-04-01,4,2022,Strip Bond Trading (coupons and residuals)_Issuer,313,STRIP_MUNI,Strip Bond Trading (coupons and residuals),Issuer
63,2022-04-01,4,2022,Strip Bond Trading (coupons and residuals)_Non-Residents,75.132548,STRIP_MUNI,Strip Bond Trading (coupons and residuals),Non-Residents
51,2022-04-01,4,2022,Strip Bond Trading (coupons and residuals)_Retail Clients,212.861355,STRIP_MUNI,Strip Bond Trading (coupons and residuals),Retail Clients
100,2022-05-01,5,2022,Municipal bonds_Anonymous Systems: IDBBs and ATSs,1829.6065,STRIP_MUNI,Municipal bonds,Anonymous Systems: IDBBs and ATSs
112,2022-05-01,5,2022,Municipal bonds_Banks,172.330644,STRIP_MUNI,Municipal bonds,Banks
124,2022-05-01,5,2022,Municipal bonds_Institutional Clients,1790.986,STRIP_MUNI,Municipal bonds,Institutional Clients
88,2022-05-01,5,2022,Municipal bonds_Investment Dealers,249.086144,STRIP_MUNI,Municipal bonds,Investment Dealers
160,2022-05-01,5,2022,Municipal bonds_Issuer,0,STRIP_MUNI,Municipal bonds,Issuer
148,2022-05-01,5,2022,Municipal bonds_Non-Residents,157.5844,STRIP_MUNI,Municipal bonds,Non-Residents
136,2022-05-01,5,2022,Municipal bonds_Retail Clients,152.443269,STRIP_MUNI,Municipal bonds,Retail Clients
16,2022-05-01,5,2022,Strip Bond Trading (coupons and residuals)_Anonymous Systems: IDBBs and ATSs,0.440195,STRIP_MUNI,Strip Bond Trading (coupons and residuals),Anonymous Systems: IDBBs and ATSs
28,2022-05-01,5,2022,Strip Bond Trading (coupons and residuals)_Banks,13.727387,STRIP_MUNI,Strip Bond Trading (coupons and residuals),Banks
40,2022-05-01,5,2022,Strip Bond Trading (coupons and residuals)_Institutional Clients,3271.685552,STRIP_MUNI,Strip Bond Trading (coupons and residuals),Institutional Clients
4,2022-05-01,5,2022,Strip Bond Trading (coupons and residuals)_Investment Dealers,122.801382,STRIP_MUNI,Strip Bond Trading (coupons and residuals),Investment Dealers
76,2022-05-01,5,2022,Strip Bond Trading (coupons and residuals)_Issuer,10,STRIP_MUNI,Strip Bond Trading (coupons and residuals),Issuer
64,2022-05-01,5,2022,Strip Bond Trading (coupons and residuals)_Non-Residents,239.475532,STRIP_MUNI,Strip Bond Trading (coupons and residuals),Non-Residents
52,2022-05-01,5,2022,Strip Bond Trading (coupons and residuals)_Retail Clients,247.568923,STRIP_MUNI,Strip Bond Trading (coupons and residuals),Retail Clients
101,2022-06-01,6,2022,Municipal bonds_Anonymous Systems: IDBBs and ATSs,1218.7135,STRIP_MUNI,Municipal bonds,Anonymous Systems: IDBBs and ATSs
113,2022-06-01,6,2022,Municipal bonds_Banks,56.2385,STRIP_MUNI,Municipal bonds,Banks
125,2022-06-01,6,2022,Municipal bonds_Institutional Clients,2007.77,STRIP_MUNI,Municipal bonds,Institutional Clients
89,2022-06-01,6,2022,Municipal bonds_Investment Dealers,211.0748,STRIP_MUNI,Municipal bonds,Investment Dealers
161,2022-06-01,6,2022,Municipal bonds_Issuer,27.924,STRIP_MUNI,Municipal bonds,Issuer
149,2022-06-01,6,2022,Municipal bonds_Non-Residents,289.766028,STRIP_MUNI,Municipal bonds,Non-Residents
137,2022-06-01,6,2022,Municipal bonds_Retail Clients,241.32238,STRIP_MUNI,Municipal bonds,Retail Clients
17,2022-06-01,6,2022,Strip Bond Trading (coupons and residuals)_Anonymous Systems: IDBBs and ATSs,55.683322,STRIP_MUNI,Strip Bond Trading (coupons and residuals),Anonymous Systems: IDBBs and ATSs
29,2022-06-01,6,2022,Strip Bond Trading (coupons and residuals)_Banks,45.319501,STRIP_MUNI,Strip Bond Trading (coupons and residuals),Banks
41,2022-06-01,6,2022,Strip Bond Trading (coupons and residuals)_Institutional Clients,5841.249999,STRIP_MUNI,Strip Bond Trading (coupons and residuals),Institutional Clients
5,2022-06-01,6,2022,Strip Bond Trading (coupons and residuals)_Investment Dealers,137.016097,STRIP_MUNI,Strip Bond Trading (coupons and residuals),Investment Dealers
77,2022-06-01,6,2022,Strip Bond Trading (coupons and residuals)_Issuer,57.72,STRIP_MUNI,Strip Bond Trading (coupons and residuals),Issuer
65,2022-06-01,6,2022,Strip Bond Trading (coupons and residuals)_Non-Residents,340.157618,STRIP_MUNI,Strip Bond Trading (coupons and residuals),Non-Residents
53,2022-06-01,6,2022,Strip Bond Trading (coupons and residuals)_Retail Clients,319.058094,STRIP_MUNI,Strip Bond Trading (coupons and residuals),Retail Clients
102,2022-07-01,7,2022,Municipal bonds_Anonymous Systems: IDBBs and ATSs,1344.4275,STRIP_MUNI,Municipal bonds,Anonymous Systems: IDBBs and ATSs
114,2022-07-01,7,2022,Municipal bonds_Banks,20.726,STRIP_MUNI,Municipal bonds,Banks
126,2022-07-01,7,2022,Municipal bonds_Institutional Clients,1005.021,STRIP_MUNI,Municipal bonds,Institutional Clients
90,2022-07-01,7,2022,Municipal bonds_Investment Dealers,157.16415,STRIP_MUNI,Municipal bonds,Investment Dealers
162,2022-07-01,7,2022,Municipal bonds_Issuer,2.886,STRIP_MUNI,Municipal bonds,Issuer
150,2022-07-01,7,2022,Municipal bonds_Non-Residents,102.238562,STRIP_MUNI,Municipal bonds,Non-Residents
138,2022-07-01,7,2022,Municipal bonds_Retail Clients,219.030261,STRIP_MUNI,Municipal bonds,Retail Clients
18,2022-07-01,7,2022,Strip Bond Trading (coupons and residuals)_Anonymous Systems: IDBBs and ATSs,0.286068,STRIP_MUNI,Strip Bond Trading (coupons and residuals),Anonymous Systems: IDBBs and ATSs
30,2022-07-01,7,2022,Strip Bond Trading (coupons and residuals)_Banks,120.370209,STRIP_MUNI,Strip Bond Trading (coupons and residuals),Banks
42,2022-07-01,7,2022,Strip Bond Trading (coupons and residuals)_Institutional Clients,2984.844886,STRIP_MUNI,Strip Bond Trading (coupons and residuals),Institutional Clients
6,2022-07-01,7,2022,Strip Bond Trading (coupons and residuals)_Investment Dealers,110.649933,STRIP_MUNI,Strip Bond Trading (coupons and residuals),Investment Dealers
78,2022-07-01,7,2022,Strip Bond Trading (coupons and residuals)_Issuer,115,STRIP_MUNI,Strip Bond Trading (coupons and residuals),Issuer
66,2022-07-01,7,2022,Strip Bond Trading (coupons and residuals)_Non-Residents,283.857728,STRIP_MUNI,Strip Bond Trading (coupons and residuals),Non-Residents
54,2022-07-01,7,2022,Strip Bond Trading (coupons and residuals)_Retail Clients,303.865221,STRIP_MUNI,Strip Bond Trading (coupons and residuals),Retail Clients
103,2022-08-01,8,2022,Municipal bonds_Anonymous Systems: IDBBs and ATSs,1129.235,STRIP_MUNI,Municipal bonds,Anonymous Systems: IDBBs and ATSs
115,2022-08-01,8,2022,Municipal bonds_Banks,14.7635,STRIP_MUNI,Municipal bonds,Banks
127,2022-08-01,8,2022,Municipal bonds_Institutional Clients,1300.782418,STRIP_MUNI,Municipal bonds,Institutional Clients
91,2022-08-01,8,2022,Municipal bonds_Investment Dealers,344.822,STRIP_MUNI,Municipal bonds,Investment Dealers
163,2022-08-01,8,2022,Municipal bonds_Issuer,28.227,STRIP_MUNI,Municipal bonds,Issuer
151,2022-08-01,8,2022,Municipal bonds_Non-Residents,155.69799,STRIP_MUNI,Municipal bonds,Non-Residents
139,2022-08-01,8,2022,Municipal bonds_Retail Clients,191.46054,STRIP_MUNI,Municipal bonds,Retail Clients
19,2022-08-01,8,2022,Strip Bond Trading (coupons and residuals)_Anonymous Systems: IDBBs and ATSs,0.931313,STRIP_MUNI,Strip Bond Trading (coupons and residuals),Anonymous Systems: IDBBs and ATSs
31,2022-08-01,8,2022,Strip Bond Trading (coupons and residuals)_Banks,79.955621,STRIP_MUNI,Strip Bond Trading (coupons and residuals),Banks
43,2022-08-01,8,2022,Strip Bond Trading (coupons and residuals)_Institutional Clients,4050.126285,STRIP_MUNI,Strip Bond Trading (coupons and residuals),Institutional Clients
7,2022-08-01,8,2022,Strip Bond Trading (coupons and residuals)_Investment Dealers,117.5557,STRIP_MUNI,Strip Bond Trading (coupons and residuals),Investment Dealers
79,2022-08-01,8,2022,Strip Bond Trading (coupons and residuals)_Issuer,70,STRIP_MUNI,Strip Bond Trading (coupons and residuals),Issuer
67,2022-08-01,8,2022,Strip Bond Trading (coupons and residuals)_Non-Residents,66.268447,STRIP_MUNI,Strip Bond Trading (coupons and residuals),Non-Residents
55,2022-08-01,8,2022,Strip Bond Trading (coupons and residuals)_Retail Clients,267.782283,STRIP_MUNI,Strip Bond Trading (coupons and residuals),Retail Clients
104,2022-09-01,9,2022,Municipal bonds_Anonymous Systems: IDBBs and ATSs,1625.855,STRIP_MUNI,Municipal bonds,Anonymous Systems: IDBBs and ATSs
116,2022-09-01,9,2022,Municipal bonds_Banks,207.7775,STRIP_MUNI,Municipal bonds,Banks
128,2022-09-01,9,2022,Municipal bonds_Institutional Clients,1388.716,STRIP_MUNI,Municipal bonds,Institutional Clients
92,2022-09-01,9,2022,Municipal bonds_Investment Dealers,348.8061,STRIP_MUNI,Municipal bonds,Investment Dealers
164,2022-09-01,9,2022,Municipal bonds_Issuer,6.71,STRIP_MUNI,Municipal bonds,Issuer
152,2022-09-01,9,2022,Municipal bonds_Non-Residents,855.1017,STRIP_MUNI,Municipal bonds,Non-Residents
140,2022-09-01,9,2022,Municipal bonds_Retail Clients,202.40276,STRIP_MUNI,Municipal bonds,Retail Clients
20,2022-09-01,9,2022,Strip Bond Trading (coupons and residuals)_Anonymous Systems: IDBBs and ATSs,15.749176,STRIP_MUNI,Strip Bond Trading (coupons and residuals),Anonymous Systems: IDBBs and ATSs
32,2022-09-01,9,2022,Strip Bond Trading (coupons and residuals)_Banks,75.500104,STRIP_MUNI,Strip Bond Trading (coupons and residuals),Banks
44,2022-09-01,9,2022,Strip Bond Trading (coupons and residuals)_Institutional Clients,3593.847951,STRIP_MUNI,Strip Bond Trading (coupons and residuals),Institutional Clients
8,2022-09-01,9,2022,Strip Bond Trading (coupons and residuals)_Investment Dealers,363.499879,STRIP_MUNI,Strip Bond Trading (coupons and residuals),Investment Dealers
80,2022-09-01,9,2022,Strip Bond Trading (coupons and residuals)_Issuer,250,STRIP_MUNI,Strip Bond Trading (coupons and residuals),Issuer
68,2022-09-01,9,2022,Strip Bond Trading (coupons and residuals)_Non-Residents,181.497416,STRIP_MUNI,Strip Bond Trading (coupons and residuals),Non-Residents
56,2022-09-01,9,2022,Strip Bond Trading (coupons and residuals)_Retail Clients,275.480873,STRIP_MUNI,Strip Bond Trading (coupons and residuals),Retail Clients
105,2022-10-01,10,2022,Municipal bonds_Anonymous Systems: IDBBs and ATSs,681.018,STRIP_MUNI,Municipal bonds,Anonymous Systems: IDBBs and ATSs
117,2022-10-01,10,2022,Municipal bonds_Banks,55.69,STRIP_MUNI,Municipal bonds,Banks
129,2022-10-01,10,2022,Municipal bonds_Institutional Clients,1311.914697,STRIP_MUNI,Municipal bonds,Institutional Clients
93,2022-10-01,10,2022,Municipal bonds_Investment Dealers,219.945984,STRIP_MUNI,Municipal bonds,Investment Dealers
165,2022-10-01,10,2022,Municipal bonds_Issuer,0,STRIP_MUNI,Municipal bonds,Issuer
153,2022-10-01,10,2022,Municipal bonds_Non-Residents,132.89116,STRIP_MUNI,Municipal bonds,Non-Residents
141,2022-10-01,10,2022,Municipal bonds_Retail Clients,238.881484,STRIP_MUNI,Municipal bonds,Retail Clients
21,2022-10-01,10,2022,Strip Bond Trading (coupons and residuals)_Anonymous Systems: IDBBs and ATSs,14.753049,STRIP_MUNI,Strip Bond Trading (coupons and residuals),Anonymous Systems: IDBBs and ATSs
33,2022-10-01,10,2022,Strip Bond Trading (coupons and residuals)_Banks,124.397071,STRIP_MUNI,Strip Bond Trading (coupons and residuals),Banks
45,2022-10-01,10,2022,Strip Bond Trading (coupons and residuals)_Institutional Clients,3229.497334,STRIP_MUNI,Strip Bond Trading (coupons and residuals),Institutional Clients
9,2022-10-01,10,2022,Strip Bond Trading (coupons and residuals)_Investment Dealers,241.843118,STRIP_MUNI,Strip Bond Trading (coupons and residuals),Investment Dealers
81,2022-10-01,10,2022,Strip Bond Trading (coupons and residuals)_Issuer,30,STRIP_MUNI,Strip Bond Trading (coupons and residuals),Issuer
69,2022-10-01,10,2022,Strip Bond Trading (coupons and residuals)_Non-Residents,222.207532,STRIP_MUNI,Strip Bond Trading (coupons and residuals),Non-Residents
57,2022-10-01,10,2022,Strip Bond Trading (coupons and residuals)_Retail Clients,292.478005,STRIP_MUNI,Strip Bond Trading (coupons and residuals),Retail Clients
106,2022-11-01,11,2022,Municipal bonds_Anonymous Systems: IDBBs and ATSs,485.7485,STRIP_MUNI,Municipal bonds,Anonymous Systems: IDBBs and ATSs
118,2022-11-01,11,2022,Municipal bonds_Banks,79.942,STRIP_MUNI,Municipal bonds,Banks
130,2022-11-01,11,2022,Municipal bonds_Institutional Clients,1464.34,STRIP_MUNI,Municipal bonds,Institutional Clients
94,2022-11-01,11,2022,Municipal bonds_Investment Dealers,236.3114,STRIP_MUNI,Municipal bonds,Investment Dealers
166,2022-11-01,11,2022,Municipal bonds_Issuer,0,STRIP_MUNI,Municipal bonds,Issuer
154,2022-11-01,11,2022,Municipal bonds_Non-Residents,263.740634,STRIP_MUNI,Municipal bonds,Non-Residents
142,2022-11-01,11,2022,Municipal bonds_Retail Clients,242.157714,STRIP_MUNI,Municipal bonds,Retail Clients
22,2022-11-01,11,2022,Strip Bond Trading (coupons and residuals)_Anonymous Systems: IDBBs and ATSs,18.68852,STRIP_MUNI,Strip Bond Trading (coupons and residuals),Anonymous Systems: IDBBs and ATSs
34,2022-11-01,11,2022,Strip Bond Trading (coupons and residuals)_Banks,252.739957,STRIP_MUNI,Strip Bond Trading (coupons and residuals),Banks
46,2022-11-01,11,2022,Strip Bond Trading (coupons and residuals)_Institutional Clients,5393.263518,STRIP_MUNI,Strip Bond Trading (coupons and residuals),Institutional Clients
10,2022-11-01,11,2022,Strip Bond Trading (coupons and residuals)_Investment Dealers,246.45764,STRIP_MUNI,Strip Bond Trading (coupons and residuals),Investment Dealers
82,2022-11-01,11,2022,Strip Bond Trading (coupons and residuals)_Issuer,56,STRIP_MUNI,Strip Bond Trading (coupons and residuals),Issuer
70,2022-11-01,11,2022,Strip Bond Trading (coupons and residuals)_Non-Residents,1133.928,STRIP_MUNI,Strip Bond Trading (coupons and residuals),Non-Residents
58,2022-11-01,11,2022,Strip Bond Trading (coupons and residuals)_Retail Clients,303.256493,STRIP_MUNI,Strip Bond Trading (coupons and residuals),Retail Clients
107,2022-12-01,12,2022,Municipal bonds_Anonymous Systems: IDBBs and ATSs,436.078,STRIP_MUNI,Municipal bonds,Anonymous Systems: IDBBs and ATSs
119,2022-12-01,12,2022,Municipal bonds_Banks,15.8155,STRIP_MUNI,Municipal bonds,Banks
131,2022-12-01,12,2022,Municipal bonds_Institutional Clients,1019.3668,STRIP_MUNI,Municipal bonds,Institutional Clients
95,2022-12-01,12,2022,Municipal bonds_Investment Dealers,113.578204,STRIP_MUNI,Municipal bonds,Investment Dealers
167,2022-12-01,12,2022,Municipal bonds_Issuer,2.843,STRIP_MUNI,Municipal bonds,Issuer
155,2022-12-01,12,2022,Municipal bonds_Non-Residents,279.510662,STRIP_MUNI,Municipal bonds,Non-Residents
143,2022-12-01,12,2022,Municipal bonds_Retail Clients,209.522051,STRIP_MUNI,Municipal bonds,Retail Clients
23,2022-12-01,12,2022,Strip Bond Trading (coupons and residuals)_Anonymous Systems: IDBBs and ATSs,0.384279,STRIP_MUNI,Strip Bond Trading (coupons and residuals),Anonymous Systems: IDBBs and ATSs
35,2022-12-01,12,2022,Strip Bond Trading (coupons and residuals)_Banks,34.587945,STRIP_MUNI,Strip Bond Trading (coupons and residuals),Banks
47,2022-12-01,12,2022,Strip Bond Trading (coupons and residuals)_Institutional Clients,3254.700166,STRIP_MUNI,Strip Bond Trading (coupons and residuals),Institutional Clients
11,2022-12-01,12,2022,Strip Bond Trading (coupons and residuals)_Investment Dealers,184.292237,STRIP_MUNI,Strip Bond Trading (coupons and residuals),Investment Dealers
83,2022-12-01,12,2022,Strip Bond Trading (coupons and residuals)_Issuer,30,STRIP_MUNI,Strip Bond Trading (coupons and residuals),Issuer
71,2022-12-01,12,2022,Strip Bond Trading (coupons and residuals)_Non-Residents,462.929785,STRIP_MUNI,Strip Bond Trading (coupons and residuals),Non-Residents
59,2022-12-01,12,2022,Strip Bond Trading (coupons and residuals)_Retail Clients,314.813063,STRIP_MUNI,Strip Bond Trading (coupons and residuals),Retail Clients
96,2023-01-01,1,2023,Municipal bonds_Anonymous Systems: IDBBs and ATSs,861.108,STRIP_MUNI,Municipal bonds,Anonymous Systems: IDBBs and ATSs
108,2023-01-01,1,2023,Municipal bonds_Banks,23.559185,STRIP_MUNI,Municipal bonds,Banks
120,2023-01-01,1,2023,Municipal bonds_Institutional Clients,1273.803864,STRIP_MUNI,Municipal bonds,Institutional Clients
84,2023-01-01,1,2023,Municipal bonds_Investment Dealers,119.919303,STRIP_MUNI,Municipal bonds,Investment Dealers
156,2023-01-01,1,2023,Municipal bonds_Issuer,0,STRIP_MUNI,Municipal bonds,Issuer
144,2023-01-01,1,2023,Municipal bonds_Non-Residents,116.506995,STRIP_MUNI,Municipal bonds,Non-Residents
132,2023-01-01,1,2023,Municipal bonds_Retail Clients,162.704948,STRIP_MUNI,Municipal bonds,Retail Clients
12,2023-01-01,1,2023,Strip Bond Trading (coupons and residuals)_Anonymous Systems: IDBBs and ATSs,8.262897,STRIP_MUNI,Strip Bond Trading (coupons and residuals),Anonymous Systems: IDBBs and ATSs
24,2023-01-01,1,2023,Strip Bond Trading (coupons and residuals)_Banks,259.827569,STRIP_MUNI,Strip Bond Trading (coupons and residuals),Banks
36,2023-01-01,1,2023,Strip Bond Trading (coupons and residuals)_Institutional Clients,2474.868867,STRIP_MUNI,Strip Bond Trading (coupons and residuals),Institutional Clients
0,2023-01-01,1,2023,Strip Bond Trading (coupons and residuals)_Investment Dealers,154.435563,STRIP_MUNI,Strip Bond Trading (coupons and residuals),Investment Dealers
72,2023-01-01,1,2023,Strip Bond Trading (coupons and residuals)_Issuer,97,STRIP_MUNI,Strip Bond Trading (coupons and residuals),Issuer
60,2023-01-01,1,2023,Strip Bond Trading (coupons and residuals)_Non-Residents,118.937364,STRIP_MUNI,Strip Bond Trading (coupons and residuals),Non-Residents
48,2023-01-01,1,2023,Strip Bond Trading (coupons and residuals)_Retail Clients,293.728264,STRIP_MUNI,Strip Bond Trading (coupons and residuals),Retail Clients
97,2023-02-01,2,2023,Municipal bonds_Anonymous Systems: IDBBs and ATSs,762.298,STRIP_MUNI,Municipal bonds,Anonymous Systems: IDBBs and ATSs
109,2023-02-01,2,2023,Municipal bonds_Banks,150.114,STRIP_MUNI,Municipal bonds,Banks
121,2023-02-01,2,2023,Municipal bonds_Institutional Clients,1179.658,STRIP_MUNI,Municipal bonds,Institutional Clients
85,2023-02-01,2,2023,Municipal bonds_Investment Dealers,171.4178,STRIP_MUNI,Municipal bonds,Investment Dealers
157,2023-02-01,2,2023,Municipal bonds_Issuer,10,STRIP_MUNI,Municipal bonds,Issuer
145,2023-02-01,2,2023,Municipal bonds_Non-Residents,136.1852,STRIP_MUNI,Municipal bonds,Non-Residents
133,2023-02-01,2,2023,Municipal bonds_Retail Clients,148.175037,STRIP_MUNI,Municipal bonds,Retail Clients
13,2023-02-01,2,2023,Strip Bond Trading (coupons and residuals)_Anonymous Systems: IDBBs and ATSs,20.509684,STRIP_MUNI,Strip Bond Trading (coupons and residuals),Anonymous Systems: IDBBs and ATSs
25,2023-02-01,2,2023,Strip Bond Trading (coupons and residuals)_Banks,200.867177,STRIP_MUNI,Strip Bond Trading (coupons and residuals),Banks
37,2023-02-01,2,2023,Strip Bond Trading (coupons and residuals)_Institutional Clients,2985.290579,STRIP_MUNI,Strip Bond Trading (coupons and residuals),Institutional Clients
1,2023-02-01,2,2023,Strip Bond Trading (coupons and residuals)_Investment Dealers,185.179928,STRIP_MUNI,Strip Bond Trading (coupons and residuals),Investment Dealers
73,2023-02-01,2,2023,Strip Bond Trading (coupons and residuals)_Issuer,14,STRIP_MUNI,Strip Bond Trading (coupons and residuals),Issuer
61,2023-02-01,2,2023,Strip Bond Trading (coupons and residuals)_Non-Residents,133.984963,STRIP_MUNI,Strip Bond Trading (coupons and residuals),Non-Residents
49,2023-02-01,2,2023,Strip Bond Trading (coupons and residuals)_Retail Clients,307.347959,STRIP_MUNI,Strip Bond Trading (coupons and residuals),Retail Clients
98,2023-03-01,3,2023,Municipal bonds_Anonymous Systems: IDBBs and ATSs,775.7055,STRIP_MUNI,Municipal bonds,Anonymous Systems: IDBBs and ATSs
110,2023-03-01,3,2023,Municipal bonds_Banks,75.431,STRIP_MUNI,Municipal bonds,Banks
122,2023-03-01,3,2023,Municipal bonds_Institutional Clients,1793.6655,STRIP_MUNI,Municipal bonds,Institutional Clients
86,2023-03-01,3,2023,Municipal bonds_Investment Dealers,234.59485,STRIP_MUNI,Municipal bonds,Investment Dealers
158,2023-03-01,3,2023,Municipal bonds_Issuer,5.252,STRIP_MUNI,Municipal bonds,Issuer
146,2023-03-01,3,2023,Municipal bonds_Non-Residents,94.805629,STRIP_MUNI,Municipal bonds,Non-Residents
134,2023-03-01,3,2023,Municipal bonds_Retail Clients,235.57603,STRIP_MUNI,Municipal bonds,Retail Clients
14,2023-03-01,3,2023,Strip Bond Trading (coupons and residuals)_Anonymous Systems: IDBBs and ATSs,20.332137,STRIP_MUNI,Strip Bond Trading (coupons and residuals),Anonymous Systems: IDBBs and ATSs
26,2023-03-01,3,2023,Strip Bond Trading (coupons and residuals)_Banks,40.768302,STRIP_MUNI,Strip Bond Trading (coupons and residuals),Banks
38,2023-03-01,3,2023,Strip Bond Trading (coupons and residuals)_Institutional Clients,4176.312653,STRIP_MUNI,Strip Bond Trading (coupons and residuals),Institutional Clients
2,2023-03-01,3,2023,Strip Bond Trading (coupons and residuals)_Investment Dealers,131.618558,STRIP_MUNI,Strip Bond Trading (coupons and residuals),Investment Dealers
74,2023-03-01,3,2023,Strip Bond Trading (coupons and residuals)_Issuer,40,STRIP_MUNI,Strip Bond Trading (coupons and residuals),Issuer
62,2023-03-01,3,2023,Strip Bond Trading (coupons and residuals)_Non-Residents,319.451397,STRIP_MUNI,Strip Bond Trading (coupons and residuals),Non-Residents
50,2023-03-01,3,2023,Strip Bond Trading (coupons and residuals)_Retail Clients,422.924263,STRIP_MUNI,Strip Bond Trading (coupons and residuals),Retail Clients
99,2023-04-01,4,2023,Municipal bonds_Anonymous Systems: IDBBs and ATSs,985.0175,STRIP_MUNI,Municipal bonds,Anonymous Systems: IDBBs and ATSs
111,2023-04-01,4,2023,Municipal bonds_Banks,265.5385,STRIP_MUNI,Municipal bonds,Banks
123,2023-04-01,4,2023,Municipal bonds_Institutional Clients,1515.399,STRIP_MUNI,Municipal bonds,Institutional Clients
87,2023-04-01,4,2023,Municipal bonds_Investment Dealers,273.688121,STRIP_MUNI,Municipal bonds,Investment Dealers
159,2023-04-01,4,2023,Municipal bonds_Issuer,16.594,STRIP_MUNI,Municipal bonds,Issuer
147,2023-04-01,4,2023,Municipal bonds_Non-Residents,116.946203,STRIP_MUNI,Municipal bonds,Non-Residents
135,2023-04-01,4,2023,Municipal bonds_Retail Clients,233.878614,STRIP_MUNI,Municipal bonds,Retail Clients
15,2023-04-01,4,2023,Strip Bond Trading (coupons and residuals)_Anonymous Systems: IDBBs and ATSs,0.1163,STRIP_MUNI,Strip Bond Trading (coupons and residuals),Anonymous Systems: IDBBs and ATSs
27,2023-04-01,4,2023,Strip Bond Trading (coupons and residuals)_Banks,99.142609,STRIP_MUNI,Strip Bond Trading (coupons and residuals),Banks
39,2023-04-01,4,2023,Strip Bond Trading (coupons and residuals)_Institutional Clients,1916.992364,STRIP_MUNI,Strip Bond Trading (coupons and residuals),Institutional Clients
3,2023-04-01,4,2023,Strip Bond Trading (coupons and residuals)_Investment Dealers,235.081389,STRIP_MUNI,Strip Bond Trading (coupons and residuals),Investment Dealers
75,2023-04-01,4,2023,Strip Bond Trading (coupons and residuals)_Issuer,70,STRIP_MUNI,Strip Bond Trading (coupons and residuals),Issuer
63,2023-04-01,4,2023,Strip Bond Trading (coupons and residuals)_Non-Residents,129.744946,STRIP_MUNI,Strip Bond Trading (coupons and residuals),Non-Residents
51,2023-04-01,4,2023,Strip Bond Trading (coupons and residuals)_Retail Clients,324.036923,STRIP_MUNI,Strip Bond Trading (coupons and residuals),Retail Clients
100,2023-05-01,5,2023,Municipal bonds_Anonymous Systems: IDBBs and ATSs,1001.0585,STRIP_MUNI,Municipal bonds,Anonymous Systems: IDBBs and ATSs
112,2023-05-01,5,2023,Municipal bonds_Banks,59.004,STRIP_MUNI,Municipal bonds,Banks
124,2023-05-01,5,2023,Municipal bonds_Institutional Clients,1452.58888,STRIP_MUNI,Municipal bonds,Institutional Clients
88,2023-05-01,5,2023,Municipal bonds_Investment Dealers,234.33637,STRIP_MUNI,Municipal bonds,Investment Dealers
160,2023-05-01,5,2023,Municipal bonds_Issuer,10.51,STRIP_MUNI,Municipal bonds,Issuer
148,2023-05-01,5,2023,Municipal bonds_Non-Residents,148.856,STRIP_MUNI,Municipal bonds,Non-Residents
136,2023-05-01,5,2023,Municipal bonds_Retail Clients,247.015512,STRIP_MUNI,Municipal bonds,Retail Clients
16,2023-05-01,5,2023,Strip Bond Trading (coupons and residuals)_Anonymous Systems: IDBBs and ATSs,32.296678,STRIP_MUNI,Strip Bond Trading (coupons and residuals),Anonymous Systems: IDBBs and ATSs
28,2023-05-01,5,2023,Strip Bond Trading (coupons and residuals)_Banks,37.104347,STRIP_MUNI,Strip Bond Trading (coupons and residuals),Banks
40,2023-05-01,5,2023,Strip Bond Trading (coupons and residuals)_Institutional Clients,3257.536723,STRIP_MUNI,Strip Bond Trading (coupons and residuals),Institutional Clients
4,2023-05-01,5,2023,Strip Bond Trading (coupons and residuals)_Investment Dealers,238.127147,STRIP_MUNI,Strip Bond Trading (coupons and residuals),Investment Dealers
76,2023-05-01,5,2023,Strip Bond Trading (coupons and residuals)_Issuer,15,STRIP_MUNI,Strip Bond Trading (coupons and residuals),Issuer
64,2023-05-01,5,2023,Strip Bond Trading (coupons and residuals)_Non-Residents,91.578016,STRIP_MUNI,Strip Bond Trading (coupons and residuals),Non-Residents
52,2023-05-01,5,2023,Strip Bond Trading (coupons and residuals)_Retail Clients,404.42667,STRIP_MUNI,Strip Bond Trading (coupons and residuals),Retail Clients
101,2023-06-01,6,2023,Municipal bonds_Anonymous Systems: IDBBs and ATSs,764.9315,STRIP_MUNI,Municipal bonds,Anonymous Systems: IDBBs and ATSs
113,2023-06-01,6,2023,Municipal bonds_Banks,147.9515,STRIP_MUNI,Municipal bonds,Banks
125,2023-06-01,6,2023,Municipal bonds_Institutional Clients,1997.771501,STRIP_MUNI,Municipal bonds,Institutional Clients
89,2023-06-01,6,2023,Municipal bonds_Investment Dealers,271.5429,STRIP_MUNI,Municipal bonds,Investment Dealers
161,2023-06-01,6,2023,Municipal bonds_Issuer,39.881,STRIP_MUNI,Municipal bonds,Issuer
149,2023-06-01,6,2023,Municipal bonds_Non-Residents,198.991104,STRIP_MUNI,Municipal bonds,Non-Residents
137,2023-06-01,6,2023,Municipal bonds_Retail Clients,260.424757,STRIP_MUNI,Municipal bonds,Retail Clients
17,2023-06-01,6,2023,Strip Bond Trading (coupons and residuals)_Anonymous Systems: IDBBs and ATSs,34.15735,STRIP_MUNI,Strip Bond Trading (coupons and residuals),Anonymous Systems: IDBBs and ATSs
29,2023-06-01,6,2023,Strip Bond Trading (coupons and residuals)_Banks,67.560508,STRIP_MUNI,Strip Bond Trading (coupons and residuals),Banks
41,2023-06-01,6,2023,Strip Bond Trading (coupons and residuals)_Institutional Clients,3728.030302,STRIP_MUNI,Strip Bond Trading (coupons and residuals),Institutional Clients
5,2023-06-01,6,2023,Strip Bond Trading (coupons and residuals)_Investment Dealers,251.26152,STRIP_MUNI,Strip Bond Trading (coupons and residuals),Investment Dealers
77,2023-06-01,6,2023,Strip Bond Trading (coupons and residuals)_Issuer,30,STRIP_MUNI,Strip Bond Trading (coupons and residuals),Issuer
65,2023-06-01,6,2023,Strip Bond Trading (coupons and residuals)_Non-Residents,483.524024,STRIP_MUNI,Strip Bond Trading (coupons and residuals),Non-Residents
53,2023-06-01,6,2023,Strip Bond Trading (coupons and residuals)_Retail Clients,345.469819,STRIP_MUNI,Strip Bond Trading (coupons and residuals),Retail Clients
102,2023-07-01,7,2023,Municipal bonds_Anonymous Systems: IDBBs and ATSs,701.855,STRIP_MUNI,Municipal bonds,Anonymous Systems: IDBBs and ATSs
114,2023-07-01,7,2023,Municipal bonds_Banks,183.07229,STRIP_MUNI,Municipal bonds,Banks
126,2023-07-01,7,2023,Municipal bonds_Institutional Clients,1303.972516,STRIP_MUNI,Municipal bonds,Institutional Clients
90,2023-07-01,7,2023,Municipal bonds_Investment Dealers,208.57579,STRIP_MUNI,Municipal bonds,Investment Dealers
162,2023-07-01,7,2023,Municipal bonds_Issuer,17.625,STRIP_MUNI,Municipal bonds,Issuer
150,2023-07-01,7,2023,Municipal bonds_Non-Residents,186.485784,STRIP_MUNI,Municipal bonds,Non-Residents
138,2023-07-01,7,2023,Municipal bonds_Retail Clients,241.811649,STRIP_MUNI,Municipal bonds,Retail Clients
18,2023-07-01,7,2023,Strip Bond Trading (coupons and residuals)_Anonymous Systems: IDBBs and ATSs,0.3619,STRIP_MUNI,Strip Bond Trading (coupons and residuals),Anonymous Systems: IDBBs and ATSs
30,2023-07-01,7,2023,Strip Bond Trading (coupons and residuals)_Banks,49.187193,STRIP_MUNI,Strip Bond Trading (coupons and residuals),Banks
42,2023-07-01,7,2023,Strip Bond Trading (coupons and residuals)_Institutional Clients,1966.24187,STRIP_MUNI,Strip Bond Trading (coupons and residuals),Institutional Clients
6,2023-07-01,7,2023,Strip Bond Trading (coupons and residuals)_Investment Dealers,141.337748,STRIP_MUNI,Strip Bond Trading (coupons and residuals),Investment Dealers
78,2023-07-01,7,2023,Strip Bond Trading (coupons and residuals)_Issuer,10,STRIP_MUNI,Strip Bond Trading (coupons and residuals),Issuer
66,2023-07-01,7,2023,Strip Bond Trading (coupons and residuals)_Non-Residents,161.546681,STRIP_MUNI,Strip Bond Trading (coupons and residuals),Non-Residents
54,2023-07-01,7,2023,Strip Bond Trading (coupons and residuals)_Retail Clients,234.018789,STRIP_MUNI,Strip Bond Trading (coupons and residuals),Retail Clients
103,2023-08-01,8,2023,Municipal bonds_Anonymous Systems: IDBBs and ATSs,1179.6505,STRIP_MUNI,Municipal bonds,Anonymous Systems: IDBBs and ATSs
115,2023-08-01,8,2023,Municipal bonds_Banks,152.89365,STRIP_MUNI,Municipal bonds,Banks
127,2023-08-01,8,2023,Municipal bonds_Institutional Clients,1813.871197,STRIP_MUNI,Municipal bonds,Institutional Clients
91,2023-08-01,8,2023,Municipal bonds_Investment Dealers,319.87515,STRIP_MUNI,Municipal bonds,Investment Dealers
163,2023-08-01,8,2023,Municipal bonds_Issuer,81.848,STRIP_MUNI,Municipal bonds,Issuer
151,2023-08-01,8,2023,Municipal bonds_Non-Residents,412.346737,STRIP_MUNI,Municipal bonds,Non-Residents
139,2023-08-01,8,2023,Municipal bonds_Retail Clients,537.698709,STRIP_MUNI,Municipal bonds,Retail Clients
19,2023-08-01,8,2023,Strip Bond Trading (coupons and residuals)_Anonymous Systems: IDBBs and ATSs,80.613952,STRIP_MUNI,Strip Bond Trading (coupons and residuals),Anonymous Systems: IDBBs and ATSs
31,2023-08-01,8,2023,Strip Bond Trading (coupons and residuals)_Banks,56.133583,STRIP_MUNI,Strip Bond Trading (coupons and residuals),Banks
43,2023-08-01,8,2023,Strip Bond Trading (coupons and residuals)_Institutional Clients,2101.623554,STRIP_MUNI,Strip Bond Trading (coupons and residuals),Institutional Clients
7,2023-08-01,8,2023,Strip Bond Trading (coupons and residuals)_Investment Dealers,200.718956,STRIP_MUNI,Strip Bond Trading (coupons and residuals),Investment Dealers
79,2023-08-01,8,2023,Strip Bond Trading (coupons and residuals)_Issuer,8,STRIP_MUNI,Strip Bond Trading (coupons and residuals),Issuer
67,2023-08-01,8,2023,Strip Bond Trading (coupons and residuals)_Non-Residents,86.332647,STRIP_MUNI,Strip Bond Trading (coupons and residuals),Non-Residents
55,2023-08-01,8,2023,Strip Bond Trading (coupons and residuals)_Retail Clients,302.914316,STRIP_MUNI,Strip Bond Trading (coupons and residuals),Retail Clients
104,2023-09-01,9,2023,Municipal bonds_Anonymous Systems: IDBBs and ATSs,1057.095,STRIP_MUNI,Municipal bonds,Anonymous Systems: IDBBs and ATSs
116,2023-09-01,9,2023,Municipal bonds_Banks,154.1155,STRIP_MUNI,Municipal bonds,Banks
128,2023-09-01,9,2023,Municipal bonds_Institutional Clients,2179.735077,STRIP_MUNI,Municipal bonds,Institutional Clients
92,2023-09-01,9,2023,Municipal bonds_Investment Dealers,255.296378,STRIP_MUNI,Municipal bonds,Investment Dealers
164,2023-09-01,9,2023,Municipal bonds_Issuer,34.909,STRIP_MUNI,Municipal bonds,Issuer
152,2023-09-01,9,2023,Municipal bonds_Non-Residents,169.371101,STRIP_MUNI,Municipal bonds,Non-Residents
140,2023-09-01,9,2023,Municipal bonds_Retail Clients,341.026703,STRIP_MUNI,Municipal bonds,Retail Clients
20,2023-09-01,9,2023,Strip Bond Trading (coupons and residuals)_Anonymous Systems: IDBBs and ATSs,50.430678,STRIP_MUNI,Strip Bond Trading (coupons and residuals),Anonymous Systems: IDBBs and ATSs
32,2023-09-01,9,2023,Strip Bond Trading (coupons and residuals)_Banks,45.845717,STRIP_MUNI,Strip Bond Trading (coupons and residuals),Banks
44,2023-09-01,9,2023,Strip Bond Trading (coupons and residuals)_Institutional Clients,3233.649123,STRIP_MUNI,Strip Bond Trading (coupons and residuals),Institutional Clients
8,2023-09-01,9,2023,Strip Bond Trading (coupons and residuals)_Investment Dealers,115.626047,STRIP_MUNI,Strip Bond Trading (coupons and residuals),Investment Dealers
80,2023-09-01,9,2023,Strip Bond Trading (coupons and residuals)_Issuer,17.9,STRIP_MUNI,Strip Bond Trading (coupons and residuals),Issuer
68,2023-09-01,9,2023,Strip Bond Trading (coupons and residuals)_Non-Residents,43.225812,STRIP_MUNI,Strip Bond Trading (coupons and residuals),Non-Residents
56,2023-09-01,9,2023,Strip Bond Trading (coupons and residuals)_Retail Clients,319.411484,STRIP_MUNI,Strip Bond Trading (coupons and residuals),Retail Clients
105,2023-10-01,10,2023,Municipal bonds_Anonymous Systems: IDBBs and ATSs,1081.3365,STRIP_MUNI,Municipal bonds,Anonymous Systems: IDBBs and ATSs
117,2023-10-01,10,2023,Municipal bonds_Banks,89.829,STRIP_MUNI,Municipal bonds,Banks
129,2023-10-01,10,2023,Municipal bonds_Institutional Clients,1550.3945,STRIP_MUNI,Municipal bonds,Institutional Clients
93,2023-10-01,10,2023,Municipal bonds_Investment Dealers,360.4556,STRIP_MUNI,Municipal bonds,Investment Dealers
165,2023-10-01,10,2023,Municipal bonds_Issuer,41.952,STRIP_MUNI,Municipal bonds,Issuer
153,2023-10-01,10,2023,Municipal bonds_Non-Residents,62.899424,STRIP_MUNI,Municipal bonds,Non-Residents
141,2023-10-01,10,2023,Municipal bonds_Retail Clients,244.76139,STRIP_MUNI,Municipal bonds,Retail Clients
21,2023-10-01,10,2023,Strip Bond Trading (coupons and residuals)_Anonymous Systems: IDBBs and ATSs,0.504396,STRIP_MUNI,Strip Bond Trading (coupons and residuals),Anonymous Systems: IDBBs and ATSs
33,2023-10-01,10,2023,Strip Bond Trading (coupons and residuals)_Banks,40.390321,STRIP_MUNI,Strip Bond Trading (coupons and residuals),Banks
45,2023-10-01,10,2023,Strip Bond Trading (coupons and residuals)_Institutional Clients,3515.352687,STRIP_MUNI,Strip Bond Trading (coupons and residuals),Institutional Clients
9,2023-10-01,10,2023,Strip Bond Trading (coupons and residuals)_Investment Dealers,205.762394,STRIP_MUNI,Strip Bond Trading (coupons and residuals),Investment Dealers
81,2023-10-01,10,2023,Strip Bond Trading (coupons and residuals)_Issuer,0,STRIP_MUNI,Strip Bond Trading (coupons and residuals),Issuer
69,2023-10-01,10,2023,Strip Bond Trading (coupons and residuals)_Non-Residents,196.55936,STRIP_MUNI,Strip Bond Trading (coupons and residuals),Non-Residents
57,2023-10-01,10,2023,Strip Bond Trading (coupons and residuals)_Retail Clients,326.161136,STRIP_MUNI,Strip Bond Trading (coupons and residuals),Retail Clients
106,2023-11-01,11,2023,Municipal bonds_Anonymous Systems: IDBBs and ATSs,1334.46,STRIP_MUNI,Municipal bonds,Anonymous Systems: IDBBs and ATSs
118,2023-11-01,11,2023,Municipal bonds_Banks,138.4184,STRIP_MUNI,Municipal bonds,Banks
130,2023-11-01,11,2023,Municipal bonds_Institutional Clients,2225.68982,STRIP_MUNI,Municipal bonds,Institutional Clients
94,2023-11-01,11,2023,Municipal bonds_Investment Dealers,319.262199,STRIP_MUNI,Municipal bonds,Investment Dealers
166,2023-11-01,11,2023,Municipal bonds_Issuer,49.171,STRIP_MUNI,Municipal bonds,Issuer
154,2023-11-01,11,2023,Municipal bonds_Non-Residents,216.590252,STRIP_MUNI,Municipal bonds,Non-Residents
142,2023-11-01,11,2023,Municipal bonds_Retail Clients,278.561965,STRIP_MUNI,Municipal bonds,Retail Clients
22,2023-11-01,11,2023,Strip Bond Trading (coupons and residuals)_Anonymous Systems: IDBBs and ATSs,0.437122,STRIP_MUNI,Strip Bond Trading (coupons and residuals),Anonymous Systems: IDBBs and ATSs
34,2023-11-01,11,2023,Strip Bond Trading (coupons and residuals)_Banks,120.994601,STRIP_MUNI,Strip Bond Trading (coupons and residuals),Banks
46,2023-11-01,11,2023,Strip Bond Trading (coupons and residuals)_Institutional Clients,4305.146958,STRIP_MUNI,Strip Bond Trading (coupons and residuals),Institutional Clients
10,2023-11-01,11,2023,Strip Bond Trading (coupons and residuals)_Investment Dealers,292.586672,STRIP_MUNI,Strip Bond Trading (coupons and residuals),Investment Dealers
82,2023-11-01,11,2023,Strip Bond Trading (coupons and residuals)_Issuer,83,STRIP_MUNI,Strip Bond Trading (coupons and residuals),Issuer
70,2023-11-01,11,2023,Strip Bond Trading (coupons and residuals)_Non-Residents,525.265347,STRIP_MUNI,Strip Bond Trading (coupons and residuals),Non-Residents
58,2023-11-01,11,2023,Strip Bond Trading (coupons and residuals)_Retail Clients,319.820359,STRIP_MUNI,Strip Bond Trading (coupons and residuals),Retail Clients
107,2023-12-01,12,2023,Municipal bonds_Anonymous Systems: IDBBs and ATSs,855.1385,STRIP_MUNI,Municipal bonds,Anonymous Systems: IDBBs and ATSs
119,2023-12-01,12,2023,Municipal bonds_Banks,255.307,STRIP_MUNI,Municipal bonds,Banks
131,2023-12-01,12,2023,Municipal bonds_Institutional Clients,1926.472,STRIP_MUNI,Municipal bonds,Institutional Clients
95,2023-12-01,12,2023,Municipal bonds_Investment Dealers,294.8836,STRIP_MUNI,Municipal bonds,Investment Dealers
167,2023-12-01,12,2023,Municipal bonds_Issuer,10.875,STRIP_MUNI,Municipal bonds,Issuer
155,2023-12-01,12,2023,Municipal bonds_Non-Residents,191.90481,STRIP_MUNI,Municipal bonds,Non-Residents
143,2023-12-01,12,2023,Municipal bonds_Retail Clients,258.980556,STRIP_MUNI,Municipal bonds,Retail Clients
23,2023-12-01,12,2023,Strip Bond Trading (coupons and residuals)_Anonymous Systems: IDBBs and ATSs,0.871242,STRIP_MUNI,Strip Bond Trading (coupons and residuals),Anonymous Systems: IDBBs and ATSs
35,2023-12-01,12,2023,Strip Bond Trading (coupons and residuals)_Banks,15.844907,STRIP_MUNI,Strip Bond Trading (coupons and residuals),Banks
47,2023-12-01,12,2023,Strip Bond Trading (coupons and residuals)_Institutional Clients,4561.464452,STRIP_MUNI,Strip Bond Trading (coupons and residuals),Institutional Clients
11,2023-12-01,12,2023,Strip Bond Trading (coupons and residuals)_Investment Dealers,108.398916,STRIP_MUNI,Strip Bond Trading (coupons and residuals),Investment Dealers
83,2023-12-01,12,2023,Strip Bond Trading (coupons and residuals)_Issuer,0,STRIP_MUNI,Strip Bond Trading (coupons and residuals),Issuer
71,2023-12-01,12,2023,Strip Bond Trading (coupons and residuals)_Non-Residents,171.185541,STRIP_MUNI,Strip Bond Trading (coupons and residuals),Non-Residents
59,2023-12-01,12,2023,Strip Bond Trading (coupons and residuals)_Retail Clients,352.447134,STRIP_MUNI,Strip Bond Trading (coupons and residuals),Retail Clients
96,2024-01-01,1,2024,Municipal bonds_Anonymous Systems: IDBBs and ATSs,1381.7515,STRIP_MUNI,Municipal bonds,Anonymous Systems: IDBBs and ATSs
108,2024-01-01,1,2024,Municipal bonds_Banks,143.017,STRIP_MUNI,Municipal bonds,Banks
120,2024-01-01,1,2024,Municipal bonds_Institutional Clients,1369.725,STRIP_MUNI,Municipal bonds,Institutional Clients
84,2024-01-01,1,2024,Municipal bonds_Investment Dealers,220.15335,STRIP_MUNI,Municipal bonds,Investment Dealers
156,2024-01-01,1,2024,Municipal bonds_Issuer,3.56,STRIP_MUNI,Municipal bonds,Issuer
144,2024-01-01,1,2024,Municipal bonds_Non-Residents,84.060308,STRIP_MUNI,Municipal bonds,Non-Residents
132,2024-01-01,1,2024,Municipal bonds_Retail Clients,227.717601,STRIP_MUNI,Municipal bonds,Retail Clients
12,2024-01-01,1,2024,Strip Bond Trading (coupons and residuals)_Anonymous Systems: IDBBs and ATSs,120.537833,STRIP_MUNI,Strip Bond Trading (coupons and residuals),Anonymous Systems: IDBBs and ATSs
24,2024-01-01,1,2024,Strip Bond Trading (coupons and residuals)_Banks,48.177075,STRIP_MUNI,Strip Bond Trading (coupons and residuals),Banks
36,2024-01-01,1,2024,Strip Bond Trading (coupons and residuals)_Institutional Clients,2767.425484,STRIP_MUNI,Strip Bond Trading (coupons and residuals),Institutional Clients
0,2024-01-01,1,2024,Strip Bond Trading (coupons and residuals)_Investment Dealers,196.216713,STRIP_MUNI,Strip Bond Trading (coupons and residuals),Investment Dealers
72,2024-01-01,1,2024,Strip Bond Trading (coupons and residuals)_Issuer,0,STRIP_MUNI,Strip Bond Trading (coupons and residuals),Issuer
60,2024-01-01,1,2024,Strip Bond Trading (coupons and residuals)_Non-Residents,77.173396,STRIP_MUNI,Strip Bond Trading (coupons and residuals),Non-Residents
48,2024-01-01,1,2024,Strip Bond Trading (coupons and residuals)_Retail Clients,398.258571,STRIP_MUNI,Strip Bond Trading (coupons and residuals),Retail Clients
97,2024-02-01,2,2024,Municipal bonds_Anonymous Systems: IDBBs and ATSs,1555.0395,STRIP_MUNI,Municipal bonds,Anonymous Systems: IDBBs and ATSs
109,2024-02-01,2,2024,Municipal bonds_Banks,130.03,STRIP_MUNI,Municipal bonds,Banks
121,2024-02-01,2,2024,Municipal bonds_Institutional Clients,1319.099,STRIP_MUNI,Municipal bonds,Institutional Clients
85,2024-02-01,2,2024,Municipal bonds_Investment Dealers,401.44935,STRIP_MUNI,Municipal bonds,Investment Dealers
157,2024-02-01,2,2024,Municipal bonds_Issuer,28.098,STRIP_MUNI,Municipal bonds,Issuer
145,2024-02-01,2,2024,Municipal bonds_Non-Residents,177.068771,STRIP_MUNI,Municipal bonds,Non-Residents
133,2024-02-01,2,2024,Municipal bonds_Retail Clients,341.050926,STRIP_MUNI,Municipal bonds,Retail Clients
13,2024-02-01,2,2024,Strip Bond Trading (coupons and residuals)_Anonymous Systems: IDBBs and ATSs,80.22175,STRIP_MUNI,Strip Bond Trading (coupons and residuals),Anonymous Systems: IDBBs and ATSs
25,2024-02-01,2,2024,Strip Bond Trading (coupons and residuals)_Banks,181.026433,STRIP_MUNI,Strip Bond Trading (coupons and residuals),Banks
37,2024-02-01,2,2024,Strip Bond Trading (coupons and residuals)_Institutional Clients,5048.00024,STRIP_MUNI,Strip Bond Trading (coupons and residuals),Institutional Clients
1,2024-02-01,2,2024,Strip Bond Trading (coupons and residuals)_Investment Dealers,289.125809,STRIP_MUNI,Strip Bond Trading (coupons and residuals),Investment Dealers
73,2024-02-01,2,2024,Strip Bond Trading (coupons and residuals)_Issuer,0,STRIP_MUNI,Strip Bond Trading (coupons and residuals),Issuer
61,2024-02-01,2,2024,Strip Bond Trading (coupons and residuals)_Non-Residents,73.470498,STRIP_MUNI,Strip Bond Trading (coupons and residuals),Non-Residents
49,2024-02-01,2,2024,Strip Bond Trading (coupons and residuals)_Retail Clients,345.279243,STRIP_MUNI,Strip Bond Trading (coupons and residuals),Retail Clients
98,2024-03-01,3,2024,Municipal bonds_Anonymous Systems: IDBBs and ATSs,1364.62,STRIP_MUNI,Municipal bonds,Anonymous Systems: IDBBs and ATSs
110,2024-03-01,3,2024,Municipal bonds_Banks,136.808,STRIP_MUNI,Municipal bonds,Banks
122,2024-03-01,3,2024,Municipal bonds_Institutional Clients,1564.6037,STRIP_MUNI,Municipal bonds,Institutional Clients
86,2024-03-01,3,2024,Municipal bonds_Investment Dealers,341.963406,STRIP_MUNI,Municipal bonds,Investment Dealers
158,2024-03-01,3,2024,Municipal bonds_Issuer,30.996,STRIP_MUNI,Municipal bonds,Issuer
146,2024-03-01,3,2024,Municipal bonds_Non-Residents,237.428151,STRIP_MUNI,Municipal bonds,Non-Residents
134,2024-03-01,3,2024,Municipal bonds_Retail Clients,249.676112,STRIP_MUNI,Municipal bonds,Retail Clients
14,2024-03-01,3,2024,Strip Bond Trading (coupons and residuals)_Anonymous Systems: IDBBs and ATSs,30.322204,STRIP_MUNI,Strip Bond Trading (coupons and residuals),Anonymous Systems: IDBBs and ATSs
26,2024-03-01,3,2024,Strip Bond Trading (coupons and residuals)_Banks,58.015663,STRIP_MUNI,Strip Bond Trading (coupons and residuals),Banks
38,2024-03-01,3,2024,Strip Bond Trading (coupons and residuals)_Institutional Clients,2416.062391,STRIP_MUNI,Strip Bond Trading (coupons and residuals),Institutional Clients
2,2024-03-01,3,2024,Strip Bond Trading (coupons and residuals)_Investment Dealers,322.531448,STRIP_MUNI,Strip Bond Trading (coupons and residuals),Investment Dealers
74,2024-03-01,3,2024,Strip Bond Trading (coupons and residuals)_Issuer,30,STRIP_MUNI,Strip Bond Trading (coupons and residuals),Issuer
62,2024-03-01,3,2024,Strip Bond Trading (coupons and residuals)_Non-Residents,41.215966,STRIP_MUNI,Strip Bond Trading (coupons and residuals),Non-Residents
50,2024-03-01,3,2024,Strip Bond Trading (coupons and residuals)_Retail Clients,315.393524,STRIP_MUNI,Strip Bond Trading (coupons and residuals),Retail Clients
99,2024-04-01,4,2024,Municipal bonds_Anonymous Systems: IDBBs and ATSs,1761.3025,STRIP_MUNI,Municipal bonds,Anonymous Systems: IDBBs and ATSs
111,2024-04-01,4,2024,Municipal bonds_Banks,195.2135,STRIP_MUNI,Municipal bonds,Banks
123,2024-04-01,4,2024,Municipal bonds_Institutional Clients,2000.966305,STRIP_MUNI,Municipal bonds,Institutional Clients
87,2024-04-01,4,2024,Municipal bonds_Investment Dealers,275.3591,STRIP_MUNI,Municipal bonds,Investment Dealers
159,2024-04-01,4,2024,Municipal bonds_Issuer,17.804,STRIP_MUNI,Municipal bonds,Issuer
147,2024-04-01,4,2024,Municipal bonds_Non-Residents,137.4675,STRIP_MUNI,Municipal bonds,Non-Residents
135,2024-04-01,4,2024,Municipal bonds_Retail Clients,336.618864,STRIP_MUNI,Municipal bonds,Retail Clients
15,2024-04-01,4,2024,Strip Bond Trading (coupons and residuals)_Anonymous Systems: IDBBs and ATSs,137.273875,STRIP_MUNI,Strip Bond Trading (coupons and residuals),Anonymous Systems: IDBBs and ATSs
27,2024-04-01,4,2024,Strip Bond Trading (coupons and residuals)_Banks,175.257287,STRIP_MUNI,Strip Bond Trading (coupons and residuals),Banks
39,2024-04-01,4,2024,Strip Bond Trading (coupons and residuals)_Institutional Clients,2653.059568,STRIP_MUNI,Strip Bond Trading (coupons and residuals),Institutional Clients
3,2024-04-01,4,2024,Strip Bond Trading (coupons and residuals)_Investment Dealers,305.587313,STRIP_MUNI,Strip Bond Trading (coupons and residuals),Investment Dealers
75,2024-04-01,4,2024,Strip Bond Trading (coupons and residuals)_Issuer,34,STRIP_MUNI,Strip Bond Trading (coupons and residuals),Issuer
63,2024-04-01,4,2024,Strip Bond Trading (coupons and residuals)_Non-Residents,106.68458,STRIP_MUNI,Strip Bond Trading (coupons and residuals),Non-Residents
51,2024-04-01,4,2024,Strip Bond Trading (coupons and residuals)_Retail Clients,528.226483,STRIP_MUNI,Strip Bond Trading (coupons and residuals),Retail Clients
100,2024-05-01,5,2024,Municipal bonds_Anonymous Systems: IDBBs and ATSs,2066.438,STRIP_MUNI,Municipal bonds,Anonymous Systems: IDBBs and ATSs
112,2024-05-01,5,2024,Municipal bonds_Banks,176.863,STRIP_MUNI,Municipal bonds,Banks
124,2024-05-01,5,2024,Municipal bonds_Institutional Clients,1903.832989,STRIP_MUNI,Municipal bonds,Institutional Clients
88,2024-05-01,5,2024,Municipal bonds_Investment Dealers,340.894,STRIP_MUNI,Municipal bonds,Investment Dealers
160,2024-05-01,5,2024,Municipal bonds_Issuer,17.689,STRIP_MUNI,Municipal bonds,Issuer
148,2024-05-01,5,2024,Municipal bonds_Non-Residents,488.735252,STRIP_MUNI,Municipal bonds,Non-Residents
136,2024-05-01,5,2024,Municipal bonds_Retail Clients,250.466918,STRIP_MUNI,Municipal bonds,Retail Clients
16,2024-05-01,5,2024,Strip Bond Trading (coupons and residuals)_Anonymous Systems: IDBBs and ATSs,30.690427,STRIP_MUNI,Strip Bond Trading (coupons and residuals),Anonymous Systems: IDBBs and ATSs
28,2024-05-01,5,2024,Strip Bond Trading (coupons and residuals)_Banks,90.294035,STRIP_MUNI,Strip Bond Trading (coupons and residuals),Banks
40,2024-05-01,5,2024,Strip Bond Trading (coupons and residuals)_Institutional Clients,3765.09551,STRIP_MUNI,Strip Bond Trading (coupons and residuals),Institutional Clients
4,2024-05-01,5,2024,Strip Bond Trading (coupons and residuals)_Investment Dealers,383.059763,STRIP_MUNI,Strip Bond Trading (coupons and residuals),Investment Dealers
76,2024-05-01,5,2024,Strip Bond Trading (coupons and residuals)_Issuer,37,STRIP_MUNI,Strip Bond Trading (coupons and residuals),Issuer
64,2024-05-01,5,2024,Strip Bond Trading (coupons and residuals)_Non-Residents,1127.428757,STRIP_MUNI,Strip Bond Trading (coupons and residuals),Non-Residents
52,2024-05-01,5,2024,Strip Bond Trading (coupons and residuals)_Retail Clients,275.142702,STRIP_MUNI,Strip Bond Trading (coupons and residuals),Retail Clients
101,2024-06-01,6,2024,Municipal bonds_Anonymous Systems: IDBBs and ATSs,1366.7855,STRIP_MUNI,Municipal bonds,Anonymous Systems: IDBBs and ATSs
113,2024-06-01,6,2024,Municipal bonds_Banks,79.31525,STRIP_MUNI,Municipal bonds,Banks
125,2024-06-01,6,2024,Municipal bonds_Institutional Clients,1891.438376,STRIP_MUNI,Municipal bonds,Institutional Clients
89,2024-06-01,6,2024,Municipal bonds_Investment Dealers,170.21995,STRIP_MUNI,Municipal bonds,Investment Dealers
161,2024-06-01,6,2024,Municipal bonds_Issuer,20.123,STRIP_MUNI,Municipal bonds,Issuer
149,2024-06-01,6,2024,Municipal bonds_Non-Residents,355.926687,STRIP_MUNI,Municipal bonds,Non-Residents
137,2024-06-01,6,2024,Municipal bonds_Retail Clients,449.002109,STRIP_MUNI,Municipal bonds,Retail Clients
17,2024-06-01,6,2024,Strip Bond Trading (coupons and residuals)_Anonymous Systems: IDBBs and ATSs,0.779739,STRIP_MUNI,Strip Bond Trading (coupons and residuals),Anonymous Systems: IDBBs and ATSs
29,2024-06-01,6,2024,Strip Bond Trading (coupons and residuals)_Banks,158.917179,STRIP_MUNI,Strip Bond Trading (coupons and residuals),Banks
41,2024-06-01,6,2024,Strip Bond Trading (coupons and residuals)_Institutional Clients,4488.374322,STRIP_MUNI,Strip Bond Trading (coupons and residuals),Institutional Clients
5,2024-06-01,6,2024,Strip Bond Trading (coupons and residuals)_Investment Dealers,156.944098,STRIP_MUNI,Strip Bond Trading (coupons and residuals),Investment Dealers
77,2024-06-01,6,2024,Strip Bond Trading (coupons and residuals)_Issuer,31.2,STRIP_MUNI,Strip Bond Trading (coupons and residuals),Issuer
65,2024-06-01,6,2024,Strip Bond Trading (coupons and residuals)_Non-Residents,721.002867,STRIP_MUNI,Strip Bond Trading (coupons and residuals),Non-Residents
53,2024-06-01,6,2024,Strip Bond Trading (coupons and residuals)_Retail Clients,354.575551,STRIP_MUNI,Strip Bond Trading (coupons and residuals),Retail Clients
102,2024-07-01,7,2024,Municipal bonds_Anonymous Systems: IDBBs and ATSs,1512.237,STRIP_MUNI,Municipal bonds,Anonymous Systems: IDBBs and ATSs
114,2024-07-01,7,2024,Municipal bonds_Banks,469.811,STRIP_MUNI,Municipal bonds,Banks
126,2024-07-01,7,2024,Municipal bonds_Institutional Clients,1745.221,STRIP_MUNI,Municipal bonds,Institutional Clients
90,2024-07-01,7,2024,Municipal bonds_Investment Dealers,300.279268,STRIP_MUNI,Municipal bonds,Investment Dealers
162,2024-07-01,7,2024,Municipal bonds_Issuer,31.967,STRIP_MUNI,Municipal bonds,Issuer
150,2024-07-01,7,2024,Municipal bonds_Non-Residents,234.360817,STRIP_MUNI,Municipal bonds,Non-Residents
138,2024-07-01,7,2024,Municipal bonds_Retail Clients,288.832585,STRIP_MUNI,Municipal bonds,Retail Clients
18,2024-07-01,7,2024,Strip Bond Trading (coupons and residuals)_Anonymous Systems: IDBBs and ATSs,73.386174,STRIP_MUNI,Strip Bond Trading (coupons and residuals),Anonymous Systems: IDBBs and ATSs
30,2024-07-01,7,2024,Strip Bond Trading (coupons and residuals)_Banks,95.970162,STRIP_MUNI,Strip Bond Trading (coupons and residuals),Banks
42,2024-07-01,7,2024,Strip Bond Trading (coupons and residuals)_Institutional Clients,2282.527129,STRIP_MUNI,Strip Bond Trading (coupons and residuals),Institutional Clients
6,2024-07-01,7,2024,Strip Bond Trading (coupons and residuals)_Investment Dealers,129.082875,STRIP_MUNI,Strip Bond Trading (coupons and residuals),Investment Dealers
78,2024-07-01,7,2024,Strip Bond Trading (coupons and residuals)_Issuer,0,STRIP_MUNI,Strip Bond Trading (coupons and residuals),Issuer
66,2024-07-01,7,2024,Strip Bond Trading (coupons and residuals)_Non-Residents,111.12294,STRIP_MUNI,Strip Bond Trading (coupons and residuals),Non-Residents
54,2024-07-01,7,2024,Strip Bond Trading (coupons and residuals)_Retail Clients,264.418873,STRIP_MUNI,Strip Bond Trading (coupons and residuals),Retail Clients
103,2024-08-01,8,2024,Municipal bonds_Anonymous Systems: IDBBs and ATSs,1336.719,STRIP_MUNI,Municipal bonds,Anonymous Systems: IDBBs and ATSs
115,2024-08-01,8,2024,Municipal bonds_Banks,135.8125,STRIP_MUNI,Municipal bonds,Banks
127,2024-08-01,8,2024,Municipal bonds_Institutional Clients,1356.239,STRIP_MUNI,Municipal bonds,Institutional Clients
91,2024-08-01,8,2024,Municipal bonds_Investment Dealers,232.88075,STRIP_MUNI,Municipal bonds,Investment Dealers
163,2024-08-01,8,2024,Municipal bonds_Issuer,54.619,STRIP_MUNI,Municipal bonds,Issuer
151,2024-08-01,8,2024,Municipal bonds_Non-Residents,188.415808,STRIP_MUNI,Municipal bonds,Non-Residents
139,2024-08-01,8,2024,Municipal bonds_Retail Clients,216.244685,STRIP_MUNI,Municipal bonds,Retail Clients
19,2024-08-01,8,2024,Strip Bond Trading (coupons and residuals)_Anonymous Systems: IDBBs and ATSs,0.416157,STRIP_MUNI,Strip Bond Trading (coupons and residuals),Anonymous Systems: IDBBs and ATSs
31,2024-08-01,8,2024,Strip Bond Trading (coupons and residuals)_Banks,57.144574,STRIP_MUNI,Strip Bond Trading (coupons and residuals),Banks
43,2024-08-01,8,2024,Strip Bond Trading (coupons and residuals)_Institutional Clients,3734.178608,STRIP_MUNI,Strip Bond Trading (coupons and residuals),Institutional Clients
7,2024-08-01,8,2024,Strip Bond Trading (coupons and residuals)_Investment Dealers,39.039526,STRIP_MUNI,Strip Bond Trading (coupons and residuals),Investment Dealers
79,2024-08-01,8,2024,Strip Bond Trading (coupons and residuals)_Issuer,31,STRIP_MUNI,Strip Bond Trading (coupons and residuals),Issuer
67,2024-08-01,8,2024,Strip Bond Trading (coupons and residuals)_Non-Residents,244.997771,STRIP_MUNI,Strip Bond Trading (coupons and residuals),Non-Residents
55,2024-08-01,8,2024,Strip Bond Trading (coupons and residuals)_Retail Clients,261.736503,STRIP_MUNI,Strip Bond Trading (coupons and residuals),Retail Clients
104,2024-09-01,9,2024,Municipal bonds_Anonymous Systems: IDBBs and ATSs,1494.243,STRIP_MUNI,Municipal bonds,Anonymous Systems: IDBBs and ATSs
116,2024-09-01,9,2024,Municipal bonds_Banks,146.622639,STRIP_MUNI,Municipal bonds,Banks
128,2024-09-01,9,2024,Municipal bonds_Institutional Clients,2121.347905,STRIP_MUNI,Municipal bonds,Institutional Clients
92,2024-09-01,9,2024,Municipal bonds_Investment Dealers,193.624431,STRIP_MUNI,Municipal bonds,Investment Dealers
164,2024-09-01,9,2024,Municipal bonds_Issuer,155.73,STRIP_MUNI,Municipal bonds,Issuer
152,2024-09-01,9,2024,Municipal bonds_Non-Residents,256.3688,STRIP_MUNI,Municipal bonds,Non-Residents
140,2024-09-01,9,2024,Municipal bonds_Retail Clients,240.497005,STRIP_MUNI,Municipal bonds,Retail Clients
20,2024-09-01,9,2024,Strip Bond Trading (coupons and residuals)_Anonymous Systems: IDBBs and ATSs,110.249953,STRIP_MUNI,Strip Bond Trading (coupons and residuals),Anonymous Systems: IDBBs and ATSs
32,2024-09-01,9,2024,Strip Bond Trading (coupons and residuals)_Banks,139.328055,STRIP_MUNI,Strip Bond Trading (coupons and residuals),Banks
44,2024-09-01,9,2024,Strip Bond Trading (coupons and residuals)_Institutional Clients,4672.829232,STRIP_MUNI,Strip Bond Trading (coupons and residuals),Institutional Clients
8,2024-09-01,9,2024,Strip Bond Trading (coupons and residuals)_Investment Dealers,212.784558,STRIP_MUNI,Strip Bond Trading (coupons and residuals),Investment Dealers
80,2024-09-01,9,2024,Strip Bond Trading (coupons and residuals)_Issuer,0,STRIP_MUNI,Strip Bond Trading (coupons and residuals),Issuer
68,2024-09-01,9,2024,Strip Bond Trading (coupons and residuals)_Non-Residents,500.790554,STRIP_MUNI,Strip Bond Trading (coupons and residuals),Non-Residents
56,2024-09-01,9,2024,Strip Bond Trading (coupons and residuals)_Retail Clients,306.312663,STRIP_MUNI,Strip Bond Trading (coupons and residuals),Retail Clients
105,2024-10-01,10,2024,Municipal bonds_Anonymous Systems: IDBBs and ATSs,1217.328,STRIP_MUNI,Municipal bonds,Anonymous Systems: IDBBs and ATSs
117,2024-10-01,10,2024,Municipal bonds_Banks,180.907,STRIP_MUNI,Municipal bonds,Banks
129,2024-10-01,10,2024,Municipal bonds_Institutional Clients,2178.5489,STRIP_MUNI,Municipal bonds,Institutional Clients
93,2024-10-01,10,2024,Municipal bonds_Investment Dealers,251.6326,STRIP_MUNI,Municipal bonds,Investment Dealers
165,2024-10-01,10,2024,Municipal bonds_Issuer,33.716,STRIP_MUNI,Municipal bonds,Issuer
153,2024-10-01,10,2024,Municipal bonds_Non-Residents,781.134676,STRIP_MUNI,Municipal bonds,Non-Residents
141,2024-10-01,10,2024,Municipal bonds_Retail Clients,268.977125,STRIP_MUNI,Municipal bonds,Retail Clients
21,2024-10-01,10,2024,Strip Bond Trading (coupons and residuals)_Anonymous Systems: IDBBs and ATSs,91.688468,STRIP_MUNI,Strip Bond Trading (coupons and residuals),Anonymous Systems: IDBBs and ATSs
33,2024-10-01,10,2024,Strip Bond Trading (coupons and residuals)_Banks,130.827764,STRIP_MUNI,Strip Bond Trading (coupons and residuals),Banks
45,2024-10-01,10,2024,Strip Bond Trading (coupons and residuals)_Institutional Clients,2654.799921,STRIP_MUNI,Strip Bond Trading (coupons and residuals),Institutional Clients
9,2024-10-01,10,2024,Strip Bond Trading (coupons and residuals)_Investment Dealers,258.371394,STRIP_MUNI,Strip Bond Trading (coupons and residuals),Investment Dealers
81,2024-10-01,10,2024,Strip Bond Trading (coupons and residuals)_Issuer,0,STRIP_MUNI,Strip Bond Trading (coupons and residuals),Issuer
69,2024-10-01,10,2024,Strip Bond Trading (coupons and residuals)_Non-Residents,114.052719,STRIP_MUNI,Strip Bond Trading (coupons and residuals),Non-Residents
57,2024-10-01,10,2024,Strip Bond Trading (coupons and residuals)_Retail Clients,233.074738,STRIP_MUNI,Strip Bond Trading (coupons and residuals),Retail Clients
106,2024-11-01,11,2024,Municipal bonds_Anonymous Systems: IDBBs and ATSs,1623.829,STRIP_MUNI,Municipal bonds,Anonymous Systems: IDBBs and ATSs
118,2024-11-01,11,2024,Municipal bonds_Banks,60.758,STRIP_MUNI,Municipal bonds,Banks
130,2024-11-01,11,2024,Municipal bonds_Institutional Clients,1951.221,STRIP_MUNI,Municipal bonds,Institutional Clients
94,2024-11-01,11,2024,Municipal bonds_Investment Dealers,237.88815,STRIP_MUNI,Municipal bonds,Investment Dealers
166,2024-11-01,11,2024,Municipal bonds_Issuer,69.004,STRIP_MUNI,Municipal bonds,Issuer
154,2024-11-01,11,2024,Municipal bonds_Non-Residents,371.83972,STRIP_MUNI,Municipal bonds,Non-Residents
142,2024-11-01,11,2024,Municipal bonds_Retail Clients,245.586831,STRIP_MUNI,Municipal bonds,Retail Clients
22,2024-11-01,11,2024,Strip Bond Trading (coupons and residuals)_Anonymous Systems: IDBBs and ATSs,20.518357,STRIP_MUNI,Strip Bond Trading (coupons and residuals),Anonymous Systems: IDBBs and ATSs
34,2024-11-01,11,2024,Strip Bond Trading (coupons and residuals)_Banks,3.493198,STRIP_MUNI,Strip Bond Trading (coupons and residuals),Banks
46,2024-11-01,11,2024,Strip Bond Trading (coupons and residuals)_Institutional Clients,3615.917629,STRIP_MUNI,Strip Bond Trading (coupons and residuals),Institutional Clients
10,2024-11-01,11,2024,Strip Bond Trading (coupons and residuals)_Investment Dealers,317.129116,STRIP_MUNI,Strip Bond Trading (coupons and residuals),Investment Dealers
82,2024-11-01,11,2024,Strip Bond Trading (coupons and residuals)_Issuer,0,STRIP_MUNI,Strip Bond Trading (coupons and residuals),Issuer
70,2024-11-01,11,2024,Strip Bond Trading (coupons and residuals)_Non-Residents,152.653213,STRIP_MUNI,Strip Bond Trading (coupons and residuals),Non-Residents
58,2024-11-01,11,2024,Strip Bond Trading (coupons and residuals)_Retail Clients,151.443682,STRIP_MUNI,Strip Bond Trading (coupons and residuals),Retail Clients
107,2024-12-01,12,2024,Municipal bonds_Anonymous Systems: IDBBs and ATSs,1002.757,STRIP_MUNI,Municipal bonds,Anonymous Systems: IDBBs and ATSs
119,2024-12-01,12,2024,Municipal bonds_Banks,32.539,STRIP_MUNI,Municipal bonds,Banks
131,2024-12-01,12,2024,Municipal bonds_Institutional Clients,1528.901,STRIP_MUNI,Municipal bonds,Institutional Clients
95,2024-12-01,12,2024,Municipal bonds_Investment Dealers,123.5935,STRIP_MUNI,Municipal bonds,Investment Dealers
167,2024-12-01,12,2024,Municipal bonds_Issuer,33.259,STRIP_MUNI,Municipal bonds,Issuer
155,2024-12-01,12,2024,Municipal bonds_Non-Residents,183.664143,STRIP_MUNI,Municipal bonds,Non-Residents
143,2024-12-01,12,2024,Municipal bonds_Retail Clients,309.066743,STRIP_MUNI,Municipal bonds,Retail Clients
23,2024-12-01,12,2024,Strip Bond Trading (coupons and residuals)_Anonymous Systems: IDBBs and ATSs,0.5147,STRIP_MUNI,Strip Bond Trading (coupons and residuals),Anonymous Systems: IDBBs and ATSs
35,2024-12-01,12,2024,Strip Bond Trading (coupons and residuals)_Banks,341.913224,STRIP_MUNI,Strip Bond Trading (coupons and residuals),Banks
47,2024-12-01,12,2024,Strip Bond Trading (coupons and residuals)_Institutional Clients,4108.995891,STRIP_MUNI,Strip Bond Trading (coupons and residuals),Institutional Clients
11,2024-12-01,12,2024,Strip Bond Trading (coupons and residuals)_Investment Dealers,493.074056,STRIP_MUNI,Strip Bond Trading (coupons and residuals),Investment Dealers
83,2024-12-01,12,2024,Strip Bond Trading (coupons and residuals)_Issuer,0,STRIP_MUNI,Strip Bond Trading (coupons and residuals),Issuer
71,2024-12-01,12,2024,Strip Bond Trading (coupons and residuals)_Non-Residents,409.968443,STRIP_MUNI,Strip Bond Trading (coupons and residuals),Non-Residents
59,2024-12-01,12,2024,Strip Bond Trading (coupons and residuals)_Retail Clients,268.949523,STRIP_MUNI,Strip Bond Trading (coupons and residuals),Retail Clients
96,2025-01-01,1,2025,Municipal bonds_Anonymous Systems: IDBBs and ATSs,1169.7525,STRIP_MUNI,Municipal bonds,Anonymous Systems: IDBBs and ATSs
108,2025-01-01,1,2025,Municipal bonds_Banks,138.623,STRIP_MUNI,Municipal bonds,Banks
120,2025-01-01,1,2025,Municipal bonds_Institutional Clients,2077.441925,STRIP_MUNI,Municipal bonds,Institutional Clients
84,2025-01-01,1,2025,Municipal bonds_Investment Dealers,268.9729,STRIP_MUNI,Municipal bonds,Investment Dealers
156,2025-01-01,1,2025,Municipal bonds_Issuer,12.623,STRIP_MUNI,Municipal bonds,Issuer
144,2025-01-01,1,2025,Municipal bonds_Non-Residents,415.32891,STRIP_MUNI,Municipal bonds,Non-Residents
132,2025-01-01,1,2025,Municipal bonds_Retail Clients,234.584062,STRIP_MUNI,Municipal bonds,Retail Clients
12,2025-01-01,1,2025,Strip Bond Trading (coupons and residuals)_Anonymous Systems: IDBBs and ATSs,0.453478,STRIP_MUNI,Strip Bond Trading (coupons and residuals),Anonymous Systems: IDBBs and ATSs
24,2025-01-01,1,2025,Strip Bond Trading (coupons and residuals)_Banks,33.067063,STRIP_MUNI,Strip Bond Trading (coupons and residuals),Banks
36,2025-01-01,1,2025,Strip Bond Trading (coupons and residuals)_Institutional Clients,2884.840661,STRIP_MUNI,Strip Bond Trading (coupons and residuals),Institutional Clients
0,2025-01-01,1,2025,Strip Bond Trading (coupons and residuals)_Investment Dealers,160.406543,STRIP_MUNI,Strip Bond Trading (coupons and residuals),Investment Dealers
72,2025-01-01,1,2025,Strip Bond Trading (coupons and residuals)_Issuer,0,STRIP_MUNI,Strip Bond Trading (coupons and residuals),Issuer
60,2025-01-01,1,2025,Strip Bond Trading (coupons and residuals)_Non-Residents,409.166737,STRIP_MUNI,Strip Bond Trading (coupons and residuals),Non-Residents
48,2025-01-01,1,2025,Strip Bond Trading (coupons and residuals)_Retail Clients,264.953295,STRIP_MUNI,Strip Bond Trading (coupons and residuals),Retail Clients
97,2025-02-01,2,2025,Municipal bonds_Anonymous Systems: IDBBs and ATSs,622.357,STRIP_MUNI,Municipal bonds,Anonymous Systems: IDBBs and ATSs
109,2025-02-01,2,2025,Municipal bonds_Banks,42.4495,STRIP_MUNI,Municipal bonds,Banks
121,2025-02-01,2,2025,Municipal bonds_Institutional Clients,1587.657118,STRIP_MUNI,Municipal bonds,Institutional Clients
85,2025-02-01,2,2025,Municipal bonds_Investment Dealers,154.82576,STRIP_MUNI,Municipal bonds,Investment Dealers
157,2025-02-01,2,2025,Municipal bonds_Issuer,9.794,STRIP_MUNI,Municipal bonds,Issuer
145,2025-02-01,2,2025,Municipal bonds_Non-Residents,338.384447,STRIP_MUNI,Municipal bonds,Non-Residents
133,2025-02-01,2,2025,Municipal bonds_Retail Clients,238.907638,STRIP_MUNI,Municipal bonds,Retail Clients
13,2025-02-01,2,2025,Strip Bond Trading (coupons and residuals)_Anonymous Systems: IDBBs and ATSs,0.265337,STRIP_MUNI,Strip Bond Trading (coupons and residuals),Anonymous Systems: IDBBs and ATSs
25,2025-02-01,2,2025,Strip Bond Trading (coupons and residuals)_Banks,280.880416,STRIP_MUNI,Strip Bond Trading (coupons and residuals),Banks
37,2025-02-01,2,2025,Strip Bond Trading (coupons and residuals)_Institutional Clients,4618.527906,STRIP_MUNI,Strip Bond Trading (coupons and residuals),Institutional Clients
1,2025-02-01,2,2025,Strip Bond Trading (coupons and residuals)_Investment Dealers,384.468732,STRIP_MUNI,Strip Bond Trading (coupons and residuals),Investment Dealers
73,2025-02-01,2,2025,Strip Bond Trading (coupons and residuals)_Issuer,63,STRIP_MUNI,Strip Bond Trading (coupons and residuals),Issuer
61,2025-02-01,2,2025,Strip Bond Trading (coupons and residuals)_Non-Residents,415.387892,STRIP_MUNI,Strip Bond Trading (coupons and residuals),Non-Residents
49,2025-02-01,2,2025,Strip Bond Trading (coupons and residuals)_Retail Clients,261.523891,STRIP_MUNI,Strip Bond Trading (coupons and residuals),Retail Clients
98,2025-03-01,3,2025,Municipal bonds_Anonymous Systems: IDBBs and ATSs,836.2915,STRIP_MUNI,Municipal bonds,Anonymous Systems: IDBBs and ATSs
110,2025-03-01,3,2025,Municipal bonds_Banks,163.687,STRIP_MUNI,Municipal bonds,Banks
122,2025-03-01,3,2025,Municipal bonds_Institutional Clients,1914.4623,STRIP_MUNI,Municipal bonds,Institutional Clients
86,2025-03-01,3,2025,Municipal bonds_Investment Dealers,266.62355,STRIP_MUNI,Municipal bonds,Investment Dealers
158,2025-03-01,3,2025,Municipal bonds_Issuer,19.15,STRIP_MUNI,Municipal bonds,Issuer
146,2025-03-01,3,2025,Municipal bonds_Non-Residents,272.212882,STRIP_MUNI,Municipal bonds,Non-Residents
134,2025-03-01,3,2025,Municipal bonds_Retail Clients,312.039586,STRIP_MUNI,Municipal bonds,Retail Clients
14,2025-03-01,3,2025,Strip Bond Trading (coupons and residuals)_Anonymous Systems: IDBBs and ATSs,0.08655,STRIP_MUNI,Strip Bond Trading (coupons and residuals),Anonymous Systems: IDBBs and ATSs
26,2025-03-01,3,2025,Strip Bond Trading (coupons and residuals)_Banks,173.418029,STRIP_MUNI,Strip Bond Trading (coupons and residuals),Banks
38,2025-03-01,3,2025,Strip Bond Trading (coupons and residuals)_Institutional Clients,3976.133365,STRIP_MUNI,Strip Bond Trading (coupons and residuals),Institutional Clients
2,2025-03-01,3,2025,Strip Bond Trading (coupons and residuals)_Investment Dealers,298.309695,STRIP_MUNI,Strip Bond Trading (coupons and residuals),Investment Dealers
74,2025-03-01,3,2025,Strip Bond Trading (coupons and residuals)_Issuer,0,STRIP_MUNI,Strip Bond Trading (coupons and residuals),Issuer
62,2025-03-01,3,2025,Strip Bond Trading (coupons and residuals)_Non-Residents,281.052321,STRIP_MUNI,Strip Bond Trading (coupons and residuals),Non-Residents
50,2025-03-01,3,2025,Strip Bond Trading (coupons and residuals)_Retail Clients,259.977656,STRIP_MUNI,Strip Bond Trading (coupons and residuals),Retail Clients
99,2025-04-01,4,2025,Municipal bonds_Anonymous Systems: IDBBs and ATSs,1620.2155,STRIP_MUNI,Municipal bonds,Anonymous Systems: IDBBs and ATSs
111,2025-04-01,4,2025,Municipal bonds_Banks,145.535352,STRIP_MUNI,Municipal bonds,Banks
123,2025-04-01,4,2025,Municipal bonds_Institutional Clients,2514.1055,STRIP_MUNI,Municipal bonds,Institutional Clients
87,2025-04-01,4,2025,Municipal bonds_Investment Dealers,379.415552,STRIP_MUNI,Municipal bonds,Investment Dealers
159,2025-04-01,4,2025,Municipal bonds_Issuer,0,STRIP_MUNI,Municipal bonds,Issuer
147,2025-04-01,4,2025,Municipal bonds_Non-Residents,828.289665,STRIP_MUNI,Municipal bonds,Non-Residents
135,2025-04-01,4,2025,Municipal bonds_Retail Clients,237.35179,STRIP_MUNI,Municipal bonds,Retail Clients
15,2025-04-01,4,2025,Strip Bond Trading (coupons and residuals)_Anonymous Systems: IDBBs and ATSs,16.591446,STRIP_MUNI,Strip Bond Trading (coupons and residuals),Anonymous Systems: IDBBs and ATSs
27,2025-04-01,4,2025,Strip Bond Trading (coupons and residuals)_Banks,65.032893,STRIP_MUNI,Strip Bond Trading (coupons and residuals),Banks
39,2025-04-01,4,2025,Strip Bond Trading (coupons and residuals)_Institutional Clients,3868.410627,STRIP_MUNI,Strip Bond Trading (coupons and residuals),Institutional Clients
3,2025-04-01,4,2025,Strip Bond Trading (coupons and residuals)_Investment Dealers,216.432317,STRIP_MUNI,Strip Bond Trading (coupons and residuals),Investment Dealers
75,2025-04-01,4,2025,Strip Bond Trading (coupons and residuals)_Issuer,0,STRIP_MUNI,Strip Bond Trading (coupons and residuals),Issuer
63,2025-04-01,4,2025,Strip Bond Trading (coupons and residuals)_Non-Residents,278.324868,STRIP_MUNI,Strip Bond Trading (coupons and residuals),Non-Residents
51,2025-04-01,4,2025,Strip Bond Trading (coupons and residuals)_Retail Clients,314.595296,STRIP_MUNI,Strip Bond Trading (coupons and residuals),Retail Clients
100,2025-05-01,5,2025,Municipal bonds_Anonymous Systems: IDBBs and ATSs,1204.5295,STRIP_MUNI,Municipal bonds,Anonymous Systems: IDBBs and ATSs
112,2025-05-01,5,2025,Municipal bonds_Banks,166.3497,STRIP_MUNI,Municipal bonds,Banks
124,2025-05-01,5,2025,Municipal bonds_Institutional Clients,2751.358733,STRIP_MUNI,Municipal bonds,Institutional Clients
88,2025-05-01,5,2025,Municipal bonds_Investment Dealers,268.86915,STRIP_MUNI,Municipal bonds,Investment Dealers
160,2025-05-01,5,2025,Municipal bonds_Issuer,21.8,STRIP_MUNI,Municipal bonds,Issuer
148,2025-05-01,5,2025,Municipal bonds_Non-Residents,614.599953,STRIP_MUNI,Municipal bonds,Non-Residents
136,2025-05-01,5,2025,Municipal bonds_Retail Clients,241.629351,STRIP_MUNI,Municipal bonds,Retail Clients
16,2025-05-01,5,2025,Strip Bond Trading (coupons and residuals)_Anonymous Systems: IDBBs and ATSs,50.743474,STRIP_MUNI,Strip Bond Trading (coupons and residuals),Anonymous Systems: IDBBs and ATSs
28,2025-05-01,5,2025,Strip Bond Trading (coupons and residuals)_Banks,88.983206,STRIP_MUNI,Strip Bond Trading (coupons and residuals),Banks
40,2025-05-01,5,2025,Strip Bond Trading (coupons and residuals)_Institutional Clients,5636.796173,STRIP_MUNI,Strip Bond Trading (coupons and residuals),Institutional Clients
4,2025-05-01,5,2025,Strip Bond Trading (coupons and residuals)_Investment Dealers,427.080791,STRIP_MUNI,Strip Bond Trading (coupons and residuals),Investment Dealers
76,2025-05-01,5,2025,Strip Bond Trading (coupons and residuals)_Issuer,157.928396,STRIP_MUNI,Strip Bond Trading (coupons and residuals),Issuer
64,2025-05-01,5,2025,Strip Bond Trading (coupons and residuals)_Non-Residents,339.220993,STRIP_MUNI,Strip Bond Trading (coupons and residuals),Non-Residents
52,2025-05-01,5,2025,Strip Bond Trading (coupons and residuals)_Retail Clients,243.803065,STRIP_MUNI,Strip Bond Trading (coupons and residuals),Retail Clients
101,2025-06-01,6,2025,Municipal bonds_Anonymous Systems: IDBBs and ATSs,875.1435,STRIP_MUNI,Municipal bonds,Anonymous Systems: IDBBs and ATSs
113,2025-06-01,6,2025,Municipal bonds_Banks,68.757,STRIP_MUNI,Municipal bonds,Banks
125,2025-06-01,6,2025,Municipal bonds_Institutional Clients,2610.93069,STRIP_MUNI,Municipal bonds,Institutional Clients
89,2025-06-01,6,2025,Municipal bonds_Investment Dealers,184.7741,STRIP_MUNI,Municipal bonds,Investment Dealers
161,2025-06-01,6,2025,Municipal bonds_Issuer,12.861,STRIP_MUNI,Municipal bonds,Issuer
149,2025-06-01,6,2025,Municipal bonds_Non-Residents,814.782985,STRIP_MUNI,Municipal bonds,Non-Residents
137,2025-06-01,6,2025,Municipal bonds_Retail Clients,257.681416,STRIP_MUNI,Municipal bonds,Retail Clients
17,2025-06-01,6,2025,Strip Bond Trading (coupons and residuals)_Anonymous Systems: IDBBs and ATSs,70.164371,STRIP_MUNI,Strip Bond Trading (coupons and residuals),Anonymous Systems: IDBBs and ATSs
29,2025-06-01,6,2025,Strip Bond Trading (coupons and residuals)_Banks,184.115237,STRIP_MUNI,Strip Bond Trading (coupons and residuals),Banks
41,2025-06-01,6,2025,Strip Bond Trading (coupons and residuals)_Institutional Clients,6978.136282,STRIP_MUNI,Strip Bond Trading (coupons and residuals),Institutional Clients
5,2025-06-01,6,2025,Strip Bond Trading (coupons and residuals)_Investment Dealers,406.564542,STRIP_MUNI,Strip Bond Trading (coupons and residuals),Investment Dealers
77,2025-06-01,6,2025,Strip Bond Trading (coupons and residuals)_Issuer,0,STRIP_MUNI,Strip Bond Trading (coupons and residuals),Issuer
65,2025-06-01,6,2025,Strip Bond Trading (coupons and residuals)_Non-Residents,515.322922,STRIP_MUNI,Strip Bond Trading (coupons and residuals),Non-Residents
53,2025-06-01,6,2025,Strip Bond Trading (coupons and residuals)_Retail Clients,300.675344,STRIP_MUNI,Strip Bond Trading (coupons and residuals),Retail Clients
102,2025-07-01,7,2025,Municipal bonds_Anonymous Systems: IDBBs and ATSs,625.5305,STRIP_MUNI,Municipal bonds,Anonymous Systems: IDBBs and ATSs
114,2025-07-01,7,2025,Municipal bonds_Banks,116.822,STRIP_MUNI,Municipal bonds,Banks
126,2025-07-01,7,2025,Municipal bonds_Institutional Clients,1621.946039,STRIP_MUNI,Municipal bonds,Institutional Clients
90,2025-07-01,7,2025,Municipal bonds_Investment Dealers,174.2087,STRIP_MUNI,Municipal bonds,Investment Dealers
162,2025-07-01,7,2025,Municipal bonds_Issuer,0,STRIP_MUNI,Municipal bonds,Issuer
150,2025-07-01,7,2025,Municipal bonds_Non-Residents,390.865056,STRIP_MUNI,Municipal bonds,Non-Residents
138,2025-07-01,7,2025,Municipal bonds_Retail Clients,268.438327,STRIP_MUNI,Municipal bonds,Retail Clients
18,2025-07-01,7,2025,Strip Bond Trading (coupons and residuals)_Anonymous Systems: IDBBs and ATSs,144.3685,STRIP_MUNI,Strip Bond Trading (coupons and residuals),Anonymous Systems: IDBBs and ATSs
30,2025-07-01,7,2025,Strip Bond Trading (coupons and residuals)_Banks,232.03185,STRIP_MUNI,Strip Bond Trading (coupons and residuals),Banks
42,2025-07-01,7,2025,Strip Bond Trading (coupons and residuals)_Institutional Clients,4376.755539,STRIP_MUNI,Strip Bond Trading (coupons and residuals),Institutional Clients
6,2025-07-01,7,2025,Strip Bond Trading (coupons and residuals)_Investment Dealers,274.230465,STRIP_MUNI,Strip Bond Trading (coupons and residuals),Investment Dealers
78,2025-07-01,7,2025,Strip Bond Trading (coupons and residuals)_Issuer,0,STRIP_MUNI,Strip Bond Trading (coupons and residuals),Issuer
66,2025-07-01,7,2025,Strip Bond Trading (coupons and residuals)_Non-Residents,200.687438,STRIP_MUNI,Strip Bond Trading (coupons and residuals),Non-Residents
54,2025-07-01,7,2025,Strip Bond Trading (coupons and residuals)_Retail Clients,392.487381,STRIP_MUNI,Strip Bond Trading (coupons and residuals),Retail Clients
103,2025-08-01,8,2025,Municipal bonds_Anonymous Systems: IDBBs and ATSs,714.5635,STRIP_MUNI,Municipal bonds,Anonymous Systems: IDBBs and ATSs
115,2025-08-01,8,2025,Municipal bonds_Banks,147.295,STRIP_MUNI,Municipal bonds,Banks
127,2025-08-01,8,2025,Municipal bonds_Institutional Clients,1346.496,STRIP_MUNI,Municipal bonds,Institutional Clients
91,2025-08-01,8,2025,Municipal bonds_Investment Dealers,84.940085,STRIP_MUNI,Municipal bonds,Investment Dealers
163,2025-08-01,8,2025,Municipal bonds_Issuer,0,STRIP_MUNI,Municipal bonds,Issuer
151,2025-08-01,8,2025,Municipal bonds_Non-Residents,228.304124,STRIP_MUNI,Municipal bonds,Non-Residents
139,2025-08-01,8,2025,Municipal bonds_Retail Clients,196.40764,STRIP_MUNI,Municipal bonds,Retail Clients
19,2025-08-01,8,2025,Strip Bond Trading (coupons and residuals)_Anonymous Systems: IDBBs and ATSs,60.132682,STRIP_MUNI,Strip Bond Trading (coupons and residuals),Anonymous Systems: IDBBs and ATSs
31,2025-08-01,8,2025,Strip Bond Trading (coupons and residuals)_Banks,199.711983,STRIP_MUNI,Strip Bond Trading (coupons and residuals),Banks
43,2025-08-01,8,2025,Strip Bond Trading (coupons and residuals)_Institutional Clients,5129.595642,STRIP_MUNI,Strip Bond Trading (coupons and residuals),Institutional Clients
7,2025-08-01,8,2025,Strip Bond Trading (coupons and residuals)_Investment Dealers,277.308734,STRIP_MUNI,Strip Bond Trading (coupons and residuals),Investment Dealers
79,2025-08-01,8,2025,Strip Bond Trading (coupons and residuals)_Issuer,0,STRIP_MUNI,Strip Bond Trading (coupons and residuals),Issuer
67,2025-08-01,8,2025,Strip Bond Trading (coupons and residuals)_Non-Residents,312.396959,STRIP_MUNI,Strip Bond Trading (coupons and residuals),Non-Residents
55,2025-08-01,8,2025,Strip Bond Trading (coupons and residuals)_Retail Clients,209.362942,STRIP_MUNI,Strip Bond Trading (coupons and residuals),Retail Clients
104,2025-09-01,9,2025,Municipal bonds_Anonymous Systems: IDBBs and ATSs,817.29,STRIP_MUNI,Municipal bonds,Anonymous Systems: IDBBs and ATSs
116,2025-09-01,9,2025,Municipal bonds_Banks,103.379,STRIP_MUNI,Municipal bonds,Banks
128,2025-09-01,9,2025,Municipal bonds_Institutional Clients,1696.2319,STRIP_MUNI,Municipal bonds,Institutional Clients
92,2025-09-01,9,2025,Municipal bonds_Investment Dealers,255.41515,STRIP_MUNI,Municipal bonds,Investment Dealers
164,2025-09-01,9,2025,Municipal bonds_Issuer,0,STRIP_MUNI,Municipal bonds,Issuer
152,2025-09-01,9,2025,Municipal bonds_Non-Residents,393.881421,STRIP_MUNI,Municipal bonds,Non-Residents
140,2025-09-01,9,2025,Municipal bonds_Retail Clients,237.407489,STRIP_MUNI,Municipal bonds,Retail Clients
20,2025-09-01,9,2025,Strip Bond Trading (coupons and residuals)_Anonymous Systems: IDBBs and ATSs,0.957636,STRIP_MUNI,Strip Bond Trading (coupons and residuals),Anonymous Systems: IDBBs and ATSs
32,2025-09-01,9,2025,Strip Bond Trading (coupons and residuals)_Banks,34.480215,STRIP_MUNI,Strip Bond Trading (coupons and residuals),Banks
44,2025-09-01,9,2025,Strip Bond Trading (coupons and residuals)_Institutional Clients,4572.231763,STRIP_MUNI,Strip Bond Trading (coupons and residuals),Institutional Clients
8,2025-09-01,9,2025,Strip Bond Trading (coupons and residuals)_Investment Dealers,274.043762,STRIP_MUNI,Strip Bond Trading (coupons and residuals),Investment Dealers
80,2025-09-01,9,2025,Strip Bond Trading (coupons and residuals)_Issuer,0,STRIP_MUNI,Strip Bond Trading (coupons and residuals),Issuer
68,2025-09-01,9,2025,Strip Bond Trading (coupons and residuals)_Non-Residents,48.304183,STRIP_MUNI,Strip Bond Trading (coupons and residuals),Non-Residents
56,2025-09-01,9,2025,Strip Bond Trading (coupons and residuals)_Retail Clients,209.389221,STRIP_MUNI,Strip Bond Trading (coupons and residuals),Retail Clients
105,2025-10-01,10,2025,Municipal bonds_Anonymous Systems: IDBBs and ATSs,723.264,STRIP_MUNI,Municipal bonds,Anonymous Systems: IDBBs and ATSs
117,2025-10-01,10,2025,Municipal bonds_Banks,312.87,STRIP_MUNI,Municipal bonds,Banks
129,2025-10-01,10,2025,Municipal bonds_Institutional Clients,2105.962525,STRIP_MUNI,Municipal bonds,Institutional Clients
93,2025-10-01,10,2025,Municipal bonds_Investment Dealers,428.86615,STRIP_MUNI,Municipal bonds,Investment Dealers
165,2025-10-01,10,2025,Municipal bonds_Issuer,0,STRIP_MUNI,Municipal bonds,Issuer
153,2025-10-01,10,2025,Municipal bonds_Non-Residents,284.553582,STRIP_MUNI,Municipal bonds,Non-Residents
141,2025-10-01,10,2025,Municipal bonds_Retail Clients,249.320822,STRIP_MUNI,Municipal bonds,Retail Clients
21,2025-10-01,10,2025,Strip Bond Trading (coupons and residuals)_Anonymous Systems: IDBBs and ATSs,28.086437,STRIP_MUNI,Strip Bond Trading (coupons and residuals),Anonymous Systems: IDBBs and ATSs
33,2025-10-01,10,2025,Strip Bond Trading (coupons and residuals)_Banks,139.336541,STRIP_MUNI,Strip Bond Trading (coupons and residuals),Banks
45,2025-10-01,10,2025,Strip Bond Trading (coupons and residuals)_Institutional Clients,4797.237935,STRIP_MUNI,Strip Bond Trading (coupons and residuals),Institutional Clients
9,2025-10-01,10,2025,Strip Bond Trading (coupons and residuals)_Investment Dealers,502.086959,STRIP_MUNI,Strip Bond Trading (coupons and residuals),Investment Dealers
81,2025-10-01,10,2025,Strip Bond Trading (coupons and residuals)_Issuer,80,STRIP_MUNI,Strip Bond Trading (coupons and residuals),Issuer
69,2025-10-01,10,2025,Strip Bond Trading (coupons and residuals)_Non-Residents,546.590152,STRIP_MUNI,Strip Bond Trading (coupons and residuals),Non-Residents
57,2025-10-01,10,2025,Strip Bond Trading (coupons and residuals)_Retail Clients,255.970862,STRIP_MUNI,Strip Bond Trading (coupons and residuals),Retail Clients
106,2025-11-01,11,2025,Municipal bonds_Anonymous Systems: IDBBs and ATSs,551.307,STRIP_MUNI,Municipal bonds,Anonymous Systems: IDBBs and ATSs
118,2025-11-01,11,2025,Municipal bonds_Banks,131.03,STRIP_MUNI,Municipal bonds,Banks
130,2025-11-01,11,2025,Municipal bonds_Institutional Clients,1728.630335,STRIP_MUNI,Municipal bonds,Institutional Clients
94,2025-11-01,11,2025,Municipal bonds_Investment Dealers,298.93125,STRIP_MUNI,Municipal bonds,Investment Dealers
166,2025-11-01,11,2025,Municipal bonds_Issuer,0,STRIP_MUNI,Municipal bonds,Issuer
154,2025-11-01,11,2025,Municipal bonds_Non-Residents,197.838662,STRIP_MUNI,Municipal bonds,Non-Residents
142,2025-11-01,11,2025,Municipal bonds_Retail Clients,266.373373,STRIP_MUNI,Municipal bonds,Retail Clients
22,2025-11-01,11,2025,Strip Bond Trading (coupons and residuals)_Anonymous Systems: IDBBs and ATSs,0.163322,STRIP_MUNI,Strip Bond Trading (coupons and residuals),Anonymous Systems: IDBBs and ATSs
34,2025-11-01,11,2025,Strip Bond Trading (coupons and residuals)_Banks,75.798835,STRIP_MUNI,Strip Bond Trading (coupons and residuals),Banks
46,2025-11-01,11,2025,Strip Bond Trading (coupons and residuals)_Institutional Clients,3374.498235,STRIP_MUNI,Strip Bond Trading (coupons and residuals),Institutional Clients
10,2025-11-01,11,2025,Strip Bond Trading (coupons and residuals)_Investment Dealers,438.985325,STRIP_MUNI,Strip Bond Trading (coupons and residuals),Investment Dealers
82,2025-11-01,11,2025,Strip Bond Trading (coupons and residuals)_Issuer,0,STRIP_MUNI,Strip Bond Trading (coupons and residuals),Issuer
70,2025-11-01,11,2025,Strip Bond Trading (coupons and residuals)_Non-Residents,1197.435673,STRIP_MUNI,Strip Bond Trading (coupons and residuals),Non-Residents
58,2025-11-01,11,2025,Strip Bond Trading (coupons and residuals)_Retail Clients,173.899961,STRIP_MUNI,Strip Bond Trading (coupons and residuals),Retail Clients
107,2025-12-01,12,2025,Municipal bonds_Anonymous Systems: IDBBs and ATSs,454.2675,STRIP_MUNI,Municipal bonds,Anonymous Systems: IDBBs and ATSs
119,2025-12-01,12,2025,Municipal bonds_Banks,69.7135,STRIP_MUNI,Municipal bonds,Banks
131,2025-12-01,12,2025,Municipal bonds_Institutional Clients,1238.981,STRIP_MUNI,Municipal bonds,Institutional Clients
95,2025-12-01,12,2025,Municipal bonds_Investment Dealers,167.53725,STRIP_MUNI,Municipal bonds,Investment Dealers
167,2025-12-01,12,2025,Municipal bonds_Issuer,0,STRIP_MUNI,Municipal bonds,Issuer
155,2025-12-01,12,2025,Municipal bonds_Non-Residents,296.47206,STRIP_MUNI,Municipal bonds,Non-Residents
143,2025-12-01,12,2025,Municipal bonds_Retail Clients,375.121615,STRIP_MUNI,Municipal bonds,Retail Clients
23,2025-12-01,12,2025,Strip Bond Trading (coupons and residuals)_Anonymous Systems: IDBBs and ATSs,0.462065,STRIP_MUNI,Strip Bond Trading (coupons and residuals),Anonymous Systems: IDBBs and ATSs
35,2025-12-01,12,2025,Strip Bond Trading (coupons and residuals)_Banks,256.426261,STRIP_MUNI,Strip Bond Trading (coupons and residuals),Banks
47,2025-12-01,12,2025,Strip Bond Trading (coupons and residuals)_Institutional Clients,6169.603123,STRIP_MUNI,Strip Bond Trading (coupons and residuals),Institutional Clients
11,2025-12-01,12,2025,Strip Bond Trading (coupons and residuals)_Investment Dealers,244.154925,STRIP_MUNI,Strip Bond Trading (coupons and residuals),Investment Dealers
83,2025-12-01,12,2025,Strip Bond Trading (coupons and residuals)_Issuer,0,STRIP_MUNI,Strip Bond Trading (coupons and residuals),Issuer
71,2025-12-01,12,2025,Strip Bond Trading (coupons and residuals)_Non-Residents,1589.351763,STRIP_MUNI,Strip Bond Trading (coupons and residuals),Non-Residents
59,2025-12-01,12,2025,Strip Bond Trading (coupons and residuals)_Retail Clients,326.914624,STRIP_MUNI,Strip Bond Trading (coupons and residuals),Retail Clients
